{"type":"FeatureCollection","features":[{"type":"Feature","properties":{"ZONA":"ZIE-2"},"geometry":{"type":"MultiPolygon","coordinates":[[[[-70.46389,-33.33557],[-70.4648,-33.33593],[-70.4645,-33.33631],[-70.46389,-33.33557]]],[[[-70.51077,-33.36765],[-70.51112,-33.367],[-70.51218,-33.36745],[-70.51178,-33.36811],[-70.51077,-33.36765]]],[[[-70.51372,-33.36813],[-70.51354,-33.3686],[-70.51219,-33.36823],[-70.51245,-33.36781],[-70.51372,-33.36813]]],[[[-70.51829,-33.36829],[-70.51872,-33.36783],[-70.51962,-33.36905],[-70.51829,-33.36829]]],[[[-70.51194,-33.36825],[-70.51222,-33.36775],[-70.51219,-33.36823],[-70.51354,-33.3686],[-70.51377,-33.36814],[-70.51356,-33.36873],[-70.51194,-33.36825]]],[[[-70.53922,-33.32135],[-70.54024,-33.3209],[-70.53953,-33.32161],[-70.53922,-33.32135]]],[[[-70.54824,-33.32964],[-70.54835,-33.32921],[-70.54889,-33.32941],[-70.5492,-33.33002],[-70.54824,-33.32964]]],[[[-70.47657,-33.36363],[-70.47981,-33.36221],[-70.48175,-33.36348],[-70.48542,-33.36364],[-70.48537,-33.36437],[-70.48427,-33.36419],[-70.48301,-33.36481],[-70.48072,-33.36411],[-70.47756,-33.36423],[-70.47657,-33.36363]]],[[[-70.47676,-33.36413],[-70.48072,-33.36411],[-70.48299,-33.36481],[-70.48427,-33.36419],[-70.48537,-33.36437],[-70.48425,-33.36431],[-70.48298,-33.36492],[-70.4807,-33.36422],[-70.47676,-33.36413]]],[[[-70.52728,-33.32959],[-70.52771,-33.32873],[-70.52941,-33.32862],[-70.52807,-33.3299],[-70.52796,-33.3307],[-70.52728,-33.32959]]]]}},{"type":"Feature","properties":{"ZONA":"ZHE-6"},"geometry":{"type":"MultiPolygon","coordinates":[[[[-70.52116,-33.34601],[-70.52063,-33.34205],[-70.5212,-33.34206],[-70.52173,-33.34595],[-70.52116,-33.34601]]]]}},{"type":"Feature","properties":{"ZONA":"ZHE-2-DC1"},"geometry":{"type":"MultiPolygon","coordinates":[[[[-70.55188,-33.33151],[-70.55166,-33.33121],[-70.55458,-33.32914],[-70.55412,-33.32792],[-70.55595,-33.32751],[-70.55571,-33.32828],[-70.55616,-33.32913],[-70.55489,-33.33027],[-70.55581,-33.3308],[-70.55571,-33.33152],[-70.55542,-33.33175],[-70.5549,-33.33123],[-70.55347,-33.33219],[-70.55188,-33.33151]]],[[[-70.53166,-33.32489],[-70.53307,-33.3249],[-70.53364,-33.32566],[-70.53313,-33.32907],[-70.53194,-33.33004],[-70.53177,-33.32969],[-70.53277,-33.32848],[-70.53259,-33.32719],[-70.53324,-33.32576],[-70.53254,-33.3251],[-70.53241,-33.32568],[-70.53127,-33.32581],[-70.53166,-33.32489]]],[[[-70.55628,-33.324],[-70.55831,-33.32568],[-70.55677,-33.32666],[-70.55541,-33.3256],[-70.55373,-33.32651],[-70.5544,-33.32499],[-70.55648,-33.32435],[-70.55628,-33.324]]],[[[-70.56365,-33.31803],[-70.56482,-33.31741],[-70.56303,-33.31877],[-70.56275,-33.31844],[-70.56293,-33.31797],[-70.56365,-33.31803]]],[[[-70.5733,-33.31267],[-70.57399,-33.3117],[-70.57475,-33.31312],[-70.5733,-33.31267]]],[[[-70.56717,-33.31509],[-70.56721,-33.31355],[-70.56488,-33.31181],[-70.56678,-33.31233],[-70.56795,-33.31329],[-70.57054,-33.31329],[-70.56777,-33.31388],[-70.56717,-33.31509]]],[[[-70.54035,-33.31268],[-70.54218,-33.31339],[-70.54029,-33.31391],[-70.53995,-33.31352],[-70.54035,-33.31268]]],[[[-70.5408,-33.31534],[-70.54319,-33.31524],[-70.54178,-33.31542],[-70.54186,-33.31604],[-70.5408,-33.31534]]],[[[-70.5686,-33.34358],[-70.56953,-33.34327],[-70.56955,-33.34463],[-70.56901,-33.34503],[-70.56922,-33.34573],[-70.56862,-33.34539],[-70.56895,-33.34455],[-70.5686,-33.34358]]],[[[-70.5664,-33.34297],[-70.5682,-33.34239],[-70.56957,-33.3425],[-70.56709,-33.34368],[-70.5664,-33.34297]]],[[[-70.56118,-33.31602],[-70.5635,-33.31545],[-70.5641,-33.31688],[-70.5627,-33.3175],[-70.56118,-33.31602]]],[[[-70.56095,-33.31623],[-70.5625,-33.31757],[-70.56178,-33.31815],[-70.56095,-33.31623]]],[[[-70.5647,-33.31198],[-70.56669,-33.31323],[-70.5672,-33.31444],[-70.56618,-33.31582],[-70.56426,-33.31614],[-70.56449,-33.31503],[-70.56576,-33.31387],[-70.5647,-33.31198]]],[[[-70.55603,-33.34466],[-70.55818,-33.34293],[-70.56039,-33.34226],[-70.56088,-33.34168],[-70.56121,-33.34234],[-70.56495,-33.34406],[-70.56585,-33.34493],[-70.56349,-33.34467],[-70.56285,-33.3437],[-70.56086,-33.34315],[-70.55823,-33.34361],[-70.55636,-33.3449],[-70.55603,-33.34466]]],[[[-70.53735,-33.34098],[-70.53834,-33.33942],[-70.54029,-33.33943],[-70.54023,-33.33998],[-70.53921,-33.34002],[-70.53854,-33.34065],[-70.53669,-33.34408],[-70.53349,-33.34558],[-70.53149,-33.3474],[-70.52856,-33.34722],[-70.52923,-33.345],[-70.53135,-33.34418],[-70.53203,-33.34272],[-70.53465,-33.34384],[-70.53617,-33.34292],[-70.53735,-33.34098]]],[[[-70.52569,-33.3192],[-70.52719,-33.3175],[-70.52871,-33.31875],[-70.52776,-33.31919],[-70.52669,-33.32067],[-70.52648,-33.31964],[-70.52569,-33.3192]]],[[[-70.53544,-33.31223],[-70.53611,-33.31246],[-70.53623,-33.3118],[-70.53664,-33.31372],[-70.5362,-33.31481],[-70.53496,-33.31365],[-70.53505,-33.31244],[-70.53544,-33.31223]]],[[[-70.53665,-33.30941],[-70.53665,-33.30852],[-70.53738,-33.30795],[-70.53764,-33.30908],[-70.53697,-33.3101],[-70.53665,-33.30941]]],[[[-70.5295,-33.32933],[-70.53025,-33.3284],[-70.53014,-33.32985],[-70.53111,-33.33033],[-70.5299,-33.33076],[-70.5295,-33.32933]]],[[[-70.55188,-33.33151],[-70.55347,-33.33219],[-70.55454,-33.33148],[-70.55542,-33.33175],[-70.55449,-33.33164],[-70.55337,-33.3324],[-70.55188,-33.33151]]],[[[-70.50109,-33.33141],[-70.50183,-33.3279],[-70.50118,-33.33134],[-70.50305,-33.33371],[-70.50087,-33.33549],[-70.50288,-33.33357],[-70.50109,-33.33141]]],[[[-70.53166,-33.32489],[-70.53302,-33.32476],[-70.53377,-33.32565],[-70.53326,-33.32911],[-70.53199,-33.33016],[-70.53317,-33.32898],[-70.53364,-33.32566],[-70.53307,-33.3249],[-70.53166,-33.32489]]],[[[-70.56619,-33.31639],[-70.56732,-33.3164],[-70.5656,-33.3168],[-70.56454,-33.31813],[-70.56315,-33.31892],[-70.56619,-33.31639]]],[[[-70.57133,-33.31417],[-70.57407,-33.31404],[-70.57034,-33.31448],[-70.57133,-33.31417]]],[[[-70.5559,-33.34458],[-70.55808,-33.34282],[-70.56033,-33.34214],[-70.56081,-33.34149],[-70.56047,-33.34222],[-70.55901,-33.34247],[-70.5559,-33.34458]]],[[[-70.53492,-33.31589],[-70.53387,-33.31323],[-70.53471,-33.31058],[-70.534,-33.31323],[-70.53492,-33.31589]]],[[[-70.5147,-33.32231],[-70.51708,-33.32055],[-70.51734,-33.32109],[-70.5147,-33.32231]]],[[[-70.56787,-33.31526],[-70.56819,-33.31425],[-70.56894,-33.31386],[-70.57164,-33.31368],[-70.5729,-33.31309],[-70.57488,-33.31354],[-70.57394,-33.31398],[-70.56993,-33.31415],[-70.56787,-33.31526]]],[[[-70.5005,-33.32483],[-70.50119,-33.32424],[-70.50071,-33.32343],[-70.50358,-33.32322],[-70.50357,-33.32428],[-70.5005,-33.32483]]],[[[-70.50508,-33.32591],[-70.50958,-33.33034],[-70.51029,-33.32975],[-70.50996,-33.3265],[-70.51107,-33.32534],[-70.51119,-33.32619],[-70.51022,-33.32886],[-70.51068,-33.33014],[-70.50998,-33.33228],[-70.50916,-33.33054],[-70.50618,-33.32842],[-70.50508,-33.32591]]],[[[-70.53427,-33.31037],[-70.53471,-33.31058],[-70.53388,-33.3134],[-70.53492,-33.31589],[-70.53377,-33.31568],[-70.53198,-33.31369],[-70.53361,-33.3146],[-70.53427,-33.31037]]],[[[-70.54436,-33.31194],[-70.54583,-33.31222],[-70.54376,-33.31302],[-70.54386,-33.31217],[-70.54436,-33.31194]]],[[[-70.50503,-33.32574],[-70.50455,-33.3253],[-70.50449,-33.32259],[-70.50548,-33.32475],[-70.50806,-33.32734],[-70.50948,-33.32503],[-70.51044,-33.32435],[-70.51064,-33.32285],[-70.51118,-33.325],[-70.50976,-33.32656],[-70.51001,-33.32996],[-70.50912,-33.33004],[-70.50756,-33.32772],[-70.50503,-33.32574]]],[[[-70.55896,-33.34354],[-70.56086,-33.34315],[-70.56216,-33.34421],[-70.56087,-33.34447],[-70.55896,-33.34354]]],[[[-70.52961,-33.31474],[-70.53036,-33.31513],[-70.53145,-33.31481],[-70.53157,-33.31378],[-70.5335,-33.31583],[-70.53278,-33.31622],[-70.53149,-33.31576],[-70.5327,-33.31643],[-70.53197,-33.31749],[-70.52961,-33.31474]]],[[[-70.56463,-33.31704],[-70.56477,-33.31638],[-70.56619,-33.31639],[-70.56463,-33.31704]]],[[[-70.55809,-33.3344],[-70.55928,-33.33418],[-70.56221,-33.33577],[-70.56353,-33.33451],[-70.56522,-33.33386],[-70.56596,-33.33413],[-70.565,-33.33554],[-70.56201,-33.33667],[-70.55809,-33.3344]]],[[[-70.55799,-33.33447],[-70.56202,-33.33668],[-70.56176,-33.3372],[-70.5594,-33.33785],[-70.55972,-33.33869],[-70.56143,-33.33976],[-70.56122,-33.34112],[-70.56125,-33.33979],[-70.55959,-33.33879],[-70.55923,-33.33783],[-70.56189,-33.33668],[-70.55799,-33.33447]]],[[[-70.56147,-33.34176],[-70.56124,-33.3412],[-70.566,-33.34363],[-70.56426,-33.34335],[-70.56147,-33.34176]]],[[[-70.50503,-33.32574],[-70.50756,-33.32772],[-70.50956,-33.33019],[-70.51012,-33.32973],[-70.50979,-33.32646],[-70.51118,-33.325],[-70.50993,-33.32659],[-70.51016,-33.33004],[-70.50898,-33.33014],[-70.50769,-33.32808],[-70.50503,-33.32574]]],[[[-70.52559,-33.3198],[-70.52641,-33.32017],[-70.52631,-33.32101],[-70.52505,-33.32218],[-70.52428,-33.32145],[-70.52559,-33.32077],[-70.52559,-33.3198]]],[[[-70.51951,-33.32236],[-70.51991,-33.32169],[-70.52107,-33.32194],[-70.52092,-33.32292],[-70.51951,-33.32236]]],[[[-70.51867,-33.32186],[-70.5182,-33.32104],[-70.51959,-33.32185],[-70.51936,-33.3223],[-70.51867,-33.32186]]],[[[-70.56734,-33.33431],[-70.56771,-33.33436],[-70.56663,-33.3352],[-70.56628,-33.33635],[-70.56653,-33.338],[-70.56527,-33.3396],[-70.56575,-33.34012],[-70.56693,-33.33972],[-70.56751,-33.34006],[-70.56741,-33.3411],[-70.56675,-33.34183],[-70.56534,-33.34214],[-70.56618,-33.34287],[-70.56503,-33.34266],[-70.566,-33.34363],[-70.56119,-33.34117],[-70.56143,-33.33976],[-70.55972,-33.33869],[-70.5594,-33.33785],[-70.56449,-33.33623],[-70.56734,-33.33431]],[[-70.56392,-33.33904],[-70.56321,-33.33903],[-70.56372,-33.33964],[-70.56444,-33.33896],[-70.56392,-33.33904]]],[[[-70.56819,-33.3458],[-70.56858,-33.34541],[-70.56924,-33.34578],[-70.56819,-33.3458]]],[[[-70.49874,-33.32998],[-70.50109,-33.33141],[-70.50288,-33.33357],[-70.50098,-33.33525],[-70.50035,-33.33538],[-70.50005,-33.33471],[-70.5,-33.33509],[-70.4994,-33.33468],[-70.49873,-33.33362],[-70.49899,-33.33327],[-70.49824,-33.33333],[-70.49874,-33.32998]]],[[[-70.53427,-33.31024],[-70.53483,-33.30896],[-70.53506,-33.31015],[-70.53481,-33.31048],[-70.53427,-33.31024]]],[[[-70.55713,-33.32437],[-70.55872,-33.3238],[-70.56023,-33.32568],[-70.55879,-33.32523],[-70.55852,-33.32561],[-70.55713,-33.32437]]],[[[-70.55885,-33.32365],[-70.56066,-33.32269],[-70.56123,-33.32308],[-70.5606,-33.32362],[-70.56039,-33.32552],[-70.55885,-33.32365]]],[[[-70.49887,-33.32992],[-70.50032,-33.3297],[-70.4999,-33.32863],[-70.50097,-33.32765],[-70.50183,-33.3279],[-70.50109,-33.33141],[-70.49887,-33.32992]]],[[[-70.54117,-33.31509],[-70.54125,-33.31421],[-70.54334,-33.31338],[-70.54243,-33.31438],[-70.54304,-33.31501],[-70.54117,-33.31509]]],[[[-70.54289,-33.31275],[-70.54315,-33.31202],[-70.54365,-33.31212],[-70.54358,-33.31318],[-70.54289,-33.31275]]],[[[-70.54382,-33.30923],[-70.54416,-33.30899],[-70.5458,-33.31158],[-70.54469,-33.31145],[-70.54404,-33.31204],[-70.5435,-33.31023],[-70.54382,-33.30923]]],[[[-70.52278,-33.32239],[-70.52411,-33.32168],[-70.52482,-33.32238],[-70.52334,-33.32316],[-70.52321,-33.32397],[-70.52213,-33.3233],[-70.52262,-33.32336],[-70.52278,-33.32239]]],[[[-70.52199,-33.32322],[-70.52131,-33.32285],[-70.52145,-33.32218],[-70.52206,-33.32263],[-70.52199,-33.32322]]],[[[-70.52729,-33.31724],[-70.52787,-33.31594],[-70.53081,-33.31828],[-70.52987,-33.31915],[-70.52729,-33.31724]]],[[[-70.52829,-33.31594],[-70.52959,-33.31564],[-70.52945,-33.31487],[-70.53179,-33.3176],[-70.531,-33.31801],[-70.52918,-33.31625],[-70.52829,-33.31594]]],[[[-70.53297,-33.31648],[-70.53362,-33.31605],[-70.53508,-33.31634],[-70.53312,-33.31713],[-70.53297,-33.31648]]],[[[-70.53197,-33.31749],[-70.5327,-33.31643],[-70.53269,-33.31726],[-70.53197,-33.31749]]],[[[-70.53278,-33.31622],[-70.5335,-33.31583],[-70.53522,-33.31632],[-70.53278,-33.31622]]]]}},{"type":"Feature","properties":{"ZONA":"ZHE-2-DC2"},"geometry":{"type":"MultiPolygon","coordinates":[[[[-70.46532,-33.33544],[-70.46611,-33.33593],[-70.4666,-33.3371],[-70.46915,-33.33776],[-70.46912,-33.33822],[-70.46688,-33.33768],[-70.46532,-33.33544]]],[[[-70.46389,-33.33557],[-70.46321,-33.33505],[-70.46299,-33.33348],[-70.46389,-33.33557]]],[[[-70.46421,-33.3362],[-70.46939,-33.34063],[-70.47051,-33.3439],[-70.47446,-33.34818],[-70.47543,-33.35095],[-70.47752,-33.35433],[-70.48268,-33.35937],[-70.48255,-33.36017],[-70.47809,-33.3614],[-70.47489,-33.36131],[-70.47325,-33.36059],[-70.47492,-33.36122],[-70.47807,-33.36122],[-70.48224,-33.36012],[-70.48258,-33.35968],[-70.47838,-33.35585],[-70.47519,-33.35092],[-70.47427,-33.34826],[-70.47037,-33.34406],[-70.4693,-33.34068],[-70.46421,-33.3362]]],[[[-70.4645,-33.33631],[-70.46498,-33.33582],[-70.46649,-33.338],[-70.46861,-33.33842],[-70.46898,-33.33986],[-70.47094,-33.34047],[-70.47148,-33.34141],[-70.47135,-33.34383],[-70.47297,-33.34444],[-70.47231,-33.34587],[-70.47051,-33.3439],[-70.46939,-33.34063],[-70.46713,-33.33843],[-70.46552,-33.33762],[-70.4645,-33.33631]]],[[[-70.46747,-33.34177],[-70.46943,-33.34104],[-70.46948,-33.34307],[-70.46877,-33.34165],[-70.46747,-33.34177]]],[[[-70.46859,-33.34468],[-70.47037,-33.34406],[-70.47181,-33.34557],[-70.47072,-33.34598],[-70.46859,-33.34468]]],[[[-70.47715,-33.35356],[-70.47543,-33.35095],[-70.47446,-33.34818],[-70.47242,-33.34603],[-70.47649,-33.3484],[-70.47776,-33.34842],[-70.47675,-33.34956],[-70.4764,-33.35088],[-70.47715,-33.35356]]],[[[-70.47788,-33.35456],[-70.47863,-33.35458],[-70.47866,-33.35565],[-70.48061,-33.35691],[-70.48029,-33.35716],[-70.47861,-33.3558],[-70.47788,-33.35456]]],[[[-70.47769,-33.36139],[-70.47944,-33.36115],[-70.47964,-33.36171],[-70.47619,-33.36328],[-70.47433,-33.36235],[-70.47259,-33.36212],[-70.4727,-33.36176],[-70.47581,-33.36237],[-70.47769,-33.36139]]],[[[-70.46914,-33.33851],[-70.47019,-33.3372],[-70.46987,-33.33831],[-70.47138,-33.33905],[-70.47173,-33.34021],[-70.46937,-33.3395],[-70.46914,-33.33851]]],[[[-70.4826,-33.35531],[-70.48329,-33.35535],[-70.48319,-33.35599],[-70.48481,-33.35712],[-70.48548,-33.3585],[-70.48498,-33.35881],[-70.48419,-33.35842],[-70.48339,-33.35719],[-70.48176,-33.356],[-70.4826,-33.35531]]],[[[-70.48161,-33.35692],[-70.4821,-33.35654],[-70.48294,-33.35708],[-70.48388,-33.35846],[-70.48692,-33.36086],[-70.48558,-33.36063],[-70.48497,-33.35954],[-70.48265,-33.35863],[-70.48281,-33.3575],[-70.48161,-33.35692]]],[[[-70.48698,-33.36101],[-70.48969,-33.36253],[-70.48905,-33.36252],[-70.48698,-33.36101]]],[[[-70.48168,-33.35607],[-70.48323,-33.35703],[-70.48399,-33.35827],[-70.48693,-33.36074],[-70.48863,-33.36195],[-70.4898,-33.36217],[-70.48979,-33.36255],[-70.48705,-33.36094],[-70.48534,-33.36059],[-70.48524,-33.3603],[-70.48692,-33.36086],[-70.48168,-33.35607]]],[[[-70.4812,-33.35552],[-70.47943,-33.35366],[-70.47826,-33.35126],[-70.47905,-33.35135],[-70.48003,-33.35326],[-70.48203,-33.3549],[-70.4812,-33.35552]]],[[[-70.47887,-33.34926],[-70.47926,-33.34931],[-70.47888,-33.34995],[-70.47922,-33.35064],[-70.4783,-33.35068],[-70.47887,-33.34926]]],[[[-70.47352,-33.34622],[-70.47518,-33.34467],[-70.47627,-33.34521],[-70.47769,-33.34775],[-70.47677,-33.348],[-70.4751,-33.34671],[-70.47352,-33.34622]]],[[[-70.4779,-33.35393],[-70.47761,-33.35238],[-70.4769,-33.35165],[-70.47717,-33.34992],[-70.47797,-33.34903],[-70.47864,-33.34926],[-70.47806,-33.35014],[-70.47851,-33.35244],[-70.47939,-33.35398],[-70.48157,-33.35612],[-70.48101,-33.35661],[-70.48,-33.3556],[-70.47913,-33.3554],[-70.47904,-33.35428],[-70.4779,-33.35393]]],[[[-70.47254,-33.34298],[-70.47509,-33.34341],[-70.47537,-33.34476],[-70.47636,-33.34513],[-70.47662,-33.34607],[-70.47762,-33.34692],[-70.47845,-33.34834],[-70.47834,-33.34895],[-70.47887,-33.34926],[-70.47816,-33.35125],[-70.47943,-33.35366],[-70.48157,-33.35612],[-70.4793,-33.35387],[-70.47812,-33.35167],[-70.47808,-33.35001],[-70.47864,-33.34926],[-70.47749,-33.34697],[-70.4765,-33.34612],[-70.47626,-33.3452],[-70.47526,-33.34482],[-70.47502,-33.3435],[-70.47254,-33.34298]]],[[[-70.47206,-33.34162],[-70.47209,-33.34317],[-70.47504,-33.34355],[-70.47514,-33.34445],[-70.47338,-33.34615],[-70.47289,-33.34578],[-70.47358,-33.34506],[-70.47346,-33.34424],[-70.4719,-33.34372],[-70.47165,-33.34317],[-70.47206,-33.34162]]],[[[-70.47032,-33.33712],[-70.46997,-33.33826],[-70.47143,-33.339],[-70.47179,-33.34019],[-70.47137,-33.33905],[-70.46987,-33.33831],[-70.47032,-33.33712]]],[[[-70.4851,-33.36229],[-70.48537,-33.3614],[-70.48681,-33.36146],[-70.48844,-33.3627],[-70.4851,-33.36229]]],[[[-70.48316,-33.36176],[-70.48252,-33.36158],[-70.48345,-33.36087],[-70.48316,-33.36176]]],[[[-70.48079,-33.35759],[-70.48215,-33.35752],[-70.4822,-33.35888],[-70.48466,-33.36006],[-70.48241,-33.36154],[-70.4807,-33.3607],[-70.48279,-33.35975],[-70.48079,-33.35759]]],[[[-70.4807,-33.3607],[-70.48241,-33.36154],[-70.48466,-33.36006],[-70.48244,-33.36164],[-70.4807,-33.3607]]],[[[-70.47984,-33.36084],[-70.481,-33.36085],[-70.48524,-33.36252],[-70.47984,-33.36084]]],[[[-70.47205,-33.35065],[-70.47222,-33.34965],[-70.47289,-33.34912],[-70.47468,-33.34927],[-70.4751,-33.35115],[-70.47787,-33.3549],[-70.47669,-33.35526],[-70.47536,-33.35476],[-70.47438,-33.35269],[-70.47322,-33.3518],[-70.47327,-33.35027],[-70.47205,-33.35065]]],[[[-70.47708,-33.35632],[-70.47888,-33.35615],[-70.48255,-33.35985],[-70.48029,-33.35924],[-70.48012,-33.35855],[-70.47844,-33.35824],[-70.47708,-33.35632]]],[[[-70.47982,-33.36105],[-70.48097,-33.36093],[-70.48524,-33.36252],[-70.48514,-33.36318],[-70.48147,-33.36288],[-70.47964,-33.36171],[-70.47944,-33.36115],[-70.47982,-33.36105]]],[[[-70.47282,-33.36177],[-70.47325,-33.36059],[-70.47489,-33.36131],[-70.47698,-33.36137],[-70.47576,-33.36238],[-70.47282,-33.36177]]],[[[-70.47039,-33.3629],[-70.47121,-33.36198],[-70.47228,-33.36175],[-70.47039,-33.3629]]],[[[-70.46807,-33.36358],[-70.47042,-33.36301],[-70.46956,-33.36416],[-70.46807,-33.36358]]],[[[-70.47968,-33.3597],[-70.48029,-33.35924],[-70.48255,-33.35985],[-70.47923,-33.36101],[-70.4764,-33.36117],[-70.4767,-33.36064],[-70.47968,-33.3597]]],[[[-70.46823,-33.36288],[-70.47154,-33.36095],[-70.47219,-33.36075],[-70.47242,-33.3612],[-70.47086,-33.36188],[-70.46958,-33.36344],[-70.46733,-33.36331],[-70.46752,-33.36283],[-70.46823,-33.36288]]]]}},{"type":"Feature","properties":{"ZONA":"ZHE-2-DC3"},"geometry":{"type":"MultiPolygon","coordinates":[[[[-70.46814,-33.37263],[-70.46952,-33.37231],[-70.46869,-33.37319],[-70.46886,-33.37378],[-70.46804,-33.37314],[-70.46814,-33.37263]]],[[[-70.4709,-33.35972],[-70.47221,-33.3597],[-70.47243,-33.36058],[-70.46823,-33.36289],[-70.46953,-33.36109],[-70.47132,-33.3606],[-70.4709,-33.35972]]],[[[-70.48498,-33.35881],[-70.48609,-33.35852],[-70.48952,-33.36207],[-70.48842,-33.36173],[-70.48498,-33.35881]]],[[[-70.4759,-33.3571],[-70.4759,-33.35579],[-70.47448,-33.35526],[-70.47447,-33.35406],[-70.47318,-33.35163],[-70.47475,-33.35322],[-70.47532,-33.35473],[-70.47637,-33.35487],[-70.47712,-33.3558],[-70.47686,-33.35692],[-70.4759,-33.3571]]],[[[-70.46898,-33.34252],[-70.46946,-33.34309],[-70.46972,-33.34215],[-70.47037,-33.34406],[-70.46859,-33.34468],[-70.46932,-33.34385],[-70.46898,-33.34252]]],[[[-70.46747,-33.34177],[-70.468,-33.34042],[-70.46706,-33.33957],[-70.46689,-33.33875],[-70.46545,-33.33848],[-70.46448,-33.33659],[-70.46943,-33.34104],[-70.46747,-33.34177]]],[[[-70.46532,-33.33544],[-70.46462,-33.33529],[-70.46426,-33.33464],[-70.4657,-33.33522],[-70.46664,-33.33676],[-70.46874,-33.33734],[-70.4682,-33.33766],[-70.46665,-33.33713],[-70.46611,-33.33593],[-70.46532,-33.33544]]],[[[-70.46062,-33.36968],[-70.46586,-33.37075],[-70.46268,-33.37056],[-70.46062,-33.36968]]],[[[-70.45515,-33.37058],[-70.45575,-33.37018],[-70.45749,-33.37038],[-70.4582,-33.37113],[-70.4558,-33.3704],[-70.45378,-33.37117],[-70.45515,-33.37058]]],[[[-70.4898,-33.36217],[-70.48835,-33.36179],[-70.48489,-33.35888],[-70.48842,-33.36173],[-70.48952,-33.36207],[-70.48937,-33.36165],[-70.48971,-33.36164],[-70.4898,-33.36217]]],[[[-70.47301,-33.36039],[-70.4764,-33.36126],[-70.47487,-33.36121],[-70.47301,-33.36039]]],[[[-70.46448,-33.33659],[-70.46421,-33.3362],[-70.46959,-33.3411],[-70.46448,-33.33659]]],[[[-70.46066,-33.36991],[-70.46278,-33.37058],[-70.46586,-33.37075],[-70.4677,-33.37249],[-70.46762,-33.37322],[-70.46727,-33.37362],[-70.46685,-33.37275],[-70.46465,-33.3715],[-70.46021,-33.37079],[-70.45943,-33.37089],[-70.45866,-33.37176],[-70.45831,-33.37327],[-70.45841,-33.37112],[-70.46066,-33.36991]]],[[[-70.45515,-33.37058],[-70.45548,-33.36949],[-70.45606,-33.36922],[-70.45838,-33.37053],[-70.45821,-33.37091],[-70.45761,-33.37041],[-70.4558,-33.37017],[-70.45515,-33.37058]]],[[[-70.46774,-33.3671],[-70.46763,-33.36504],[-70.4694,-33.36513],[-70.46938,-33.36552],[-70.46836,-33.3656],[-70.4687,-33.36753],[-70.46774,-33.3671]]],[[[-70.46731,-33.36784],[-70.4677,-33.3673],[-70.46864,-33.36759],[-70.46828,-33.36826],[-70.46731,-33.36784]]],[[[-70.46619,-33.37051],[-70.46594,-33.36956],[-70.46657,-33.36837],[-70.46731,-33.36784],[-70.46801,-33.36815],[-70.46678,-33.36932],[-70.46807,-33.37166],[-70.46935,-33.37206],[-70.46812,-33.37236],[-70.46619,-33.37051]]],[[[-70.47075,-33.34598],[-70.47181,-33.34557],[-70.47448,-33.34875],[-70.47245,-33.3494],[-70.47205,-33.35065],[-70.47164,-33.34948],[-70.47267,-33.34808],[-70.47075,-33.34598]]],[[[-70.48393,-33.33538],[-70.48454,-33.33505],[-70.48477,-33.33552],[-70.48436,-33.3362],[-70.48465,-33.33662],[-70.48384,-33.33686],[-70.48385,-33.33779],[-70.4852,-33.33867],[-70.48367,-33.33878],[-70.48455,-33.34109],[-70.48408,-33.34146],[-70.48402,-33.3425],[-70.48345,-33.34259],[-70.4838,-33.33977],[-70.48331,-33.33814],[-70.48351,-33.33644],[-70.48431,-33.33562],[-70.48393,-33.33538]]],[[[-70.46866,-33.33768],[-70.46989,-33.33709],[-70.46936,-33.33768],[-70.46866,-33.33768]]],[[[-70.47146,-33.33907],[-70.47234,-33.34102],[-70.4725,-33.34266],[-70.47522,-33.34335],[-70.47549,-33.3447],[-70.47649,-33.34508],[-70.47802,-33.34778],[-70.47638,-33.34514],[-70.47537,-33.34476],[-70.47512,-33.34343],[-70.47227,-33.34259],[-70.47236,-33.34126],[-70.47146,-33.33907]]],[[[-70.4436,-33.3711],[-70.44577,-33.37064],[-70.44736,-33.37103],[-70.44951,-33.37084],[-70.44847,-33.37126],[-70.4436,-33.3711]]],[[[-70.44613,-33.37064],[-70.44988,-33.37072],[-70.44736,-33.37103],[-70.44613,-33.37064]]],[[[-70.46749,-33.36698],[-70.46729,-33.36533],[-70.46766,-33.36477],[-70.47138,-33.36463],[-70.47253,-33.36339],[-70.47514,-33.36418],[-70.47675,-33.36402],[-70.47516,-33.36441],[-70.47255,-33.36362],[-70.47146,-33.36484],[-70.46775,-33.36498],[-70.46749,-33.36698]]],[[[-70.46601,-33.37026],[-70.46567,-33.36958],[-70.46623,-33.36842],[-70.46772,-33.36709],[-70.46647,-33.36852],[-70.46594,-33.36956],[-70.46619,-33.37051],[-70.46601,-33.37026]]],[[[-70.48228,-33.34896],[-70.48157,-33.3485],[-70.48005,-33.34848],[-70.48024,-33.34741],[-70.48216,-33.34813],[-70.48228,-33.34896]]],[[[-70.47934,-33.34906],[-70.48018,-33.34858],[-70.48216,-33.34904],[-70.48087,-33.3493],[-70.48101,-33.35012],[-70.48175,-33.35032],[-70.48212,-33.35107],[-70.48116,-33.35142],[-70.48105,-33.35225],[-70.48263,-33.35284],[-70.48056,-33.35362],[-70.47905,-33.35135],[-70.47826,-33.35126],[-70.4783,-33.35068],[-70.47922,-33.35064],[-70.47888,-33.34995],[-70.47934,-33.34906]]],[[[-70.4703,-33.33755],[-70.47046,-33.33835],[-70.47465,-33.34],[-70.47464,-33.34074],[-70.47519,-33.34096],[-70.47783,-33.33871],[-70.48143,-33.3387],[-70.48177,-33.3376],[-70.48335,-33.33583],[-70.48393,-33.33538],[-70.48431,-33.33562],[-70.48351,-33.33644],[-70.48334,-33.33769],[-70.48377,-33.34134],[-70.47984,-33.34405],[-70.47761,-33.34419],[-70.47626,-33.34495],[-70.47549,-33.3447],[-70.47532,-33.34358],[-70.47806,-33.34173],[-70.48,-33.34129],[-70.48188,-33.33942],[-70.47987,-33.34115],[-70.4784,-33.34144],[-70.4783,-33.34058],[-70.47824,-33.34148],[-70.47596,-33.34287],[-70.47608,-33.34134],[-70.47552,-33.34315],[-70.47428,-33.34329],[-70.4725,-33.34266],[-70.47161,-33.33904],[-70.47009,-33.33827],[-70.4703,-33.33755]]],[[[-70.48064,-33.35369],[-70.48285,-33.353],[-70.48244,-33.35412],[-70.48384,-33.3544],[-70.48273,-33.35538],[-70.48064,-33.35369]]],[[[-70.45166,-33.37076],[-70.45322,-33.37067],[-70.45378,-33.37117],[-70.45024,-33.37107],[-70.45166,-33.37076]]],[[[-70.45378,-33.37117],[-70.45579,-33.3704],[-70.4576,-33.37065],[-70.4582,-33.37113],[-70.45793,-33.37282],[-70.45833,-33.37346],[-70.45746,-33.37334],[-70.45717,-33.37089],[-70.45541,-33.37073],[-70.45376,-33.37166],[-70.45378,-33.37117]]],[[[-70.47073,-33.36496],[-70.47178,-33.36468],[-70.47255,-33.36362],[-70.4751,-33.3644],[-70.47676,-33.36425],[-70.47677,-33.36514],[-70.47544,-33.36543],[-70.47356,-33.36438],[-70.47255,-33.36472],[-70.47164,-33.36572],[-70.47069,-33.36552],[-70.47073,-33.36496]]],[[[-70.45859,-33.37047],[-70.45981,-33.36933],[-70.46075,-33.36919],[-70.46303,-33.36982],[-70.46473,-33.36943],[-70.46571,-33.37054],[-70.46275,-33.37035],[-70.46107,-33.36961],[-70.45844,-33.37084],[-70.45859,-33.37047]]],[[[-70.46686,-33.36697],[-70.46668,-33.36488],[-70.46708,-33.36376],[-70.46971,-33.3646],[-70.47201,-33.3625],[-70.47415,-33.36278],[-70.47675,-33.36392],[-70.47517,-33.36418],[-70.47253,-33.36339],[-70.47138,-33.36463],[-70.46752,-33.36483],[-70.46743,-33.36725],[-70.46574,-33.36937],[-70.46601,-33.37026],[-70.4652,-33.36939],[-70.46686,-33.36697]]],[[[-70.44713,-33.37064],[-70.44977,-33.37048],[-70.45272,-33.36941],[-70.45279,-33.36898],[-70.45439,-33.36909],[-70.45489,-33.36985],[-70.45451,-33.3704],[-70.45324,-33.37006],[-70.44988,-33.37072],[-70.44713,-33.37064]]],[[[-70.45024,-33.37107],[-70.45323,-33.371],[-70.45376,-33.37117],[-70.45376,-33.37166],[-70.45305,-33.37114],[-70.44949,-33.37223],[-70.44788,-33.37199],[-70.44784,-33.37166],[-70.45024,-33.37107]]],[[[-70.48287,-33.34176],[-70.48377,-33.34134],[-70.48339,-33.34275],[-70.48347,-33.34722],[-70.48262,-33.34735],[-70.48151,-33.34664],[-70.48024,-33.3474],[-70.48065,-33.34673],[-70.47998,-33.34833],[-70.47956,-33.34821],[-70.47982,-33.34859],[-70.47872,-33.34904],[-70.47848,-33.34773],[-70.47796,-33.34772],[-70.47655,-33.34519],[-70.47766,-33.34458],[-70.47789,-33.34526],[-70.47871,-33.34445],[-70.47998,-33.34423],[-70.48102,-33.34484],[-70.48069,-33.3445],[-70.4813,-33.34431],[-70.4805,-33.3444],[-70.48012,-33.34395],[-70.48287,-33.34176]]],[[[-70.47669,-33.35526],[-70.47787,-33.3549],[-70.47865,-33.35633],[-70.47708,-33.35632],[-70.47669,-33.35526]]],[[[-70.47793,-33.35881],[-70.47932,-33.3588],[-70.47968,-33.3597],[-70.4767,-33.36064],[-70.4764,-33.36117],[-70.47494,-33.36113],[-70.47308,-33.36028],[-70.47267,-33.36089],[-70.47223,-33.35965],[-70.47231,-33.35925],[-70.47344,-33.35953],[-70.47426,-33.35999],[-70.47396,-33.3605],[-70.47456,-33.36048],[-70.47521,-33.35963],[-70.47677,-33.35969],[-70.4774,-33.35927],[-70.47792,-33.35986],[-70.47793,-33.35881]]],[[[-70.4759,-33.3571],[-70.47707,-33.35667],[-70.47844,-33.35824],[-70.48016,-33.35858],[-70.48027,-33.3593],[-70.47968,-33.3597],[-70.4793,-33.3588],[-70.47718,-33.35872],[-70.4759,-33.3571]]],[[[-70.44353,-33.37234],[-70.44513,-33.37141],[-70.44784,-33.37166],[-70.44788,-33.37199],[-70.44353,-33.37234]]]]}},{"type":"Feature","properties":{"ZONA":"ZHE-2.1"},"geometry":{"type":"MultiPolygon","coordinates":[[[[-70.52143,-33.3628],[-70.52263,-33.36298],[-70.52194,-33.36455],[-70.521,-33.36314],[-70.52145,-33.36332],[-70.52174,-33.36295],[-70.52143,-33.3628]]],[[[-70.4878,-33.34874],[-70.48924,-33.34831],[-70.48895,-33.35124],[-70.4881,-33.35131],[-70.48837,-33.35083],[-70.48781,-33.35013],[-70.4883,-33.34925],[-70.4878,-33.34874]]],[[[-70.48967,-33.34286],[-70.48951,-33.34228],[-70.4911,-33.34186],[-70.49225,-33.34374],[-70.49215,-33.3444],[-70.49134,-33.34459],[-70.48967,-33.34286]]],[[[-70.55258,-33.31976],[-70.55889,-33.32028],[-70.55565,-33.32166],[-70.55503,-33.32038],[-70.55258,-33.31976]]],[[[-70.5516,-33.31653],[-70.55485,-33.31665],[-70.55391,-33.31796],[-70.55474,-33.31818],[-70.55278,-33.31825],[-70.5516,-33.31653]]],[[[-70.48945,-33.34697],[-70.48815,-33.34698],[-70.48696,-33.34617],[-70.48711,-33.34444],[-70.48773,-33.34526],[-70.48942,-33.34591],[-70.48945,-33.34697]]],[[[-70.52514,-33.3223],[-70.52632,-33.32121],[-70.52677,-33.3227],[-70.52514,-33.3223]]],[[[-70.52799,-33.31919],[-70.52871,-33.31899],[-70.52936,-33.31982],[-70.52799,-33.31919]]],[[[-70.5514,-33.31678],[-70.5516,-33.31653],[-70.55277,-33.31823],[-70.54883,-33.31831],[-70.54962,-33.31742],[-70.5514,-33.31678]]],[[[-70.53814,-33.32008],[-70.53696,-33.31817],[-70.5375,-33.31779],[-70.5385,-33.31842],[-70.53966,-33.32091],[-70.53922,-33.32135],[-70.53814,-33.32008]]],[[[-70.50152,-33.34783],[-70.50037,-33.34626],[-70.50198,-33.3468],[-70.5035,-33.34645],[-70.50559,-33.34678],[-70.50486,-33.34916],[-70.50289,-33.34937],[-70.50252,-33.34841],[-70.50152,-33.34783]]],[[[-70.52835,-33.3514],[-70.5325,-33.34972],[-70.53143,-33.35153],[-70.52964,-33.35268],[-70.52832,-33.3545],[-70.52835,-33.3514]]],[[[-70.53252,-33.35068],[-70.53285,-33.35026],[-70.53438,-33.35158],[-70.53291,-33.35291],[-70.53225,-33.35429],[-70.52953,-33.35388],[-70.53079,-33.35237],[-70.53187,-33.35194],[-70.53252,-33.35068]]],[[[-70.54557,-33.36217],[-70.54571,-33.36126],[-70.54785,-33.36184],[-70.54744,-33.36244],[-70.54765,-33.36305],[-70.54557,-33.36217]]],[[[-70.54444,-33.35568],[-70.54341,-33.35711],[-70.54055,-33.35507],[-70.54063,-33.35427],[-70.54322,-33.35486],[-70.54444,-33.35568]]],[[[-70.55152,-33.34713],[-70.55398,-33.3473],[-70.5545,-33.34771],[-70.55198,-33.34776],[-70.55152,-33.34713]]],[[[-70.55143,-33.34675],[-70.55285,-33.34659],[-70.5538,-33.34717],[-70.55143,-33.34675]]],[[[-70.54799,-33.34595],[-70.55082,-33.34642],[-70.54742,-33.34844],[-70.54669,-33.34967],[-70.54687,-33.34757],[-70.54799,-33.34595]]],[[[-70.55441,-33.34704],[-70.55527,-33.34552],[-70.55499,-33.34749],[-70.55441,-33.34704]]],[[[-70.54442,-33.34587],[-70.54477,-33.34501],[-70.54782,-33.34595],[-70.54739,-33.347],[-70.54442,-33.34587]]],[[[-70.54548,-33.34505],[-70.5461,-33.34474],[-70.54666,-33.3435],[-70.5472,-33.34307],[-70.54762,-33.34333],[-70.54655,-33.34551],[-70.54548,-33.34505]]],[[[-70.54679,-33.34253],[-70.54853,-33.34125],[-70.54893,-33.34142],[-70.54761,-33.34288],[-70.54679,-33.34253]]],[[[-70.54938,-33.33998],[-70.55075,-33.33893],[-70.55132,-33.33917],[-70.55121,-33.34074],[-70.55057,-33.34134],[-70.54872,-33.34113],[-70.54938,-33.33998]]],[[[-70.54251,-33.34201],[-70.54302,-33.3412],[-70.54295,-33.3393],[-70.54215,-33.33818],[-70.54334,-33.33983],[-70.54344,-33.34117],[-70.54315,-33.34192],[-70.54251,-33.34201]]],[[[-70.55081,-33.33882],[-70.55123,-33.33739],[-70.55175,-33.3376],[-70.55133,-33.33896],[-70.55081,-33.33882]]],[[[-70.51365,-33.33903],[-70.51467,-33.33932],[-70.51557,-33.34084],[-70.52083,-33.34171],[-70.52076,-33.34208],[-70.51478,-33.34115],[-70.51365,-33.33903]]],[[[-70.51333,-33.33551],[-70.51819,-33.33529],[-70.52018,-33.33462],[-70.52112,-33.34153],[-70.51558,-33.34056],[-70.51487,-33.33917],[-70.5138,-33.33879],[-70.51426,-33.33752],[-70.51333,-33.33551]]],[[[-70.54127,-33.33234],[-70.54226,-33.33212],[-70.54557,-33.33707],[-70.5446,-33.33722],[-70.54127,-33.33234]]],[[[-70.52791,-33.3324],[-70.53025,-33.33199],[-70.5306,-33.33319],[-70.52979,-33.33503],[-70.53005,-33.33608],[-70.52836,-33.3375],[-70.52829,-33.33709],[-70.52787,-33.33733],[-70.52791,-33.3324]]],[[[-70.52798,-33.3308],[-70.5295,-33.32933],[-70.5299,-33.33076],[-70.52798,-33.3308]]],[[[-70.52354,-33.32871],[-70.52711,-33.32899],[-70.52796,-33.3307],[-70.52664,-33.33003],[-70.52416,-33.32972],[-70.52354,-33.32871]]],[[[-70.54607,-33.33076],[-70.54257,-33.33182],[-70.54267,-33.32676],[-70.54348,-33.32633],[-70.54607,-33.33076]]],[[[-70.54336,-33.32617],[-70.5426,-33.32648],[-70.54256,-33.32497],[-70.54336,-33.32617]]],[[[-70.53206,-33.32447],[-70.53533,-33.32329],[-70.53435,-33.33014],[-70.53321,-33.32945],[-70.53382,-33.32531],[-70.53206,-33.32447]]],[[[-70.53312,-33.31713],[-70.53508,-33.31634],[-70.53574,-33.31876],[-70.53688,-33.32065],[-70.53569,-33.32113],[-70.53292,-33.31827],[-70.53312,-33.31713]]],[[[-70.5372,-33.32068],[-70.53777,-33.32043],[-70.54023,-33.32262],[-70.53975,-33.32364],[-70.53894,-33.3235],[-70.5372,-33.32068]]],[[[-70.55477,-33.32307],[-70.55613,-33.32197],[-70.55897,-33.32107],[-70.56025,-33.32004],[-70.55946,-33.32209],[-70.55702,-33.32347],[-70.55589,-33.32361],[-70.55477,-33.32307]]],[[[-70.51013,-33.33675],[-70.50818,-33.33565],[-70.50682,-33.3331],[-70.50891,-33.33329],[-70.50933,-33.33527],[-70.51055,-33.33625],[-70.51013,-33.33675]]],[[[-70.50479,-33.33364],[-70.50518,-33.33471],[-70.50623,-33.335],[-70.50711,-33.33462],[-70.50808,-33.33602],[-70.50698,-33.33655],[-70.50711,-33.33694],[-70.50826,-33.33614],[-70.51032,-33.33755],[-70.50722,-33.33796],[-70.50346,-33.33638],[-70.50296,-33.33592],[-70.50323,-33.33391],[-70.50479,-33.33364]]],[[[-70.49966,-33.33614],[-70.50272,-33.33648],[-70.50615,-33.33811],[-70.50292,-33.3391],[-70.4998,-33.33677],[-70.49966,-33.33614]]],[[[-70.51218,-33.33925],[-70.51109,-33.3385],[-70.51033,-33.33701],[-70.51218,-33.33925]]],[[[-70.50756,-33.33811],[-70.51039,-33.33767],[-70.51082,-33.33855],[-70.50952,-33.34125],[-70.50862,-33.34165],[-70.508,-33.34118],[-70.50706,-33.33951],[-70.50747,-33.33954],[-70.50756,-33.33811]]],[[[-70.49568,-33.33848],[-70.49638,-33.33837],[-70.49674,-33.33934],[-70.49557,-33.34217],[-70.49383,-33.34089],[-70.49437,-33.33986],[-70.49357,-33.33936],[-70.49423,-33.33906],[-70.49563,-33.33948],[-70.49568,-33.33848]]],[[[-70.48614,-33.34282],[-70.48801,-33.33996],[-70.48901,-33.34059],[-70.49132,-33.3405],[-70.48848,-33.34204],[-70.48802,-33.34277],[-70.49044,-33.34454],[-70.4904,-33.34519],[-70.4896,-33.34566],[-70.48762,-33.34493],[-70.48754,-33.34436],[-70.48563,-33.34319],[-70.48614,-33.34282]]],[[[-70.51083,-33.34223],[-70.50971,-33.34095],[-70.511,-33.33875],[-70.5113,-33.33899],[-70.51009,-33.34102],[-70.51115,-33.34196],[-70.51083,-33.34223]]],[[[-70.49994,-33.34018],[-70.50074,-33.3396],[-70.50192,-33.33988],[-70.50311,-33.33926],[-70.50436,-33.33972],[-70.5042,-33.34069],[-70.50154,-33.34075],[-70.49994,-33.34018]]],[[[-70.49956,-33.3407],[-70.50117,-33.3408],[-70.50189,-33.34178],[-70.50125,-33.34196],[-70.50191,-33.34189],[-70.50295,-33.34347],[-70.50215,-33.34361],[-70.50113,-33.34256],[-70.49998,-33.34308],[-70.49962,-33.34196],[-70.50118,-33.34208],[-70.49962,-33.34192],[-70.49956,-33.3407]]],[[[-70.49149,-33.34166],[-70.49179,-33.34131],[-70.49487,-33.34398],[-70.49308,-33.34745],[-70.49313,-33.34849],[-70.49485,-33.34954],[-70.49368,-33.35173],[-70.49292,-33.35066],[-70.49429,-33.35013],[-70.49445,-33.34951],[-70.49327,-33.34951],[-70.49209,-33.35128],[-70.49125,-33.34996],[-70.49154,-33.34843],[-70.491,-33.34806],[-70.491,-33.34689],[-70.49259,-33.34569],[-70.49376,-33.34362],[-70.49149,-33.34166]]],[[[-70.50218,-33.34368],[-70.50299,-33.34353],[-70.50406,-33.34567],[-70.50316,-33.34564],[-70.50218,-33.34368]]],[[[-70.50873,-33.34733],[-70.50835,-33.34613],[-70.51012,-33.34677],[-70.51038,-33.34837],[-70.50985,-33.35],[-70.50779,-33.34948],[-70.50873,-33.34733]]],[[[-70.52971,-33.36761],[-70.52808,-33.36753],[-70.526,-33.36673],[-70.52775,-33.36578],[-70.52925,-33.36564],[-70.52971,-33.36761]]],[[[-70.53155,-33.36543],[-70.53321,-33.36526],[-70.5351,-33.36382],[-70.53447,-33.36648],[-70.53269,-33.36729],[-70.52988,-33.36732],[-70.52947,-33.36562],[-70.53155,-33.36543]]],[[[-70.52109,-33.36637],[-70.52263,-33.36436],[-70.52275,-33.36253],[-70.52506,-33.36634],[-70.52301,-33.36726],[-70.52109,-33.36637]]],[[[-70.53883,-33.3639],[-70.54096,-33.36183],[-70.54159,-33.36268],[-70.54335,-33.36289],[-70.54345,-33.36366],[-70.54238,-33.3642],[-70.54083,-33.36444],[-70.53883,-33.3639]]],[[[-70.54392,-33.36324],[-70.54354,-33.3628],[-70.54165,-33.36258],[-70.54106,-33.36176],[-70.54187,-33.36132],[-70.54362,-33.36145],[-70.54345,-33.36248],[-70.54383,-33.36252],[-70.54392,-33.36324]]],[[[-70.54102,-33.36157],[-70.53825,-33.36383],[-70.53893,-33.36082],[-70.54108,-33.36124],[-70.54102,-33.36157]]],[[[-70.53338,-33.36077],[-70.5325,-33.36517],[-70.52946,-33.36542],[-70.53048,-33.35936],[-70.53204,-33.35964],[-70.53186,-33.36055],[-70.53338,-33.36077]]],[[[-70.54087,-33.36098],[-70.53897,-33.36057],[-70.53925,-33.35724],[-70.54296,-33.35858],[-70.54251,-33.35888],[-70.54345,-33.36123],[-70.54307,-33.36123],[-70.54297,-33.36042],[-70.54172,-33.36022],[-70.54096,-33.36045],[-70.54087,-33.36098]]],[[[-70.53436,-33.35597],[-70.5336,-33.35969],[-70.53054,-33.35914],[-70.53212,-33.35574],[-70.53436,-33.35597]]],[[[-70.52784,-33.35864],[-70.5307,-33.35553],[-70.5319,-33.35575],[-70.53033,-33.35911],[-70.52784,-33.35864]]],[[[-70.55206,-33.33294],[-70.55172,-33.33186],[-70.55279,-33.332],[-70.55357,-33.33305],[-70.55336,-33.33621],[-70.55378,-33.33796],[-70.55218,-33.33728],[-70.55205,-33.33579],[-70.55252,-33.33525],[-70.55204,-33.33517],[-70.5522,-33.33344],[-70.55258,-33.33329],[-70.55206,-33.33294]]],[[[-70.52383,-33.325],[-70.52332,-33.32344],[-70.52477,-33.32261],[-70.52616,-33.32283],[-70.52787,-33.32433],[-70.52687,-33.32481],[-70.52383,-33.325]]],[[[-70.52663,-33.32093],[-70.52784,-33.31933],[-70.52929,-33.32],[-70.52911,-33.32187],[-70.52814,-33.32136],[-70.52922,-33.32208],[-70.52961,-33.32361],[-70.52826,-33.32416],[-70.52754,-33.32383],[-70.52663,-33.32093]]],[[[-70.53133,-33.31821],[-70.53295,-33.31854],[-70.5354,-33.32124],[-70.53023,-33.32331],[-70.52968,-33.31977],[-70.53133,-33.31821]]],[[[-70.54603,-33.31872],[-70.54761,-33.31869],[-70.54841,-33.3194],[-70.54603,-33.31872]]],[[[-70.55257,-33.31998],[-70.55494,-33.32049],[-70.5555,-33.32158],[-70.55447,-33.32255],[-70.55491,-33.32224],[-70.55257,-33.31998]]],[[[-70.5486,-33.33692],[-70.55077,-33.33712],[-70.55018,-33.33887],[-70.54927,-33.33951],[-70.5486,-33.33692]]],[[[-70.563,-33.31921],[-70.56518,-33.31761],[-70.56586,-33.31813],[-70.56716,-33.31795],[-70.56817,-33.32046],[-70.5691,-33.32127],[-70.5705,-33.32152],[-70.5697,-33.32202],[-70.57024,-33.32328],[-70.5688,-33.32314],[-70.56442,-33.32054],[-70.56468,-33.32019],[-70.56409,-33.3198],[-70.56363,-33.32004],[-70.563,-33.31921]]],[[[-70.50478,-33.34535],[-70.50244,-33.3415],[-70.50326,-33.34075],[-70.50556,-33.34193],[-70.50584,-33.34317],[-70.507,-33.34382],[-70.5065,-33.34499],[-70.50478,-33.34535]]],[[[-70.51093,-33.34242],[-70.51126,-33.34219],[-70.51266,-33.34621],[-70.51336,-33.35066],[-70.51013,-33.35015],[-70.51065,-33.3481],[-70.50955,-33.34503],[-70.51093,-33.34242]]],[[[-70.56773,-33.31643],[-70.57076,-33.31473],[-70.57313,-33.31645],[-70.57132,-33.31744],[-70.57051,-33.31702],[-70.56884,-33.3171],[-70.56773,-33.31643]]],[[[-70.56529,-33.31742],[-70.56594,-33.31683],[-70.56758,-33.3165],[-70.56896,-33.31745],[-70.571,-33.31742],[-70.56981,-33.31844],[-70.57094,-33.32051],[-70.5707,-33.32138],[-70.56888,-33.32075],[-70.56752,-33.31789],[-70.56529,-33.31742]]],[[[-70.53528,-33.31611],[-70.53689,-33.31754],[-70.53625,-33.31824],[-70.53699,-33.31867],[-70.53759,-33.32031],[-70.53712,-33.32053],[-70.53612,-33.31893],[-70.53528,-33.31611]]],[[[-70.54233,-33.33782],[-70.54346,-33.33912],[-70.54344,-33.34117],[-70.5432,-33.33919],[-70.54233,-33.33782]]],[[[-70.55604,-33.34423],[-70.55799,-33.34271],[-70.5608,-33.34146],[-70.56038,-33.34211],[-70.55892,-33.34236],[-70.55598,-33.34449],[-70.55499,-33.34749],[-70.55527,-33.34552],[-70.55429,-33.34693],[-70.55604,-33.34423]]],[[[-70.55127,-33.34678],[-70.55398,-33.3473],[-70.5518,-33.3472],[-70.55127,-33.34678]]],[[[-70.53568,-33.3605],[-70.53862,-33.36073],[-70.53809,-33.36382],[-70.53466,-33.36361],[-70.53272,-33.36515],[-70.5335,-33.36132],[-70.5351,-33.36155],[-70.53568,-33.3605]]],[[[-70.55486,-33.31643],[-70.55214,-33.31609],[-70.55247,-33.31505],[-70.55625,-33.31374],[-70.55581,-33.31414],[-70.55642,-33.31478],[-70.55514,-33.31491],[-70.55458,-33.31572],[-70.55486,-33.31643]]],[[[-70.55589,-33.31343],[-70.55293,-33.31434],[-70.55484,-33.31335],[-70.55489,-33.31249],[-70.55589,-33.31343]]],[[[-70.54571,-33.35459],[-70.54646,-33.35045],[-70.54733,-33.3502],[-70.5468,-33.35333],[-70.54759,-33.35477],[-70.54571,-33.35459]]],[[[-70.54476,-33.35842],[-70.54359,-33.35728],[-70.54453,-33.35688],[-70.54418,-33.35654],[-70.5446,-33.35583],[-70.54557,-33.35681],[-70.54513,-33.35753],[-70.54559,-33.35776],[-70.54643,-33.3611],[-70.54567,-33.36106],[-70.54482,-33.35848],[-70.54548,-33.35801],[-70.54476,-33.35842]]],[[[-70.55142,-33.33478],[-70.55198,-33.33445],[-70.55207,-33.33698],[-70.55149,-33.33682],[-70.55142,-33.33478]]],[[[-70.56198,-33.31958],[-70.56252,-33.31947],[-70.56027,-33.32144],[-70.56198,-33.31958]]],[[[-70.5705,-33.31462],[-70.56771,-33.31644],[-70.56576,-33.31692],[-70.5646,-33.31833],[-70.56288,-33.31906],[-70.56454,-33.31813],[-70.5656,-33.3168],[-70.56751,-33.31633],[-70.5705,-33.31462]]],[[[-70.5485,-33.33657],[-70.5502,-33.3365],[-70.55077,-33.33712],[-70.5486,-33.33692],[-70.5485,-33.33657]]],[[[-70.55099,-33.33179],[-70.55286,-33.33182],[-70.55375,-33.33294],[-70.5536,-33.33648],[-70.55421,-33.33815],[-70.55338,-33.3365],[-70.55355,-33.33301],[-70.55279,-33.332],[-70.55172,-33.33186],[-70.5522,-33.33344],[-70.55218,-33.33728],[-70.55198,-33.33325],[-70.5515,-33.33184],[-70.55099,-33.33179]]],[[[-70.55712,-33.33405],[-70.56189,-33.33668],[-70.55923,-33.33783],[-70.55959,-33.33879],[-70.56127,-33.33982],[-70.56106,-33.34106],[-70.56112,-33.33985],[-70.55947,-33.33887],[-70.55908,-33.33782],[-70.55975,-33.33719],[-70.56178,-33.33675],[-70.55712,-33.33405]]],[[[-70.52332,-33.324],[-70.52336,-33.32323],[-70.52486,-33.32244],[-70.52332,-33.32344],[-70.52383,-33.325],[-70.52332,-33.324]]],[[[-70.52961,-33.32361],[-70.52922,-33.32208],[-70.52974,-33.32256],[-70.52961,-33.32361]]],[[[-70.52911,-33.32187],[-70.52929,-33.32],[-70.52956,-33.32085],[-70.52941,-33.32195],[-70.52911,-33.32187]]],[[[-70.54569,-33.35467],[-70.54673,-33.35472],[-70.54576,-33.35578],[-70.54665,-33.35571],[-70.54679,-33.35529],[-70.54759,-33.35571],[-70.5477,-33.35793],[-70.54703,-33.35985],[-70.54779,-33.36077],[-70.54724,-33.36114],[-70.5466,-33.36113],[-70.54633,-33.35943],[-70.54684,-33.35875],[-70.54609,-33.35878],[-70.5456,-33.35616],[-70.54481,-33.35579],[-70.54569,-33.35467]]],[[[-70.49689,-33.33921],[-70.49668,-33.33781],[-70.49895,-33.33629],[-70.50277,-33.33923],[-70.5019,-33.33975],[-70.50079,-33.33947],[-70.49885,-33.34043],[-70.49869,-33.33989],[-70.49757,-33.34028],[-70.49689,-33.33921]]],[[[-70.55133,-33.33896],[-70.55175,-33.3376],[-70.55131,-33.34098],[-70.55048,-33.34158],[-70.54911,-33.34153],[-70.54778,-33.34298],[-70.55027,-33.34357],[-70.55263,-33.34269],[-70.55369,-33.34116],[-70.55375,-33.33846],[-70.55417,-33.33864],[-70.55391,-33.34176],[-70.55187,-33.34357],[-70.54882,-33.3438],[-70.54819,-33.34548],[-70.55096,-33.34637],[-70.54806,-33.34554],[-70.5466,-33.34877],[-70.54633,-33.34705],[-70.54427,-33.34593],[-70.54574,-33.34629],[-70.54678,-33.34747],[-70.54738,-33.34704],[-70.54782,-33.34595],[-70.54479,-33.34495],[-70.54784,-33.34582],[-70.54861,-33.34375],[-70.54607,-33.34236],[-70.54761,-33.34288],[-70.54899,-33.34137],[-70.55081,-33.34121],[-70.55133,-33.33896]]],[[[-70.55258,-33.31976],[-70.54866,-33.31928],[-70.54817,-33.31837],[-70.54889,-33.31917],[-70.55258,-33.31976]]],[[[-70.54607,-33.31898],[-70.55217,-33.31984],[-70.55344,-33.32045],[-70.55417,-33.32148],[-70.55447,-33.32255],[-70.55208,-33.32383],[-70.54828,-33.32895],[-70.54843,-33.33],[-70.55042,-33.33173],[-70.54822,-33.33037],[-70.54777,-33.3292],[-70.55161,-33.32423],[-70.5488,-33.32317],[-70.54774,-33.32368],[-70.54646,-33.32537],[-70.54484,-33.32606],[-70.54383,-33.32591],[-70.54593,-33.32471],[-70.54805,-33.32263],[-70.54975,-33.3226],[-70.55151,-33.32345],[-70.55173,-33.32406],[-70.55407,-33.32253],[-70.55393,-33.32194],[-70.55323,-33.32079],[-70.55202,-33.32018],[-70.5459,-33.31937],[-70.5436,-33.32184],[-70.54264,-33.32416],[-70.54246,-33.32329],[-70.54309,-33.32187],[-70.54481,-33.31953],[-70.54607,-33.31898]],[[-70.54934,-33.32296],[-70.551,-33.32346],[-70.54951,-33.32267],[-70.54829,-33.32273],[-70.54511,-33.32561],[-70.54651,-33.32517],[-70.54788,-33.32333],[-70.54934,-33.32296]]],[[[-70.52186,-33.34176],[-70.52605,-33.33992],[-70.52778,-33.33842],[-70.52787,-33.33981],[-70.52719,-33.33946],[-70.5266,-33.34174],[-70.52524,-33.34246],[-70.52235,-33.34236],[-70.52186,-33.34176]]],[[[-70.54644,-33.33014],[-70.54792,-33.32873],[-70.54807,-33.3302],[-70.55042,-33.33173],[-70.55094,-33.3339],[-70.55075,-33.33671],[-70.5485,-33.33657],[-70.54644,-33.33014]]],[[[-70.54186,-33.31604],[-70.54178,-33.31542],[-70.54325,-33.31519],[-70.54358,-33.31717],[-70.54548,-33.31911],[-70.54489,-33.31863],[-70.54186,-33.31911],[-70.54186,-33.31604]]],[[[-70.54376,-33.31302],[-70.54577,-33.31229],[-70.54363,-33.31441],[-70.54274,-33.31466],[-70.54243,-33.31438],[-70.54334,-33.31338],[-70.54374,-33.31365],[-70.54376,-33.31302]]],[[[-70.54363,-33.31451],[-70.54515,-33.31535],[-70.54689,-33.3174],[-70.54966,-33.31719],[-70.54663,-33.31815],[-70.5468,-33.31851],[-70.54797,-33.31822],[-70.54792,-33.31869],[-70.54518,-33.3184],[-70.5439,-33.31732],[-70.54411,-33.3159],[-70.54363,-33.31451]]],[[[-70.54159,-33.35036],[-70.54192,-33.35046],[-70.54207,-33.34977],[-70.54587,-33.35053],[-70.54518,-33.35452],[-70.54439,-33.35547],[-70.54361,-33.35494],[-70.54489,-33.35451],[-70.54459,-33.35422],[-70.54319,-33.35471],[-70.54134,-33.35413],[-70.54288,-33.35256],[-70.5428,-33.35211],[-70.54122,-33.35363],[-70.54053,-33.35252],[-70.54159,-33.35036]]],[[[-70.54407,-33.34648],[-70.54424,-33.34601],[-70.54534,-33.3463],[-70.54663,-33.34753],[-70.54587,-33.35053],[-70.54207,-33.34977],[-70.5436,-33.34819],[-70.54308,-33.3473],[-70.54407,-33.34648]]],[[[-70.54733,-33.3502],[-70.54788,-33.3487],[-70.55102,-33.34683],[-70.55146,-33.34703],[-70.54899,-33.34817],[-70.54733,-33.3502]]],[[[-70.54046,-33.35396],[-70.54439,-33.35547],[-70.54071,-33.35411],[-70.54054,-33.35506],[-70.54341,-33.35711],[-70.54444,-33.35568],[-70.54491,-33.35593],[-70.54574,-33.35676],[-70.5466,-33.36113],[-70.54769,-33.36104],[-70.54571,-33.36126],[-70.5455,-33.36214],[-70.54506,-33.35887],[-70.54298,-33.35679],[-70.54026,-33.35505],[-70.54046,-33.35396]],[[-70.54559,-33.3572],[-70.5446,-33.35583],[-70.54418,-33.35654],[-70.54453,-33.35688],[-70.54359,-33.35728],[-70.54513,-33.35885],[-70.54567,-33.36106],[-70.54643,-33.3611],[-70.54559,-33.3572]]],[[[-70.55154,-33.33417],[-70.55099,-33.33179],[-70.5515,-33.33184],[-70.55198,-33.33325],[-70.55199,-33.3342],[-70.55154,-33.33417]]],[[[-70.50862,-33.34165],[-70.50952,-33.34125],[-70.51072,-33.34261],[-70.50933,-33.34472],[-70.50969,-33.34619],[-70.50847,-33.34592],[-70.50827,-33.34453],[-70.50879,-33.34358],[-70.50839,-33.34191],[-70.50899,-33.34199],[-70.50862,-33.34165]]],[[[-70.51111,-33.33685],[-70.51333,-33.33551],[-70.51426,-33.33752],[-70.5138,-33.33879],[-70.51269,-33.33904],[-70.51111,-33.33685]]],[[[-70.49319,-33.34118],[-70.49383,-33.34089],[-70.49557,-33.34217],[-70.49669,-33.34408],[-70.4958,-33.34349],[-70.4953,-33.34393],[-70.49448,-33.34273],[-70.4928,-33.34164],[-70.49319,-33.34118]]],[[[-70.52688,-33.36603],[-70.52577,-33.36664],[-70.52515,-33.36649],[-70.5237,-33.36325],[-70.52255,-33.36185],[-70.52267,-33.36102],[-70.52485,-33.36285],[-70.52535,-33.36433],[-70.52607,-33.36424],[-70.52688,-33.36603]]],[[[-70.56983,-33.32454],[-70.56892,-33.32368],[-70.57026,-33.32365],[-70.56983,-33.32454]]],[[[-70.5605,-33.32162],[-70.56252,-33.31947],[-70.56372,-33.32052],[-70.56393,-33.32131],[-70.56489,-33.32124],[-70.56493,-33.32082],[-70.5688,-33.32314],[-70.57067,-33.32368],[-70.5687,-33.32349],[-70.568,-33.32274],[-70.56797,-33.32325],[-70.56895,-33.32416],[-70.5651,-33.32506],[-70.56374,-33.32251],[-70.56198,-33.32257],[-70.56123,-33.32308],[-70.56065,-33.32268],[-70.56138,-33.32232],[-70.5605,-33.32162]],[[-70.56695,-33.32202],[-70.56763,-33.32288],[-70.56786,-33.32257],[-70.56695,-33.32202]]],[[[-70.53011,-33.32841],[-70.52792,-33.33076],[-70.52807,-33.3299],[-70.53011,-33.32841]]],[[[-70.53849,-33.36461],[-70.53863,-33.36424],[-70.54094,-33.36457],[-70.54109,-33.36729],[-70.53756,-33.36721],[-70.53567,-33.36618],[-70.53447,-33.36648],[-70.53489,-33.36501],[-70.53564,-33.3645],[-70.53849,-33.36461]]],[[[-70.53504,-33.36412],[-70.5383,-33.36401],[-70.53821,-33.36456],[-70.53504,-33.36412]]],[[[-70.55219,-33.32704],[-70.5532,-33.32539],[-70.55252,-33.32414],[-70.55435,-33.32319],[-70.55628,-33.324],[-70.55648,-33.32435],[-70.5544,-33.32499],[-70.55367,-33.32673],[-70.55219,-33.32704]]],[[[-70.51936,-33.3223],[-70.51915,-33.32275],[-70.51858,-33.32198],[-70.51936,-33.3223]]],[[[-70.52114,-33.34601],[-70.52118,-33.34632],[-70.52175,-33.34605],[-70.51676,-33.34811],[-70.5172,-33.34793],[-70.51688,-33.34737],[-70.52114,-33.34601]]],[[[-70.55591,-33.33481],[-70.55709,-33.33403],[-70.56092,-33.33639],[-70.56082,-33.33674],[-70.56166,-33.33673],[-70.55973,-33.3372],[-70.55908,-33.33782],[-70.55947,-33.33887],[-70.56114,-33.33988],[-70.56093,-33.34101],[-70.55442,-33.33824],[-70.55501,-33.33768],[-70.55421,-33.33802],[-70.55409,-33.3371],[-70.5551,-33.33709],[-70.55551,-33.33487],[-70.55591,-33.33481]],[[-70.5583,-33.33642],[-70.55876,-33.33636],[-70.55813,-33.33595],[-70.55771,-33.33637],[-70.5583,-33.33642]]],[[[-70.54264,-33.32416],[-70.5436,-33.32184],[-70.5459,-33.31937],[-70.55217,-33.32023],[-70.55339,-33.32094],[-70.55387,-33.32199],[-70.55173,-33.32406],[-70.55151,-33.32345],[-70.54975,-33.3226],[-70.54805,-33.32263],[-70.54593,-33.32471],[-70.54383,-33.32591],[-70.54264,-33.32416]]],[[[-70.54613,-33.33873],[-70.54603,-33.33732],[-70.54781,-33.33705],[-70.54843,-33.3393],[-70.5474,-33.34086],[-70.54612,-33.34113],[-70.54613,-33.33873]]],[[[-70.54265,-33.33198],[-70.546,-33.33104],[-70.54773,-33.33669],[-70.54599,-33.33696],[-70.54265,-33.33198]]],[[[-70.53889,-33.3256],[-70.53923,-33.32389],[-70.54205,-33.32597],[-70.5425,-33.32833],[-70.54216,-33.33191],[-70.54141,-33.3321],[-70.54133,-33.33137],[-70.54089,-33.33209],[-70.53892,-33.33174],[-70.53791,-33.32863],[-70.53913,-33.32589],[-70.53889,-33.3256]]],[[[-70.53534,-33.32331],[-70.53619,-33.323],[-70.53603,-33.32421],[-70.53864,-33.32437],[-70.53855,-33.32674],[-70.53818,-33.32688],[-70.53809,-33.32538],[-70.53789,-33.32685],[-70.53849,-33.32697],[-70.53784,-33.32699],[-70.53772,-33.32735],[-70.53841,-33.3272],[-70.53764,-33.32863],[-70.53878,-33.33202],[-70.53575,-33.33176],[-70.53568,-33.33096],[-70.53435,-33.33014],[-70.53534,-33.32331]]],[[[-70.5005,-33.32483],[-70.5022,-33.32455],[-70.50237,-33.32542],[-70.50353,-33.32525],[-70.50386,-33.32601],[-70.5025,-33.32676],[-70.50183,-33.3279],[-70.50097,-33.32765],[-70.50068,-33.32747],[-70.5012,-33.32634],[-70.50035,-33.3257],[-70.5005,-33.32483]]],[[[-70.50265,-33.32689],[-70.50417,-33.3264],[-70.50629,-33.3328],[-70.50309,-33.33352],[-70.50146,-33.33173],[-70.50158,-33.3292],[-70.50265,-33.32689]],[[-70.50496,-33.33265],[-70.50541,-33.33249],[-70.50528,-33.33213],[-70.50476,-33.33226],[-70.50496,-33.33265]]],[[[-70.50438,-33.34074],[-70.50443,-33.33952],[-70.50311,-33.33912],[-70.50682,-33.33809],[-70.5073,-33.33911],[-70.50679,-33.33943],[-70.50819,-33.34272],[-70.50732,-33.34223],[-70.50844,-33.3438],[-70.5079,-33.34387],[-70.50686,-33.34264],[-70.50778,-33.34364],[-70.50749,-33.3448],[-70.50707,-33.34488],[-70.50704,-33.34357],[-70.50599,-33.34311],[-70.50583,-33.34199],[-70.50446,-33.34093],[-70.50539,-33.34083],[-70.50677,-33.34253],[-70.5054,-33.34076],[-70.5066,-33.34149],[-70.50592,-33.3407],[-70.50438,-33.34074]]],[[[-70.49787,-33.34438],[-70.50121,-33.34272],[-70.50355,-33.346],[-70.50177,-33.34654],[-70.49961,-33.3461],[-70.49787,-33.34438]]],[[[-70.53893,-33.35733],[-70.53862,-33.36048],[-70.53382,-33.35973],[-70.53459,-33.35589],[-70.53766,-33.35634],[-70.53751,-33.35713],[-70.53893,-33.35733]]],[[[-70.5276,-33.33835],[-70.53026,-33.33624],[-70.53005,-33.33507],[-70.5307,-33.33343],[-70.53417,-33.33194],[-70.5389,-33.33223],[-70.54073,-33.3359],[-70.54218,-33.33764],[-70.54215,-33.33818],[-70.54048,-33.3377],[-70.54044,-33.33818],[-70.53759,-33.33849],[-70.53757,-33.33906],[-70.53628,-33.3394],[-70.53543,-33.33838],[-70.53511,-33.34001],[-70.5335,-33.33966],[-70.53268,-33.33937],[-70.53241,-33.33859],[-70.53365,-33.33567],[-70.53309,-33.33555],[-70.53262,-33.33614],[-70.53207,-33.33448],[-70.53156,-33.33973],[-70.53063,-33.33933],[-70.53062,-33.34006],[-70.53028,-33.33995],[-70.52799,-33.33903],[-70.5276,-33.33835]],[[-70.53559,-33.33386],[-70.53328,-33.33363],[-70.53224,-33.33441],[-70.53293,-33.33444],[-70.53392,-33.33584],[-70.53375,-33.33482],[-70.53584,-33.335],[-70.53736,-33.33335],[-70.53559,-33.33386]],[[-70.5384,-33.33691],[-70.53895,-33.33674],[-70.5388,-33.3352],[-70.5384,-33.33691]],[[-70.53721,-33.33788],[-70.53918,-33.33756],[-70.53902,-33.33683],[-70.53721,-33.33788]],[[-70.54167,-33.33763],[-70.54057,-33.33701],[-70.54051,-33.33743],[-70.54167,-33.33763]]],[[[-70.54542,-33.31286],[-70.54909,-33.31175],[-70.5482,-33.31384],[-70.54843,-33.31486],[-70.55016,-33.31679],[-70.5471,-33.31748],[-70.54482,-33.31508],[-70.54364,-33.31446],[-70.54304,-33.31501],[-70.54364,-33.31435],[-70.54444,-33.31466],[-70.54402,-33.31415],[-70.54542,-33.31286]],[[-70.546,-33.31598],[-70.54644,-33.31689],[-70.54738,-33.31742],[-70.546,-33.31598]]],[[[-70.53789,-33.34784],[-70.53833,-33.34756],[-70.54153,-33.34871],[-70.54068,-33.35045],[-70.53759,-33.3504],[-70.53459,-33.35143],[-70.53395,-33.35088],[-70.53496,-33.3495],[-70.53789,-33.34784]]],[[[-70.50556,-33.32865],[-70.50866,-33.33082],[-70.50939,-33.33231],[-70.50897,-33.33294],[-70.50667,-33.33275],[-70.50574,-33.33062],[-70.50556,-33.32865]],[[-70.50666,-33.33122],[-70.50738,-33.33089],[-70.50648,-33.33073],[-70.50666,-33.33122]]],[[[-70.55337,-33.34254],[-70.55417,-33.34102],[-70.55417,-33.33864],[-70.56068,-33.34141],[-70.55604,-33.34423],[-70.55337,-33.34254]]],[[[-70.55057,-33.34154],[-70.55149,-33.34054],[-70.55378,-33.34078],[-70.553,-33.34236],[-70.55147,-33.34333],[-70.55057,-33.34154]]],[[[-70.51746,-33.34898],[-70.519,-33.3513],[-70.51865,-33.35079],[-70.51873,-33.35132],[-70.51685,-33.35117],[-70.51726,-33.35189],[-70.5143,-33.35143],[-70.51391,-33.35072],[-70.51336,-33.35066],[-70.51327,-33.35004],[-70.51746,-33.34898]]],[[[-70.52218,-33.3429],[-70.52465,-33.34321],[-70.5274,-33.34227],[-70.52911,-33.34276],[-70.52936,-33.3449],[-70.52856,-33.34722],[-70.52501,-33.34687],[-70.52464,-33.34813],[-70.52306,-33.34823],[-70.52218,-33.3429]]],[[[-70.54186,-33.31911],[-70.54475,-33.31872],[-70.5452,-33.31923],[-70.54358,-33.32118],[-70.54191,-33.32029],[-70.54055,-33.32212],[-70.53953,-33.32161],[-70.54061,-33.32098],[-70.54186,-33.31911]]],[[[-70.55089,-33.34627],[-70.54819,-33.34548],[-70.54882,-33.3438],[-70.55136,-33.34375],[-70.55337,-33.34254],[-70.55604,-33.34423],[-70.55431,-33.34689],[-70.55304,-33.3461],[-70.55089,-33.34627]]],[[[-70.49949,-33.34188],[-70.49989,-33.34316],[-70.49756,-33.34428],[-70.49677,-33.34394],[-70.4957,-33.34198],[-70.49686,-33.33973],[-70.49853,-33.34047],[-70.49884,-33.34118],[-70.49955,-33.34109],[-70.49949,-33.34178],[-70.49879,-33.34168],[-70.49949,-33.34188]]],[[[-70.55946,-33.32209],[-70.56008,-33.32219],[-70.55628,-33.324],[-70.55435,-33.32319],[-70.5567,-33.32358],[-70.55946,-33.32209]]],[[[-70.54909,-33.31175],[-70.55194,-33.31073],[-70.55134,-33.3123],[-70.55451,-33.31262],[-70.55468,-33.31306],[-70.55224,-33.3145],[-70.55123,-33.31653],[-70.55016,-33.31679],[-70.54932,-33.31589],[-70.55086,-33.31547],[-70.55131,-33.31612],[-70.5517,-33.3157],[-70.55086,-33.31518],[-70.54905,-33.31562],[-70.54843,-33.31486],[-70.5482,-33.31368],[-70.54909,-33.31175]]],[[[-70.49172,-33.34007],[-70.49092,-33.33929],[-70.49195,-33.33935],[-70.49326,-33.33839],[-70.49383,-33.3388],[-70.49172,-33.34007]]],[[[-70.54071,-33.32228],[-70.54184,-33.32073],[-70.54337,-33.32142],[-70.54246,-33.32329],[-70.54071,-33.32228]]],[[[-70.53953,-33.32161],[-70.54055,-33.32212],[-70.54191,-33.32029],[-70.54358,-33.32118],[-70.54338,-33.32145],[-70.54184,-33.32073],[-70.54071,-33.32228],[-70.53953,-33.32161]]],[[[-70.52203,-33.32437],[-70.52199,-33.32356],[-70.5232,-33.32446],[-70.52322,-33.32524],[-70.5228,-33.32544],[-70.52299,-33.32457],[-70.52203,-33.32437]]],[[[-70.51979,-33.32398],[-70.52003,-33.32339],[-70.51928,-33.32285],[-70.51951,-33.32236],[-70.52047,-33.32273],[-70.51979,-33.32398]]],[[[-70.5446,-33.33722],[-70.54243,-33.33755],[-70.54097,-33.33579],[-70.53918,-33.33219],[-70.54127,-33.33234],[-70.5446,-33.33722]]],[[[-70.54971,-33.32869],[-70.54934,-33.32864],[-70.55108,-33.326],[-70.55157,-33.32694],[-70.54971,-33.32869]]],[[[-70.55197,-33.32476],[-70.5527,-33.32537],[-70.55166,-33.32688],[-70.55116,-33.32588],[-70.55197,-33.32476]]],[[[-70.5447,-33.32608],[-70.54662,-33.32527],[-70.5476,-33.32381],[-70.54861,-33.32321],[-70.54966,-33.32321],[-70.55161,-33.32423],[-70.54926,-33.32744],[-70.54644,-33.33014],[-70.54429,-33.32649],[-70.5447,-33.32608]]],[[[-70.52723,-33.359],[-70.53027,-33.35933],[-70.52923,-33.36543],[-70.52688,-33.36603],[-70.52607,-33.36424],[-70.52795,-33.36406],[-70.52792,-33.36119],[-70.52646,-33.36089],[-70.52723,-33.359]]],[[[-70.52435,-33.35913],[-70.52508,-33.35846],[-70.5255,-33.35887],[-70.52435,-33.35913]]],[[[-70.5319,-33.35575],[-70.53054,-33.35914],[-70.5336,-33.35969],[-70.5345,-33.35587],[-70.53382,-33.35973],[-70.53862,-33.36048],[-70.53911,-33.35708],[-70.54299,-33.35848],[-70.53925,-33.35724],[-70.53897,-33.36057],[-70.54364,-33.36133],[-70.54106,-33.36176],[-70.54164,-33.36258],[-70.54354,-33.3628],[-70.54394,-33.36337],[-70.54368,-33.36388],[-70.541,-33.36458],[-70.53474,-33.36378],[-70.53313,-33.36529],[-70.52947,-33.36562],[-70.52988,-33.36732],[-70.53269,-33.36729],[-70.53548,-33.36617],[-70.53778,-33.36724],[-70.54156,-33.36729],[-70.54422,-33.36672],[-70.54184,-33.36743],[-70.53771,-33.36737],[-70.5354,-33.36626],[-70.53273,-33.36737],[-70.53044,-33.36769],[-70.52815,-33.36764],[-70.52513,-33.36663],[-70.52381,-33.36674],[-70.52305,-33.36735],[-70.5222,-33.36716],[-70.52304,-33.36726],[-70.52509,-33.36623],[-70.52275,-33.36253],[-70.52241,-33.36164],[-70.52271,-33.3609],[-70.52255,-33.36185],[-70.5237,-33.36325],[-70.52515,-33.36649],[-70.52577,-33.36664],[-70.52759,-33.36563],[-70.52923,-33.36543],[-70.53027,-33.35933],[-70.52761,-33.35883],[-70.53033,-33.35911],[-70.5319,-33.35575]],[[-70.53204,-33.35964],[-70.53048,-33.35936],[-70.52947,-33.36543],[-70.5325,-33.36517],[-70.53338,-33.36077],[-70.53272,-33.36515],[-70.53466,-33.36361],[-70.53809,-33.36382],[-70.53862,-33.36073],[-70.53204,-33.35964]],[[-70.54108,-33.36124],[-70.53893,-33.36082],[-70.53825,-33.36383],[-70.54154,-33.36129],[-70.54108,-33.36124]],[[-70.53883,-33.3639],[-70.54083,-33.36444],[-70.54238,-33.3642],[-70.54345,-33.36366],[-70.54335,-33.36289],[-70.54159,-33.36268],[-70.54096,-33.36183],[-70.53883,-33.3639]],[[-70.52971,-33.36761],[-70.52925,-33.36564],[-70.52775,-33.36578],[-70.526,-33.36673],[-70.52808,-33.36753],[-70.52971,-33.36761]]],[[[-70.51385,-33.3301],[-70.51745,-33.32953],[-70.51742,-33.33053],[-70.51956,-33.33041],[-70.51985,-33.33244],[-70.51835,-33.33191],[-70.51869,-33.3322],[-70.51683,-33.33198],[-70.51688,-33.33232],[-70.51501,-33.3325],[-70.51517,-33.33196],[-70.51475,-33.33201],[-70.51482,-33.33252],[-70.51402,-33.33247],[-70.51335,-33.33074],[-70.51396,-33.33067],[-70.51385,-33.3301]]],[[[-70.54094,-33.36457],[-70.54368,-33.36388],[-70.54394,-33.36337],[-70.54419,-33.3665],[-70.54109,-33.36729],[-70.54094,-33.36457]]],[[[-70.52446,-33.33295],[-70.52436,-33.3305],[-70.52773,-33.33093],[-70.52554,-33.33148],[-70.52446,-33.33295]]],[[[-70.51745,-33.32953],[-70.51712,-33.32652],[-70.51908,-33.32693],[-70.51956,-33.33041],[-70.51822,-33.33047],[-70.51745,-33.32953]]],[[[-70.51371,-33.327],[-70.51712,-33.32652],[-70.51745,-33.32953],[-70.51385,-33.3301],[-70.51371,-33.327]]],[[[-70.5116,-33.33073],[-70.51177,-33.32719],[-70.51371,-33.327],[-70.51386,-33.33023],[-70.51336,-33.33077],[-70.5116,-33.33073]]],[[[-70.52791,-33.3324],[-70.52809,-33.3313],[-70.52996,-33.33098],[-70.53025,-33.33199],[-70.52791,-33.3324]]],[[[-70.52996,-33.33098],[-70.53321,-33.32945],[-70.53435,-33.33014],[-70.53025,-33.33199],[-70.52996,-33.33098]]],[[[-70.53025,-33.33199],[-70.53435,-33.33014],[-70.53575,-33.3311],[-70.53575,-33.33176],[-70.53391,-33.33174],[-70.5306,-33.33319],[-70.53025,-33.33199]]],[[[-70.54655,-33.34551],[-70.54762,-33.34333],[-70.54861,-33.34375],[-70.54784,-33.34582],[-70.54655,-33.34551]]],[[[-70.55149,-33.34054],[-70.55194,-33.33769],[-70.55375,-33.33846],[-70.55378,-33.34078],[-70.55149,-33.34054]]],[[[-70.55147,-33.34333],[-70.54973,-33.34357],[-70.54778,-33.34298],[-70.54912,-33.34152],[-70.55057,-33.34154],[-70.55147,-33.34333]]],[[[-70.54309,-33.34246],[-70.54367,-33.34247],[-70.54383,-33.34449],[-70.54272,-33.34474],[-70.54105,-33.34854],[-70.53833,-33.34756],[-70.53895,-33.34737],[-70.53847,-33.34722],[-70.53871,-33.34686],[-70.53943,-33.3471],[-70.53982,-33.34652],[-70.53915,-33.34563],[-70.54011,-33.3447],[-70.54159,-33.34429],[-70.5423,-33.34289],[-70.54309,-33.34246]]],[[[-70.538,-33.35429],[-70.53494,-33.35163],[-70.53751,-33.35058],[-70.54056,-33.35059],[-70.53929,-33.35304],[-70.538,-33.35429]]],[[[-70.53459,-33.35143],[-70.53759,-33.3504],[-70.54068,-33.35045],[-70.53751,-33.35058],[-70.53494,-33.35163],[-70.53797,-33.35431],[-70.53459,-33.35143]]],[[[-70.53248,-33.35415],[-70.53339,-33.35264],[-70.53464,-33.35188],[-70.53766,-33.35449],[-70.53688,-33.35502],[-70.53248,-33.35415]]],[[[-70.53438,-33.35158],[-70.5377,-33.35446],[-70.53464,-33.35188],[-70.53339,-33.35264],[-70.53225,-33.35429],[-70.53291,-33.35291],[-70.53438,-33.35158]]],[[[-70.53628,-33.3394],[-70.53757,-33.33906],[-70.53778,-33.33955],[-70.53722,-33.34142],[-70.53617,-33.34292],[-70.53465,-33.34384],[-70.53224,-33.34262],[-70.53135,-33.34418],[-70.52936,-33.3449],[-70.52911,-33.34276],[-70.52996,-33.34236],[-70.52966,-33.34129],[-70.5313,-33.34117],[-70.53174,-33.34171],[-70.53341,-33.34178],[-70.53497,-33.34244],[-70.53628,-33.3394]]],[[[-70.49276,-33.34184],[-70.49448,-33.34273],[-70.4953,-33.34393],[-70.49276,-33.34184]]],[[[-70.49179,-33.34131],[-70.49432,-33.34286],[-70.4951,-33.34411],[-70.49481,-33.34439],[-70.49446,-33.34327],[-70.49179,-33.34131]]],[[[-70.50353,-33.32525],[-70.50556,-33.32865],[-70.50574,-33.33062],[-70.50667,-33.33275],[-70.50908,-33.33299],[-70.50906,-33.3333],[-70.50682,-33.3331],[-70.50775,-33.33507],[-70.51029,-33.33679],[-70.51109,-33.3385],[-70.51233,-33.33938],[-70.511,-33.33875],[-70.50971,-33.34089],[-70.511,-33.34269],[-70.50957,-33.34486],[-70.51065,-33.3481],[-70.51013,-33.35015],[-70.5101,-33.34672],[-70.50835,-33.34613],[-70.50969,-33.34619],[-70.50933,-33.34472],[-70.51072,-33.34278],[-70.50944,-33.34102],[-70.51081,-33.33857],[-70.51039,-33.33767],[-70.50311,-33.33912],[-70.50447,-33.33958],[-70.50448,-33.34096],[-70.50583,-33.34199],[-70.50606,-33.3432],[-70.50713,-33.34371],[-70.50699,-33.34502],[-70.50329,-33.34592],[-70.50106,-33.34269],[-70.49721,-33.34437],[-70.4955,-33.34205],[-70.4967,-33.33969],[-70.49654,-33.33785],[-70.49871,-33.33625],[-70.50079,-33.33722],[-70.50292,-33.3391],[-70.50615,-33.33811],[-70.50593,-33.33789],[-70.51032,-33.33755],[-70.50774,-33.33568],[-70.50655,-33.33294],[-70.50323,-33.33391],[-70.50288,-33.33597],[-70.50307,-33.33375],[-70.50116,-33.33098],[-70.50217,-33.32716],[-70.50386,-33.32601],[-70.50353,-33.32525]],[[-70.50265,-33.32689],[-70.50158,-33.3292],[-70.50146,-33.33173],[-70.50309,-33.33352],[-70.50629,-33.3328],[-70.50417,-33.3264],[-70.50265,-33.32689]],[[-70.49989,-33.34003],[-70.50079,-33.33947],[-70.50207,-33.33972],[-70.50276,-33.3392],[-70.49904,-33.33629],[-70.49668,-33.33781],[-70.49685,-33.33977],[-70.4957,-33.34198],[-70.49694,-33.3441],[-70.49788,-33.34423],[-70.49989,-33.34316],[-70.49956,-33.3407],[-70.49985,-33.34295],[-70.50157,-33.34274],[-70.50331,-33.34577],[-70.50678,-33.34473],[-70.50698,-33.34376],[-70.50595,-33.3433],[-70.5057,-33.34206],[-70.50434,-33.34102],[-70.50423,-33.33954],[-70.50311,-33.33926],[-70.50206,-33.33986],[-70.50074,-33.3396],[-70.49989,-33.34003]]],[[[-70.52124,-33.33437],[-70.52474,-33.33306],[-70.52585,-33.33159],[-70.52751,-33.33137],[-70.52758,-33.33802],[-70.526,-33.33967],[-70.52201,-33.34152],[-70.52185,-33.34068],[-70.52144,-33.34074],[-70.52083,-33.33623],[-70.52125,-33.33619],[-70.52124,-33.33437]]],[[[-70.52022,-33.33181],[-70.51995,-33.32998],[-70.52436,-33.3305],[-70.52446,-33.33295],[-70.5217,-33.33402],[-70.52129,-33.3335],[-70.52049,-33.33377],[-70.52088,-33.33334],[-70.52036,-33.33284],[-70.52103,-33.33251],[-70.52032,-33.33259],[-70.52024,-33.33194],[-70.52095,-33.33181],[-70.52022,-33.33181]]],[[[-70.51722,-33.33228],[-70.51985,-33.33244],[-70.51903,-33.3325],[-70.51973,-33.33336],[-70.51914,-33.33353],[-70.52003,-33.33357],[-70.51924,-33.33365],[-70.52005,-33.3337],[-70.52014,-33.3344],[-70.51831,-33.33504],[-70.51571,-33.33507],[-70.51485,-33.33498],[-70.51472,-33.33416],[-70.5141,-33.33416],[-70.51478,-33.33384],[-70.51465,-33.33253],[-70.51722,-33.33228]]],[[[-70.51073,-33.33261],[-70.5116,-33.33073],[-70.51336,-33.33077],[-70.51367,-33.33221],[-70.51465,-33.33253],[-70.51478,-33.33384],[-70.51085,-33.33416],[-70.51044,-33.33291],[-70.51101,-33.3328],[-70.51073,-33.33261]]],[[[-70.53516,-33.31616],[-70.53612,-33.31893],[-70.53894,-33.3235],[-70.53975,-33.32364],[-70.54196,-33.3257],[-70.5424,-33.32472],[-70.5426,-33.32648],[-70.54348,-33.32633],[-70.54267,-33.32676],[-70.54257,-33.33182],[-70.54611,-33.33075],[-70.54856,-33.33876],[-70.54848,-33.33977],[-70.54776,-33.34082],[-70.54609,-33.3413],[-70.54594,-33.34187],[-70.5458,-33.33718],[-70.54218,-33.33783],[-70.5389,-33.33223],[-70.53417,-33.33194],[-70.5307,-33.33343],[-70.53005,-33.33507],[-70.53026,-33.33624],[-70.52625,-33.33979],[-70.52186,-33.34176],[-70.526,-33.33967],[-70.5276,-33.33793],[-70.52751,-33.33137],[-70.52585,-33.33159],[-70.52474,-33.33306],[-70.52124,-33.33437],[-70.52458,-33.33288],[-70.52564,-33.33143],[-70.52773,-33.33092],[-70.52666,-33.33027],[-70.52377,-33.32978],[-70.52335,-33.32789],[-70.52416,-33.32972],[-70.52687,-33.3301],[-70.52805,-33.33108],[-70.52993,-33.33087],[-70.53242,-33.32997],[-70.5333,-33.32901],[-70.5337,-33.32535],[-70.53295,-33.32474],[-70.53151,-33.32467],[-70.53291,-33.32461],[-70.53382,-33.32531],[-70.53315,-33.32953],[-70.52791,-33.33147],[-70.52773,-33.33798],[-70.53004,-33.3361],[-70.52978,-33.33504],[-70.53034,-33.33352],[-70.53134,-33.33267],[-70.53404,-33.33172],[-70.53878,-33.33202],[-70.53764,-33.32863],[-70.53855,-33.32674],[-70.53878,-33.3234],[-70.53704,-33.32066],[-70.53572,-33.32119],[-70.53688,-33.32065],[-70.53563,-33.31848],[-70.53516,-33.31616]],[[-70.53944,-33.32393],[-70.53894,-33.32386],[-70.53881,-33.32678],[-70.53791,-33.32859],[-70.53867,-33.33105],[-70.53906,-33.33197],[-70.54216,-33.33191],[-70.5425,-33.32833],[-70.54206,-33.32599],[-70.53944,-33.32393]],[[-70.54265,-33.33198],[-70.54599,-33.33696],[-70.54773,-33.33669],[-70.546,-33.33104],[-70.54265,-33.33198]],[[-70.54127,-33.33234],[-70.53918,-33.33219],[-70.54097,-33.33579],[-70.54243,-33.33755],[-70.54557,-33.33707],[-70.54226,-33.33212],[-70.54127,-33.33234]],[[-70.54613,-33.33873],[-70.54612,-33.34113],[-70.5474,-33.34086],[-70.54843,-33.3393],[-70.54781,-33.33705],[-70.54603,-33.33732],[-70.54613,-33.33873]]],[[[-70.51595,-33.32606],[-70.51194,-33.32646],[-70.51182,-33.32598],[-70.51202,-33.32499],[-70.51543,-33.32341],[-70.51595,-33.32606]]],[[[-70.5147,-33.32231],[-70.51734,-33.32109],[-70.51778,-33.32202],[-70.51166,-33.32475],[-70.5122,-33.32312],[-70.5147,-33.32231]]],[[[-70.51969,-33.32803],[-70.5234,-33.32766],[-70.52327,-33.32858],[-70.52273,-33.32866],[-70.52328,-33.32876],[-70.52351,-33.32952],[-70.52307,-33.33011],[-70.5236,-33.32963],[-70.52676,-33.33031],[-70.52726,-33.33085],[-70.51995,-33.32998],[-70.51979,-33.32882],[-70.52026,-33.32878],[-70.52029,-33.3282],[-70.51969,-33.32803]]],[[[-70.51543,-33.32341],[-70.5179,-33.32226],[-70.51853,-33.32307],[-70.51881,-33.32507],[-70.5158,-33.32491],[-70.51543,-33.32341]]],[[[-70.51734,-33.32109],[-70.51873,-33.32295],[-70.51904,-33.32505],[-70.5179,-33.32226],[-70.51202,-33.32499],[-70.51183,-33.3261],[-70.51194,-33.32646],[-70.51372,-33.32649],[-70.51595,-33.32606],[-70.51929,-33.32671],[-70.52136,-33.34168],[-70.51567,-33.34087],[-70.51467,-33.33932],[-70.51381,-33.33901],[-70.51487,-33.33917],[-70.51577,-33.34067],[-70.52112,-33.34153],[-70.52018,-33.33462],[-70.51819,-33.33529],[-70.51391,-33.33527],[-70.51097,-33.33677],[-70.51387,-33.33516],[-70.51815,-33.33506],[-70.52014,-33.3344],[-70.51908,-33.32693],[-70.51656,-33.32648],[-70.51201,-33.32695],[-70.51147,-33.32813],[-70.51133,-33.33201],[-70.50961,-33.33311],[-70.51106,-33.33155],[-70.5111,-33.32763],[-70.51178,-33.32654],[-70.51166,-33.32475],[-70.51778,-33.32202],[-70.51734,-33.32109]]],[[[-70.53094,-33.31833],[-70.53133,-33.31821],[-70.52968,-33.31977],[-70.53094,-33.31833]]]]}},{"type":"Feature","properties":{"ZONA":"ZHE-2.2"},"geometry":{"type":"MultiPolygon","coordinates":[[[[-70.50219,-33.36025],[-70.50295,-33.35825],[-70.5053,-33.3592],[-70.5048,-33.36091],[-70.50344,-33.36054],[-70.50353,-33.3598],[-70.50316,-33.3597],[-70.5029,-33.36043],[-70.50219,-33.36025]]],[[[-70.50321,-33.35684],[-70.50355,-33.35633],[-70.50337,-33.35681],[-70.50596,-33.35758],[-70.50332,-33.35694],[-70.50212,-33.36023],[-70.50321,-33.35684]]],[[[-70.50634,-33.35165],[-70.50759,-33.3512],[-70.50746,-33.35229],[-70.50853,-33.35315],[-70.50763,-33.35337],[-70.50634,-33.35165]]],[[[-70.50677,-33.35528],[-70.50422,-33.35463],[-70.5046,-33.35358],[-70.5071,-33.35439],[-70.50677,-33.35528]]],[[[-70.50864,-33.35247],[-70.50937,-33.35229],[-70.50972,-33.35313],[-70.5085,-33.35349],[-70.50827,-33.35253],[-70.50864,-33.35247]]],[[[-70.50875,-33.35356],[-70.50967,-33.3533],[-70.51004,-33.35483],[-70.5096,-33.35601],[-70.50869,-33.35575],[-70.50904,-33.35465],[-70.50875,-33.35356]]],[[[-70.50764,-33.3571],[-70.50815,-33.35575],[-70.51007,-33.35647],[-70.50935,-33.35788],[-70.50756,-33.35741],[-70.50764,-33.3571]]],[[[-70.50936,-33.36229],[-70.50968,-33.36089],[-70.51205,-33.36142],[-70.51162,-33.36259],[-70.51046,-33.36177],[-70.50972,-33.3617],[-70.50936,-33.36229]]],[[[-70.50423,-33.35704],[-70.50337,-33.35681],[-70.50355,-33.35633],[-70.50428,-33.35653],[-70.50423,-33.35704]]],[[[-70.50366,-33.35605],[-70.50417,-33.35476],[-70.50665,-33.35539],[-70.50582,-33.3575],[-70.5046,-33.35716],[-70.5045,-33.35628],[-70.50366,-33.35605]]],[[[-70.5099,-33.3608],[-70.51043,-33.3586],[-70.51275,-33.35958],[-70.51215,-33.3613],[-70.5099,-33.3608]]],[[[-70.50413,-33.35159],[-70.50567,-33.35118],[-70.50405,-33.35176],[-70.50468,-33.35324],[-70.50712,-33.35428],[-70.5046,-33.35358],[-70.50422,-33.35463],[-70.50675,-33.3554],[-70.50417,-33.35476],[-70.50353,-33.35602],[-70.50456,-33.3533],[-70.50413,-33.35159]]],[[[-70.50567,-33.35118],[-70.50764,-33.35105],[-70.50624,-33.35181],[-70.50763,-33.35337],[-70.50615,-33.35195],[-70.50687,-33.35106],[-70.50567,-33.35118]]],[[[-70.50295,-33.35825],[-70.50332,-33.35694],[-70.50595,-33.35761],[-70.50589,-33.35815],[-70.50518,-33.35796],[-70.5053,-33.3592],[-70.50295,-33.35825]]],[[[-70.51043,-33.3586],[-70.51098,-33.3571],[-70.51279,-33.35762],[-70.51214,-33.3593],[-70.51043,-33.3586]]],[[[-70.50673,-33.35979],[-70.50717,-33.3585],[-70.50908,-33.35901],[-70.50865,-33.36059],[-70.50816,-33.36006],[-70.50811,-33.36045],[-70.50681,-33.36038],[-70.50673,-33.35979]]],[[[-70.50635,-33.3512],[-70.50617,-33.35253],[-70.50737,-33.35332],[-70.50711,-33.35416],[-70.5049,-33.35351],[-70.50405,-33.35176],[-70.50635,-33.3512]]],[[[-70.50608,-33.36102],[-70.50647,-33.35993],[-70.5065,-33.3603],[-70.50811,-33.36045],[-70.50795,-33.36094],[-70.50865,-33.36059],[-70.50788,-33.36227],[-70.50653,-33.36191],[-70.50678,-33.36121],[-70.50608,-33.36102]]]]}},{"type":"Feature","properties":{"ZONA":"ZHE-3"},"geometry":{"type":"MultiPolygon","coordinates":[[[[-70.49041,-33.35477],[-70.49253,-33.35283],[-70.49389,-33.35223],[-70.49253,-33.35458],[-70.49267,-33.35625],[-70.49136,-33.35576],[-70.49095,-33.35472],[-70.49041,-33.35477]]],[[[-70.48727,-33.33906],[-70.48661,-33.33834],[-70.48711,-33.33809],[-70.48723,-33.33727],[-70.48817,-33.33948],[-70.48727,-33.33906]]],[[[-70.48957,-33.35129],[-70.49072,-33.35083],[-70.49137,-33.35151],[-70.48979,-33.35294],[-70.48957,-33.35129]]],[[[-70.48564,-33.34445],[-70.48431,-33.34422],[-70.48428,-33.3429],[-70.48718,-33.34439],[-70.48678,-33.34497],[-70.48696,-33.34617],[-70.48815,-33.34698],[-70.48945,-33.34697],[-70.48926,-33.34825],[-70.48572,-33.3468],[-70.48641,-33.3462],[-70.48564,-33.34445]]],[[[-70.48963,-33.3558],[-70.49053,-33.35717],[-70.4899,-33.35724],[-70.48987,-33.35817],[-70.4895,-33.35826],[-70.48889,-33.35735],[-70.4894,-33.35622],[-70.4898,-33.35622],[-70.48963,-33.3558]]],[[[-70.48707,-33.35161],[-70.48633,-33.35166],[-70.48619,-33.35075],[-70.48535,-33.3499],[-70.48541,-33.34915],[-70.48643,-33.34879],[-70.48594,-33.34845],[-70.48723,-33.34875],[-70.48637,-33.34927],[-70.48776,-33.34867],[-70.48827,-33.34911],[-70.48781,-33.35013],[-70.48837,-33.35083],[-70.48816,-33.35155],[-70.48707,-33.35161]]],[[[-70.48583,-33.34681],[-70.48924,-33.34831],[-70.48636,-33.34926],[-70.48723,-33.34875],[-70.48513,-33.34809],[-70.48516,-33.34734],[-70.48637,-33.34734],[-70.48583,-33.34681]]],[[[-70.48814,-33.35134],[-70.48894,-33.3515],[-70.48886,-33.35414],[-70.48979,-33.35456],[-70.48948,-33.35515],[-70.48862,-33.35407],[-70.48814,-33.35134]]],[[[-70.48612,-33.34205],[-70.48647,-33.34068],[-70.48592,-33.34015],[-70.48577,-33.33876],[-70.4883,-33.33956],[-70.48906,-33.34037],[-70.48797,-33.33998],[-70.48614,-33.34282],[-70.48612,-33.34205]]],[[[-70.49321,-33.33695],[-70.49348,-33.33665],[-70.49499,-33.33739],[-70.49331,-33.33821],[-70.49288,-33.33807],[-70.49321,-33.33695]]],[[[-70.48844,-33.35784],[-70.48894,-33.35622],[-70.4894,-33.35622],[-70.48844,-33.35784]]],[[[-70.48724,-33.35662],[-70.48894,-33.35622],[-70.48844,-33.35784],[-70.48724,-33.35662]]],[[[-70.53216,-33.36762],[-70.53193,-33.36858],[-70.53139,-33.36881],[-70.5272,-33.3684],[-70.52761,-33.36767],[-70.53216,-33.36762]]],[[[-70.54459,-33.36751],[-70.54494,-33.36672],[-70.54537,-33.36726],[-70.54459,-33.36751]]],[[[-70.5203,-33.36925],[-70.52067,-33.36816],[-70.5223,-33.36722],[-70.5231,-33.36746],[-70.52387,-33.36685],[-70.52518,-33.36676],[-70.52691,-33.36736],[-70.52421,-33.36773],[-70.52241,-33.36835],[-70.52233,-33.3688],[-70.52157,-33.36866],[-70.5203,-33.36925]]],[[[-70.5354,-33.36644],[-70.53777,-33.36751],[-70.54357,-33.36721],[-70.54128,-33.36817],[-70.53956,-33.36781],[-70.53777,-33.36812],[-70.53631,-33.36768],[-70.53629,-33.36701],[-70.53551,-33.36722],[-70.5354,-33.36644]]],[[[-70.54773,-33.36112],[-70.54873,-33.35976],[-70.54821,-33.36086],[-70.54863,-33.36357],[-70.5456,-33.36706],[-70.54504,-33.3655],[-70.54702,-33.36279],[-70.54795,-33.36284],[-70.54773,-33.36112]]],[[[-70.54648,-33.35528],[-70.54673,-33.35472],[-70.54761,-33.35484],[-70.54721,-33.35533],[-70.54648,-33.35528]]],[[[-70.48738,-33.35173],[-70.48843,-33.35182],[-70.48862,-33.35407],[-70.48931,-33.35549],[-70.48796,-33.35532],[-70.48738,-33.35173]]],[[[-70.54422,-33.36672],[-70.54504,-33.3655],[-70.5456,-33.36706],[-70.54494,-33.36672],[-70.54447,-33.36753],[-70.54412,-33.36754],[-70.54455,-33.36657],[-70.54357,-33.36721],[-70.54132,-33.36758],[-70.53753,-33.36748],[-70.53542,-33.36644],[-70.53286,-33.36753],[-70.53033,-33.36788],[-70.52389,-33.36684],[-70.52083,-33.36803],[-70.52018,-33.36942],[-70.52076,-33.36797],[-70.52387,-33.36672],[-70.52539,-33.36666],[-70.52906,-33.36771],[-70.53273,-33.36737],[-70.5354,-33.36626],[-70.53771,-33.36737],[-70.54184,-33.36743],[-70.54422,-33.36672]]],[[[-70.49028,-33.35432],[-70.49389,-33.3518],[-70.49371,-33.35237],[-70.49253,-33.35283],[-70.49041,-33.35477],[-70.49028,-33.35432]]],[[[-70.54758,-33.35019],[-70.54812,-33.34887],[-70.54922,-33.34803],[-70.55152,-33.34713],[-70.55198,-33.34776],[-70.54951,-33.34813],[-70.54833,-33.34894],[-70.54758,-33.35019]]],[[[-70.54779,-33.35023],[-70.54833,-33.34894],[-70.54951,-33.34813],[-70.55219,-33.34799],[-70.55005,-33.34822],[-70.54858,-33.34912],[-70.54731,-33.35383],[-70.54779,-33.35023]]],[[[-70.5486,-33.36076],[-70.54924,-33.35835],[-70.55044,-33.35985],[-70.55114,-33.36007],[-70.55067,-33.36149],[-70.5488,-33.36334],[-70.5486,-33.36076]]],[[[-70.54779,-33.36077],[-70.54703,-33.35985],[-70.5477,-33.35793],[-70.54762,-33.35653],[-70.54876,-33.35694],[-70.54889,-33.35773],[-70.54877,-33.35909],[-70.54779,-33.36077]]],[[[-70.54876,-33.35694],[-70.54926,-33.35903],[-70.5484,-33.36082],[-70.54863,-33.36357],[-70.54821,-33.36086],[-70.54873,-33.35976],[-70.54768,-33.36101],[-70.54888,-33.35873],[-70.54876,-33.35694]]],[[[-70.54755,-33.35029],[-70.54711,-33.35398],[-70.5468,-33.35327],[-70.54755,-33.35029]]],[[[-70.53246,-33.36759],[-70.5354,-33.36644],[-70.53416,-33.36717],[-70.53382,-33.36823],[-70.53282,-33.36781],[-70.53236,-33.36807],[-70.53246,-33.36759]]],[[[-70.48475,-33.34287],[-70.48545,-33.34288],[-70.48612,-33.34205],[-70.48591,-33.34304],[-70.48475,-33.34287]]],[[[-70.48621,-33.34642],[-70.48442,-33.34617],[-70.48485,-33.34488],[-70.48564,-33.34445],[-70.48621,-33.34642]]],[[[-70.48804,-33.33716],[-70.48924,-33.33706],[-70.48908,-33.33668],[-70.49021,-33.3373],[-70.48899,-33.33806],[-70.49035,-33.33878],[-70.48992,-33.33932],[-70.4912,-33.33876],[-70.49129,-33.33759],[-70.49352,-33.33826],[-70.49195,-33.33935],[-70.49092,-33.33929],[-70.49172,-33.34007],[-70.49158,-33.34057],[-70.48917,-33.3406],[-70.48752,-33.33831],[-70.48804,-33.33716]]],[[[-70.54753,-33.35342],[-70.54858,-33.34912],[-70.5494,-33.34854],[-70.55161,-33.3486],[-70.55136,-33.34934],[-70.54953,-33.34951],[-70.54894,-33.35029],[-70.54896,-33.35172],[-70.54834,-33.35166],[-70.54813,-33.35307],[-70.54753,-33.35342]]],[[[-70.55625,-33.34942],[-70.55522,-33.34902],[-70.55506,-33.34798],[-70.55628,-33.3488],[-70.55625,-33.34942]]]]}},{"type":"Feature","properties":{"ZONA":"ZHP-4.2"},"geometry":{"type":"MultiPolygon","coordinates":[[[[-70.51993,-33.36844],[-70.52109,-33.36637],[-70.522,-33.36651],[-70.52219,-33.36707],[-70.51993,-33.36844]]],[[[-70.54402,-33.34463],[-70.54533,-33.34376],[-70.54603,-33.34264],[-70.54733,-33.34293],[-70.54633,-33.3429],[-70.54423,-33.34475],[-70.54543,-33.34511],[-70.54404,-33.34485],[-70.54371,-33.3457],[-70.5444,-33.34596],[-70.54365,-33.34588],[-70.54141,-33.35032],[-70.54402,-33.34463]]],[[[-70.54159,-33.35036],[-70.54308,-33.3473],[-70.5436,-33.34819],[-70.54192,-33.35046],[-70.54159,-33.35036]]],[[[-70.54548,-33.34505],[-70.54423,-33.34475],[-70.54633,-33.3429],[-70.5472,-33.34307],[-70.54548,-33.34505]]],[[[-70.52306,-33.34823],[-70.52465,-33.34828],[-70.52359,-33.34967],[-70.52264,-33.34983],[-70.52243,-33.34829],[-70.52306,-33.34823]]],[[[-70.52464,-33.35081],[-70.52717,-33.35142],[-70.52715,-33.35335],[-70.52534,-33.35314],[-70.52551,-33.35211],[-70.52464,-33.35081]]],[[[-70.52733,-33.35143],[-70.52835,-33.3514],[-70.52834,-33.3537],[-70.52731,-33.35336],[-70.52733,-33.35143]]],[[[-70.54346,-33.34634],[-70.54365,-33.34588],[-70.54424,-33.34601],[-70.54407,-33.34648],[-70.54346,-33.34634]]],[[[-70.5217,-33.3269],[-70.52419,-33.3265],[-70.5234,-33.32766],[-70.51969,-33.32803],[-70.51955,-33.32706],[-70.5217,-33.3269]]],[[[-70.5457,-33.36321],[-70.54557,-33.36217],[-70.54702,-33.36279],[-70.54588,-33.36435],[-70.5457,-33.36321]]],[[[-70.51301,-33.35546],[-70.51409,-33.35328],[-70.51574,-33.35427],[-70.51683,-33.35569],[-70.51484,-33.35638],[-70.51301,-33.35546]]],[[[-70.50967,-33.3533],[-70.51058,-33.35303],[-70.51087,-33.35491],[-70.51004,-33.35483],[-70.50967,-33.3533]]],[[[-70.51128,-33.35503],[-70.51085,-33.35299],[-70.51398,-33.35324],[-70.51289,-33.35543],[-70.51128,-33.35503]]],[[[-70.52264,-33.34983],[-70.52522,-33.35137],[-70.52526,-33.35279],[-70.52362,-33.35298],[-70.52345,-33.35138],[-70.52286,-33.35149],[-70.52264,-33.34983]]],[[[-70.51068,-33.35294],[-70.51429,-33.35328],[-70.51579,-33.35422],[-70.5169,-33.35565],[-70.51574,-33.35427],[-70.51409,-33.35328],[-70.51226,-33.35741],[-70.51102,-33.35704],[-70.50956,-33.35606],[-70.51045,-33.35656],[-70.51101,-33.35504],[-70.51058,-33.35303],[-70.50964,-33.35323],[-70.51068,-33.35294]],[[-70.51289,-33.35543],[-70.51398,-33.35324],[-70.51085,-33.35299],[-70.51129,-33.35497],[-70.51069,-33.35674],[-70.51223,-33.35733],[-70.51289,-33.35543]]],[[[-70.5254,-33.35316],[-70.52715,-33.35335],[-70.52733,-33.35143],[-70.52731,-33.35336],[-70.52834,-33.35381],[-70.5254,-33.35316]]],[[[-70.54442,-33.34587],[-70.54371,-33.3457],[-70.54404,-33.34485],[-70.54477,-33.34501],[-70.54442,-33.34587]]],[[[-70.53225,-33.35429],[-70.53236,-33.35469],[-70.53672,-33.35551],[-70.52936,-33.35441],[-70.53217,-33.35466],[-70.53225,-33.35429]]],[[[-70.54105,-33.34854],[-70.54192,-33.34684],[-70.5428,-33.34714],[-70.54111,-33.35055],[-70.54068,-33.35045],[-70.54153,-33.34871],[-70.54105,-33.34854]]],[[[-70.53928,-33.35294],[-70.54056,-33.35059],[-70.54104,-33.3507],[-70.53961,-33.35322],[-70.53928,-33.35294]]],[[[-70.53427,-33.35498],[-70.53437,-33.35452],[-70.53688,-33.35502],[-70.53675,-33.35535],[-70.53427,-33.35498]]],[[[-70.52935,-33.35426],[-70.52953,-33.35388],[-70.53225,-33.35429],[-70.53217,-33.35466],[-70.52935,-33.35426]]],[[[-70.5112,-33.35528],[-70.51289,-33.35543],[-70.51223,-33.35733],[-70.51069,-33.35674],[-70.5112,-33.35528]]],[[[-70.5096,-33.35601],[-70.51004,-33.35483],[-70.51087,-33.35491],[-70.51045,-33.35656],[-70.5096,-33.35601]]],[[[-70.53427,-33.35498],[-70.53236,-33.35469],[-70.53248,-33.35415],[-70.53437,-33.35452],[-70.53427,-33.35498]]],[[[-70.54192,-33.34684],[-70.54272,-33.34473],[-70.54378,-33.34463],[-70.5428,-33.34714],[-70.54192,-33.34684]]]]}},{"type":"Feature","properties":{"ZONA":"ZM-4.2"},"geometry":{"type":"MultiPolygon","coordinates":[[[[-70.54394,-33.34247],[-70.5458,-33.34241],[-70.54518,-33.34355],[-70.54406,-33.34431],[-70.54394,-33.34247]]],[[[-70.50067,-33.33572],[-70.50296,-33.33394],[-70.50278,-33.33596],[-70.5009,-33.33608],[-70.50035,-33.33574],[-70.50067,-33.33572]]],[[[-70.51972,-33.32825],[-70.52029,-33.3282],[-70.52026,-33.32878],[-70.51979,-33.32882],[-70.51972,-33.32825]]],[[[-70.5158,-33.32491],[-70.51881,-33.32507],[-70.51901,-33.32645],[-70.51595,-33.32606],[-70.5158,-33.32491]]],[[[-70.52075,-33.33571],[-70.52059,-33.33453],[-70.52124,-33.33437],[-70.52139,-33.33553],[-70.52075,-33.33571]]],[[[-70.50479,-33.33364],[-70.50644,-33.33315],[-70.50711,-33.33462],[-70.50623,-33.335],[-70.50518,-33.33471],[-70.50479,-33.33364]]],[[[-70.54603,-33.34237],[-70.54546,-33.34362],[-70.54402,-33.34463],[-70.54381,-33.34247],[-70.54406,-33.34431],[-70.54603,-33.34237]]],[[[-70.52083,-33.34171],[-70.52136,-33.34168],[-70.52144,-33.34074],[-70.52155,-33.34155],[-70.52204,-33.34163],[-70.52141,-33.34207],[-70.52083,-33.34171]]],[[[-70.51881,-33.32507],[-70.51929,-33.32671],[-70.51597,-33.32628],[-70.51901,-33.32645],[-70.51881,-33.32507]]],[[[-70.50479,-33.33364],[-70.50655,-33.33294],[-70.50732,-33.33463],[-70.50644,-33.33315],[-70.50479,-33.33364]]],[[[-70.49383,-33.3388],[-70.49602,-33.33764],[-70.49423,-33.33906],[-70.49383,-33.3388]]],[[[-70.4953,-33.34393],[-70.49566,-33.34362],[-70.49641,-33.34422],[-70.49582,-33.34445],[-70.49527,-33.3456],[-70.49509,-33.34764],[-70.49457,-33.34682],[-70.4953,-33.34393]]],[[[-70.49423,-33.33906],[-70.49568,-33.33812],[-70.49563,-33.33948],[-70.49423,-33.33906]]],[[[-70.49352,-33.33826],[-70.49499,-33.33739],[-70.49573,-33.33764],[-70.49383,-33.3388],[-70.49352,-33.33826]]],[[[-70.52144,-33.34074],[-70.52185,-33.34068],[-70.52201,-33.34152],[-70.52155,-33.34155],[-70.52144,-33.34074]]],[[[-70.4951,-33.34411],[-70.49457,-33.34682],[-70.49426,-33.34562],[-70.4951,-33.34411]]],[[[-70.50087,-33.33549],[-70.50305,-33.33371],[-70.50288,-33.33597],[-70.50304,-33.33384],[-70.5014,-33.33546],[-70.50041,-33.33557],[-70.50087,-33.33549]]],[[[-70.49394,-33.34616],[-70.49451,-33.34497],[-70.49417,-33.34645],[-70.49394,-33.34616]]],[[[-70.53619,-33.323],[-70.53626,-33.32245],[-70.53657,-33.32256],[-70.53868,-33.32386],[-70.53864,-33.32437],[-70.53603,-33.32421],[-70.53619,-33.323]]],[[[-70.53641,-33.32211],[-70.5375,-33.32164],[-70.53852,-33.32317],[-70.53805,-33.32335],[-70.53641,-33.32211]]],[[[-70.56363,-33.32004],[-70.56468,-33.32019],[-70.56442,-33.32054],[-70.56363,-33.32004]]],[[[-70.53626,-33.32245],[-70.53882,-33.32368],[-70.53877,-33.32438],[-70.53868,-33.32386],[-70.53626,-33.32245]]]]}},{"type":"Feature","properties":{"ZONA":"ZM-8"},"geometry":{"type":"MultiPolygon","coordinates":[[[[-70.51684,-33.36066],[-70.51727,-33.36046],[-70.51768,-33.36133],[-70.51697,-33.36212],[-70.51632,-33.36196],[-70.51684,-33.36066]]],[[[-70.51838,-33.3549],[-70.5185,-33.35454],[-70.51917,-33.35472],[-70.51982,-33.3531],[-70.52084,-33.35326],[-70.52026,-33.355],[-70.51838,-33.3549]]],[[[-70.51939,-33.35717],[-70.51839,-33.3568],[-70.51897,-33.35522],[-70.51998,-33.35548],[-70.51939,-33.35717]]],[[[-70.51528,-33.36431],[-70.5161,-33.36251],[-70.51676,-33.36267],[-70.51646,-33.36463],[-70.51528,-33.36431]]],[[[-70.51616,-33.36236],[-70.51632,-33.36196],[-70.51697,-33.36212],[-70.51683,-33.36252],[-70.51616,-33.36236]]]]}},{"type":"Feature","properties":{"ZONA":"ZM-6a"},"geometry":{"type":"MultiPolygon","coordinates":[[[[-70.52286,-33.35149],[-70.52345,-33.35138],[-70.52362,-33.35298],[-70.52526,-33.35279],[-70.52516,-33.35359],[-70.5231,-33.35328],[-70.52286,-33.35149]]],[[[-70.52264,-33.35188],[-70.52283,-33.35324],[-70.51884,-33.35263],[-70.51926,-33.35151],[-70.52264,-33.35188]]],[[[-70.50768,-33.35122],[-70.50849,-33.35134],[-70.50824,-33.35205],[-70.50864,-33.35247],[-70.5079,-33.35228],[-70.50768,-33.35122]]],[[[-70.50833,-33.351],[-70.50843,-33.35048],[-70.50995,-33.35062],[-70.5101,-33.35127],[-70.50941,-33.35116],[-70.50948,-33.35081],[-70.50833,-33.351]]],[[[-70.51417,-33.35188],[-70.51425,-33.35142],[-70.51726,-33.35189],[-70.51701,-33.35141],[-70.51878,-33.35187],[-70.51853,-33.35255],[-70.51417,-33.35188]]],[[[-70.52277,-33.35151],[-70.5231,-33.35328],[-70.52522,-33.35344],[-70.52519,-33.35376],[-70.52303,-33.35343],[-70.52277,-33.35151]]],[[[-70.51893,-33.35192],[-70.51926,-33.35151],[-70.51884,-33.35263],[-70.52283,-33.35324],[-70.52282,-33.35191],[-70.52303,-33.35343],[-70.51863,-33.35277],[-70.51893,-33.35192]]],[[[-70.51414,-33.35204],[-70.51853,-33.35255],[-70.51893,-33.35192],[-70.51863,-33.35277],[-70.51414,-33.35204]]],[[[-70.51984,-33.35528],[-70.52084,-33.35326],[-70.52304,-33.35387],[-70.52143,-33.35551],[-70.51984,-33.35528]]],[[[-70.51987,-33.35565],[-70.52094,-33.35561],[-70.52078,-33.35599],[-70.51987,-33.35565]]],[[[-70.4969,-33.36404],[-70.49524,-33.36333],[-70.49415,-33.36346],[-70.49369,-33.3628],[-70.49717,-33.36346],[-70.4969,-33.36404]]],[[[-70.49175,-33.36403],[-70.49319,-33.36387],[-70.49367,-33.36445],[-70.49408,-33.36399],[-70.49862,-33.36694],[-70.49561,-33.36682],[-70.49405,-33.36512],[-70.49178,-33.36443],[-70.49175,-33.36403]]],[[[-70.49893,-33.3666],[-70.49439,-33.36364],[-70.49605,-33.36386],[-70.49985,-33.36602],[-70.4994,-33.36672],[-70.49893,-33.3666]]],[[[-70.5043,-33.35041],[-70.50489,-33.34999],[-70.50633,-33.35088],[-70.5043,-33.35141],[-70.5043,-33.35041]]],[[[-70.51417,-33.35188],[-70.51038,-33.3513],[-70.51028,-33.35088],[-70.51425,-33.35142],[-70.51417,-33.35188]]],[[[-70.51313,-33.35285],[-70.51082,-33.35286],[-70.51054,-33.35164],[-70.51343,-33.35209],[-70.51313,-33.35285]]],[[[-70.50937,-33.35229],[-70.51034,-33.352],[-70.51055,-33.35289],[-70.50972,-33.35313],[-70.50937,-33.35229]]],[[[-70.51275,-33.35958],[-70.51473,-33.35993],[-70.51403,-33.3618],[-70.51215,-33.3613],[-70.51275,-33.35958]]],[[[-70.54235,-33.35805],[-70.53928,-33.357],[-70.53937,-33.35607],[-70.54235,-33.35805]]],[[[-70.53764,-33.35587],[-70.53905,-33.35602],[-70.53897,-33.3569],[-70.53764,-33.35587]]],[[[-70.51303,-33.36365],[-70.51153,-33.36327],[-70.5122,-33.36145],[-70.51378,-33.36188],[-70.51303,-33.36365]]],[[[-70.5426,-33.35758],[-70.5404,-33.35601],[-70.54037,-33.35508],[-70.54329,-33.3572],[-70.5426,-33.35758]]],[[[-70.53992,-33.35581],[-70.53939,-33.35571],[-70.54007,-33.35319],[-70.54038,-33.35391],[-70.53992,-33.35581]]],[[[-70.53972,-33.35335],[-70.54043,-33.3525],[-70.54026,-33.35505],[-70.5434,-33.35721],[-70.54257,-33.35781],[-70.54305,-33.35852],[-70.53896,-33.35705],[-70.53672,-33.35551],[-70.53922,-33.35589],[-70.53972,-33.35335]],[[-70.53992,-33.35581],[-70.54038,-33.35391],[-70.54007,-33.35319],[-70.53939,-33.35571],[-70.53992,-33.35581]],[[-70.5426,-33.35758],[-70.54329,-33.3572],[-70.54037,-33.35508],[-70.5404,-33.35601],[-70.5426,-33.35758]],[[-70.53764,-33.35587],[-70.53897,-33.3569],[-70.53905,-33.35602],[-70.53764,-33.35587]],[[-70.54235,-33.35805],[-70.53937,-33.35607],[-70.53928,-33.357],[-70.54235,-33.35805]]],[[[-70.51032,-33.35145],[-70.51013,-33.35085],[-70.51038,-33.3513],[-70.51417,-33.35188],[-70.51054,-33.35164],[-70.51082,-33.35286],[-70.51313,-33.35285],[-70.51068,-33.35294],[-70.51032,-33.35145]]],[[[-70.52273,-33.35448],[-70.5232,-33.35398],[-70.52366,-33.35438],[-70.52453,-33.35633],[-70.52405,-33.35632],[-70.52273,-33.35448]]],[[[-70.5248,-33.35633],[-70.5243,-33.35477],[-70.52312,-33.3536],[-70.52524,-33.35393],[-70.52683,-33.35481],[-70.52656,-33.35622],[-70.5248,-33.35633]]],[[[-70.52084,-33.35326],[-70.52529,-33.35378],[-70.52688,-33.35482],[-70.52524,-33.35393],[-70.52312,-33.3536],[-70.5243,-33.35477],[-70.5248,-33.35633],[-70.5232,-33.35398],[-70.52152,-33.35567],[-70.51997,-33.35549],[-70.52143,-33.35551],[-70.52304,-33.35387],[-70.52084,-33.35326]]],[[[-70.52538,-33.35344],[-70.52806,-33.35353],[-70.52816,-33.35454],[-70.52719,-33.3546],[-70.52538,-33.35344]]],[[[-70.49034,-33.36306],[-70.49316,-33.36276],[-70.49338,-33.36326],[-70.49328,-33.36368],[-70.49192,-33.36387],[-70.49034,-33.36306]]],[[[-70.51214,-33.3593],[-70.51279,-33.35762],[-70.51471,-33.35852],[-70.51551,-33.35985],[-70.51214,-33.3593]]],[[[-70.51313,-33.35285],[-70.51343,-33.35209],[-70.51706,-33.35264],[-70.5163,-33.35362],[-70.51719,-33.35389],[-70.5168,-33.35493],[-70.51313,-33.35285]]],[[[-70.50318,-33.34994],[-70.5043,-33.34987],[-70.50408,-33.35144],[-70.50318,-33.34994]]],[[[-70.50608,-33.35048],[-70.50649,-33.34904],[-70.50724,-33.34945],[-70.50711,-33.35081],[-70.50608,-33.35048]]],[[[-70.51168,-33.36261],[-70.51215,-33.3613],[-70.51403,-33.3618],[-70.5122,-33.36145],[-70.51153,-33.36327],[-70.51302,-33.36377],[-70.5114,-33.36333],[-70.51168,-33.36261]]],[[[-70.50936,-33.36229],[-70.50951,-33.36187],[-70.51162,-33.36259],[-70.51138,-33.36323],[-70.50923,-33.36264],[-70.50936,-33.36229]]],[[[-70.49347,-33.36281],[-70.49415,-33.36346],[-70.49644,-33.36378],[-70.50014,-33.36604],[-70.49905,-33.36713],[-70.49549,-33.3669],[-70.49397,-33.36521],[-70.49178,-33.36443],[-70.49405,-33.36512],[-70.49566,-33.36684],[-70.49862,-33.36694],[-70.49408,-33.36399],[-70.49325,-33.36306],[-70.49347,-33.36281]],[[-70.49893,-33.3666],[-70.4994,-33.36672],[-70.49985,-33.36602],[-70.49605,-33.36386],[-70.49439,-33.36364],[-70.49893,-33.3666]]]]}},{"type":"Feature","properties":{"ZONA":"ZM-4.1"},"geometry":{"type":"MultiPolygon","coordinates":[[[[-70.53466,-33.35556],[-70.53688,-33.35573],[-70.53789,-33.35637],[-70.53459,-33.35589],[-70.53466,-33.35556]]],[[[-70.53118,-33.35483],[-70.53463,-33.35519],[-70.53447,-33.35599],[-70.53449,-33.35533],[-70.53227,-33.35499],[-70.5319,-33.35575],[-70.53206,-33.35496],[-70.53118,-33.35483]]],[[[-70.53484,-33.35538],[-70.53712,-33.35568],[-70.53908,-33.35734],[-70.53706,-33.35579],[-70.53484,-33.35538]]],[[[-70.51701,-33.35141],[-70.51899,-33.35132],[-70.51878,-33.35187],[-70.51701,-33.35141]]],[[[-70.538,-33.35429],[-70.53928,-33.35294],[-70.53961,-33.35322],[-70.5391,-33.35524],[-70.538,-33.35429]]],[[[-70.53688,-33.35502],[-70.53766,-33.35449],[-70.53872,-33.3554],[-70.53675,-33.35535],[-70.53688,-33.35502]]],[[[-70.54317,-33.35758],[-70.54347,-33.35737],[-70.54499,-33.35891],[-70.54551,-33.36106],[-70.54446,-33.36115],[-70.54414,-33.3595],[-70.54299,-33.35798],[-70.54317,-33.35758]]],[[[-70.54345,-33.36123],[-70.54251,-33.35888],[-70.54296,-33.35858],[-70.54391,-33.3602],[-70.54404,-33.36118],[-70.54345,-33.36123]]],[[[-70.54504,-33.3655],[-70.54473,-33.3633],[-70.5457,-33.36321],[-70.54588,-33.36435],[-70.54504,-33.3655]]],[[[-70.54362,-33.36145],[-70.54407,-33.36141],[-70.54429,-33.3632],[-70.54345,-33.36248],[-70.54362,-33.36145]]],[[[-70.54394,-33.36337],[-70.54431,-33.36334],[-70.54469,-33.36602],[-70.54419,-33.3665],[-70.54394,-33.36337]]],[[[-70.49507,-33.34991],[-70.49532,-33.34937],[-70.49577,-33.3506],[-70.49749,-33.35211],[-70.49995,-33.35284],[-70.49669,-33.35195],[-70.49507,-33.34991]]],[[[-70.5307,-33.35553],[-70.53118,-33.35483],[-70.53206,-33.35496],[-70.5319,-33.35575],[-70.5307,-33.35553]]],[[[-70.53212,-33.35574],[-70.53227,-33.35499],[-70.53449,-33.35533],[-70.53436,-33.35597],[-70.53212,-33.35574]]],[[[-70.49532,-33.34937],[-70.49457,-33.34682],[-70.49562,-33.34871],[-70.49712,-33.34879],[-70.50026,-33.3509],[-70.49949,-33.35229],[-70.50001,-33.35272],[-70.49749,-33.35211],[-70.49577,-33.3506],[-70.49532,-33.34937]]],[[[-70.49483,-33.34953],[-70.493,-33.34825],[-70.49394,-33.34616],[-70.49483,-33.34953]]],[[[-70.49468,-33.35041],[-70.49507,-33.3499],[-70.49674,-33.35194],[-70.49451,-33.35071],[-70.49468,-33.35041]]],[[[-70.54305,-33.35852],[-70.54257,-33.35781],[-70.5434,-33.35721],[-70.545,-33.35878],[-70.54546,-33.36003],[-70.54561,-33.36117],[-70.54449,-33.36135],[-70.54471,-33.36316],[-70.54552,-33.36309],[-70.54543,-33.36211],[-70.5457,-33.36321],[-70.54473,-33.3633],[-70.54504,-33.3655],[-70.54422,-33.36672],[-70.54469,-33.36602],[-70.54431,-33.36334],[-70.54392,-33.36324],[-70.54429,-33.3632],[-70.54407,-33.36141],[-70.54345,-33.36123],[-70.54404,-33.36118],[-70.54391,-33.3602],[-70.54305,-33.35852]],[[-70.54317,-33.35758],[-70.54284,-33.35781],[-70.54414,-33.3595],[-70.54446,-33.36115],[-70.54551,-33.36106],[-70.54499,-33.35891],[-70.54347,-33.35737],[-70.54317,-33.35758]]],[[[-70.53766,-33.35449],[-70.53887,-33.35547],[-70.53858,-33.35563],[-70.53766,-33.35449]]],[[[-70.54061,-33.35387],[-70.54053,-33.35252],[-70.54122,-33.35363],[-70.54061,-33.35387]]],[[[-70.54346,-33.34635],[-70.54411,-33.34649],[-70.54398,-33.34682],[-70.54324,-33.34689],[-70.54346,-33.34635]]],[[[-70.49483,-33.34953],[-70.49417,-33.34645],[-70.49532,-33.34937],[-70.4943,-33.35067],[-70.49483,-33.34953]]],[[[-70.54543,-33.36211],[-70.54552,-33.36309],[-70.54471,-33.36316],[-70.54449,-33.36135],[-70.54525,-33.36128],[-70.54543,-33.36211]]],[[[-70.53893,-33.35733],[-70.53751,-33.35713],[-70.53766,-33.35634],[-70.53893,-33.35733]]]]}},{"type":"Feature","properties":{"ZONA":"ZERH"},"geometry":{"type":"MultiPolygon","coordinates":[[[[-70.52043,-33.32645],[-70.5229,-33.32651],[-70.52067,-33.32679],[-70.52043,-33.32645]]],[[[-70.4661,-33.37062],[-70.46731,-33.37137],[-70.46812,-33.37236],[-70.46804,-33.37314],[-70.4692,-33.37412],[-70.46772,-33.37336],[-70.4677,-33.37249],[-70.46616,-33.37129],[-70.4661,-33.37062]]],[[[-70.46473,-33.36943],[-70.4652,-33.36939],[-70.46593,-33.37044],[-70.46473,-33.36943]]],[[[-70.55066,-33.35436],[-70.55036,-33.3549],[-70.54844,-33.35457],[-70.55066,-33.35436]]],[[[-70.52816,-33.35486],[-70.53118,-33.35483],[-70.52784,-33.35864],[-70.5255,-33.35822],[-70.5242,-33.35908],[-70.52546,-33.35714],[-70.52801,-33.35662],[-70.52816,-33.35486]]],[[[-70.50891,-33.35211],[-70.50836,-33.35204],[-70.50858,-33.35144],[-70.50959,-33.35163],[-70.50891,-33.35211]]],[[[-70.50831,-33.35269],[-70.50772,-33.35221],[-70.50768,-33.35122],[-70.50831,-33.35269]]],[[[-70.50365,-33.35148],[-70.50289,-33.34937],[-70.50408,-33.35144],[-70.50365,-33.35148]]],[[[-70.49566,-33.34362],[-70.49962,-33.34621],[-70.50205,-33.34671],[-70.50343,-33.34627],[-70.50852,-33.34719],[-70.49959,-33.3463],[-70.49566,-33.34362]]],[[[-70.48345,-33.34259],[-70.48554,-33.34313],[-70.48754,-33.34436],[-70.48786,-33.34512],[-70.4896,-33.34566],[-70.48788,-33.34535],[-70.48582,-33.34351],[-70.48345,-33.34259]]],[[[-70.47819,-33.34428],[-70.47984,-33.34405],[-70.48292,-33.34183],[-70.48012,-33.34395],[-70.4805,-33.3444],[-70.4813,-33.34431],[-70.48069,-33.3445],[-70.48102,-33.34484],[-70.47998,-33.34423],[-70.47871,-33.34445],[-70.479,-33.34423],[-70.47655,-33.34519],[-70.47626,-33.34495],[-70.47819,-33.34428]]],[[[-70.49248,-33.34063],[-70.49352,-33.33956],[-70.49412,-33.34002],[-70.49369,-33.34081],[-70.49255,-33.34132],[-70.49248,-33.34063]]],[[[-70.47519,-33.34333],[-70.47608,-33.34134],[-70.47596,-33.34287],[-70.47824,-33.34148],[-70.4783,-33.34058],[-70.4784,-33.34144],[-70.47987,-33.34115],[-70.48188,-33.33942],[-70.48,-33.34129],[-70.47807,-33.34173],[-70.47519,-33.34333]]],[[[-70.48723,-33.33727],[-70.48563,-33.33513],[-70.48706,-33.33692],[-70.4871,-33.33571],[-70.4875,-33.33779],[-70.48812,-33.33683],[-70.48784,-33.33575],[-70.48811,-33.33602],[-70.48752,-33.3383],[-70.48916,-33.34041],[-70.4883,-33.33956],[-70.48568,-33.33844],[-70.48393,-33.33691],[-70.48571,-33.3384],[-70.48817,-33.33948],[-70.48723,-33.33727]]],[[[-70.49866,-33.33347],[-70.49901,-33.3333],[-70.49826,-33.33439],[-70.4988,-33.33548],[-70.4981,-33.33439],[-70.49866,-33.33347]]],[[[-70.52403,-33.32602],[-70.52419,-33.3265],[-70.52335,-33.32671],[-70.52067,-33.32679],[-70.52403,-33.32602]]],[[[-70.55872,-33.3238],[-70.55964,-33.32433],[-70.56132,-33.32705],[-70.56072,-33.32692],[-70.56077,-33.32636],[-70.55872,-33.3238]]],[[[-70.56942,-33.32428],[-70.56801,-33.32277],[-70.5687,-33.32349],[-70.57092,-33.3238],[-70.56892,-33.32368],[-70.56988,-33.32462],[-70.56942,-33.32428]]],[[[-70.56695,-33.32202],[-70.56786,-33.32257],[-70.56763,-33.32288],[-70.56695,-33.32202]]],[[[-70.51063,-33.32284],[-70.51013,-33.32191],[-70.51137,-33.32307],[-70.5109,-33.32449],[-70.51063,-33.32284]]],[[[-70.52663,-33.32093],[-70.52719,-33.32352],[-70.52901,-33.32454],[-70.52744,-33.32416],[-70.52616,-33.32283],[-70.52477,-33.32261],[-70.52514,-33.3223],[-70.52668,-33.32295],[-70.52628,-33.32146],[-70.52663,-33.32093]]],[[[-70.52951,-33.32026],[-70.52968,-33.31977],[-70.53023,-33.32331],[-70.52987,-33.32346],[-70.52931,-33.32166],[-70.52951,-33.32026]]],[[[-70.56252,-33.31947],[-70.563,-33.31921],[-70.56508,-33.3211],[-70.56393,-33.32131],[-70.56372,-33.32052],[-70.56252,-33.31947]]],[[[-70.52559,-33.3198],[-70.52569,-33.3192],[-70.52663,-33.31989],[-70.52631,-33.32101],[-70.52641,-33.32017],[-70.52559,-33.3198]]],[[[-70.54924,-33.31743],[-70.54966,-33.31719],[-70.54817,-33.31837],[-70.54851,-33.31921],[-70.55476,-33.32026],[-70.55545,-33.32078],[-70.55565,-33.32166],[-70.55525,-33.32193],[-70.55543,-33.3211],[-70.55463,-33.32037],[-70.54841,-33.3194],[-70.54761,-33.31869],[-70.54549,-33.31863],[-70.54792,-33.31869],[-70.54802,-33.31807],[-70.54924,-33.31743]]],[[[-70.52719,-33.3175],[-70.52684,-33.3173],[-70.52752,-33.31735],[-70.52904,-33.31883],[-70.52719,-33.3175]]],[[[-70.56758,-33.3165],[-70.57132,-33.31744],[-70.56896,-33.31745],[-70.56758,-33.3165]]],[[[-70.56118,-33.31602],[-70.5627,-33.3175],[-70.5613,-33.31656],[-70.56118,-33.31602]]],[[[-70.54012,-33.3154],[-70.5398,-33.31486],[-70.54325,-33.31519],[-70.54012,-33.3154]]],[[[-70.5329,-33.31685],[-70.53297,-33.31648],[-70.53292,-33.31827],[-70.53569,-33.32113],[-70.53295,-33.31854],[-70.53133,-33.31821],[-70.5325,-33.31809],[-70.53216,-33.31765],[-70.53266,-33.31797],[-70.5329,-33.31685]]],[[[-70.53157,-33.31378],[-70.53231,-33.31388],[-70.53377,-33.31568],[-70.53499,-33.31607],[-70.5335,-33.31583],[-70.53157,-33.31378]]],[[[-70.55451,-33.31262],[-70.55465,-33.31219],[-70.55484,-33.31334],[-70.55293,-33.31434],[-70.55579,-33.31344],[-70.55675,-33.31357],[-70.55303,-33.3146],[-70.55214,-33.31609],[-70.55496,-33.31655],[-70.55377,-33.31675],[-70.55219,-33.31629],[-70.5514,-33.31678],[-70.55246,-33.31543],[-70.55222,-33.31451],[-70.5546,-33.31316],[-70.55451,-33.31262]]],[[[-70.5647,-33.31198],[-70.56684,-33.31309],[-70.56738,-33.31387],[-70.56743,-33.3146],[-70.56651,-33.31584],[-70.5661,-33.31583],[-70.56715,-33.31465],[-70.56702,-33.31364],[-70.5647,-33.31198]]],[[[-70.5409,-33.31096],[-70.54123,-33.31041],[-70.54213,-33.31237],[-70.54374,-33.31365],[-70.54051,-33.31191],[-70.54195,-33.31197],[-70.5409,-33.31096]]],[[[-70.54303,-33.30938],[-70.54382,-33.30923],[-70.54337,-33.31031],[-70.54394,-33.31196],[-70.5437,-33.31317],[-70.54315,-33.31029],[-70.54229,-33.30943],[-70.54323,-33.31017],[-70.54303,-33.30938]]],[[[-70.54482,-33.30657],[-70.5444,-33.30613],[-70.54467,-33.30496],[-70.54645,-33.30408],[-70.54654,-33.30344],[-70.54656,-33.30417],[-70.54498,-33.30508],[-70.54496,-33.30588],[-70.54685,-33.30758],[-70.54691,-33.30877],[-70.54602,-33.31038],[-70.54712,-33.31118],[-70.54717,-33.31188],[-70.54816,-33.31163],[-70.54968,-33.30982],[-70.55092,-33.30725],[-70.5512,-33.30768],[-70.55074,-33.30893],[-70.54893,-33.3114],[-70.54956,-33.31152],[-70.55176,-33.31046],[-70.55194,-33.31073],[-70.54542,-33.31286],[-70.54629,-33.31152],[-70.54525,-33.31085],[-70.54515,-33.30991],[-70.54416,-33.30899],[-70.54516,-33.30972],[-70.54596,-33.30861],[-70.54599,-33.30776],[-70.54482,-33.30657]]],[[[-70.52275,-33.36253],[-70.52233,-33.36164],[-70.52265,-33.36085],[-70.52275,-33.36253]]],[[[-70.56518,-33.31761],[-70.56752,-33.31789],[-70.56888,-33.32075],[-70.57068,-33.32146],[-70.5691,-33.32127],[-70.56817,-33.32046],[-70.56739,-33.3181],[-70.56586,-33.31813],[-70.56518,-33.31761]]],[[[-70.52107,-33.32194],[-70.52145,-33.32218],[-70.52131,-33.32285],[-70.52317,-33.32389],[-70.52365,-33.32578],[-70.52331,-33.32583],[-70.52289,-33.32404],[-70.5209,-33.32289],[-70.52107,-33.32194]]],[[[-70.52263,-33.36298],[-70.52202,-33.36125],[-70.52251,-33.36072],[-70.52263,-33.36436],[-70.52154,-33.3653],[-70.51993,-33.36844],[-70.5215,-33.36501],[-70.52122,-33.36477],[-70.52256,-33.36376],[-70.52263,-33.36298]]],[[[-70.52904,-33.32573],[-70.53029,-33.32584],[-70.53028,-33.3279],[-70.52608,-33.32836],[-70.52563,-33.32801],[-70.52588,-33.32773],[-70.52538,-33.32754],[-70.52648,-33.32713],[-70.52662,-33.32649],[-70.52904,-33.32573]]],[[[-70.52572,-33.32617],[-70.52643,-33.32636],[-70.5263,-33.32701],[-70.52534,-33.32673],[-70.52572,-33.32617]]],[[[-70.50856,-33.35215],[-70.50824,-33.35205],[-70.50849,-33.35134],[-70.50973,-33.35153],[-70.50923,-33.35218],[-70.50856,-33.35215]],[[-70.50891,-33.35211],[-70.50959,-33.35163],[-70.50858,-33.35144],[-70.50836,-33.35204],[-70.50891,-33.35211]]],[[[-70.56495,-33.34406],[-70.56708,-33.34574],[-70.56694,-33.34656],[-70.5669,-33.34585],[-70.56495,-33.34406]]],[[[-70.53489,-33.36501],[-70.53504,-33.36412],[-70.53849,-33.36461],[-70.53564,-33.3645],[-70.53489,-33.36501]]],[[[-70.50847,-33.34727],[-70.50868,-33.34798],[-70.50742,-33.34946],[-70.50847,-33.34727]]],[[[-70.4828,-33.35266],[-70.48352,-33.3531],[-70.48056,-33.35362],[-70.4828,-33.35266]]],[[[-70.47937,-33.34891],[-70.48065,-33.34673],[-70.48005,-33.34848],[-70.48157,-33.3485],[-70.48294,-33.34914],[-70.48154,-33.34863],[-70.47937,-33.34891]]],[[[-70.47113,-33.35741],[-70.4725,-33.35781],[-70.47183,-33.35925],[-70.47267,-33.36062],[-70.47245,-33.3612],[-70.47223,-33.35972],[-70.47002,-33.35973],[-70.46911,-33.35831],[-70.46968,-33.35844],[-70.47005,-33.35968],[-70.47157,-33.35954],[-70.4723,-33.35789],[-70.47113,-33.35741]]],[[[-70.4582,-33.37113],[-70.45815,-33.3728],[-70.45866,-33.37367],[-70.45793,-33.37284],[-70.4582,-33.37113]]],[[[-70.48979,-33.35456],[-70.48984,-33.3533],[-70.49024,-33.35399],[-70.48979,-33.35456]]],[[[-70.51735,-33.32014],[-70.51734,-33.31967],[-70.51915,-33.32275],[-70.51992,-33.32155],[-70.51928,-33.32285],[-70.52003,-33.32339],[-70.51978,-33.32568],[-70.51933,-33.3238],[-70.51968,-33.32343],[-70.51843,-33.32233],[-70.51735,-33.32014]]],[[[-70.53007,-33.32461],[-70.5306,-33.32523],[-70.53018,-33.32837],[-70.52771,-33.32873],[-70.52728,-33.32959],[-70.52696,-33.32894],[-70.52449,-33.32892],[-70.52457,-33.32635],[-70.5252,-33.32663],[-70.52598,-33.32579],[-70.52746,-33.32602],[-70.53007,-33.32461]],[[-70.52904,-33.32573],[-70.52662,-33.32649],[-70.52648,-33.32713],[-70.52538,-33.32754],[-70.52588,-33.32773],[-70.52563,-33.32801],[-70.52608,-33.32836],[-70.53028,-33.3279],[-70.53029,-33.32584],[-70.52904,-33.32573]],[[-70.52572,-33.32617],[-70.52534,-33.32673],[-70.5263,-33.32701],[-70.52643,-33.32636],[-70.52572,-33.32617]]],[[[-70.52936,-33.35441],[-70.53128,-33.35468],[-70.52816,-33.35486],[-70.52936,-33.35441]]],[[[-70.52945,-33.31487],[-70.52939,-33.31456],[-70.53197,-33.31749],[-70.52945,-33.31487]]],[[[-70.52787,-33.31594],[-70.52759,-33.31562],[-70.52918,-33.31625],[-70.53052,-33.31777],[-70.5313,-33.31794],[-70.53081,-33.31828],[-70.52787,-33.31594]]]]}},{"type":"Feature","properties":{"ZONA":"ZHE-4a"},"geometry":{"type":"MultiPolygon","coordinates":[[[[-70.51904,-33.32505],[-70.51862,-33.32279],[-70.51947,-33.32652],[-70.5205,-33.32662],[-70.51929,-33.32671],[-70.51904,-33.32505]]],[[[-70.53206,-33.32447],[-70.53076,-33.32439],[-70.53511,-33.32264],[-70.53533,-33.32329],[-70.53206,-33.32447]]],[[[-70.52828,-33.32415],[-70.52961,-33.32361],[-70.52983,-33.32417],[-70.52901,-33.32454],[-70.52828,-33.32415]]],[[[-70.52383,-33.325],[-70.52687,-33.32481],[-70.52787,-33.32433],[-70.52872,-33.32466],[-70.5268,-33.32546],[-70.52425,-33.32555],[-70.52383,-33.325]]],[[[-70.5228,-33.32544],[-70.52322,-33.32524],[-70.52335,-33.32591],[-70.52124,-33.32639],[-70.52156,-33.32575],[-70.5228,-33.32544]]],[[[-70.5202,-33.32646],[-70.51947,-33.32652],[-70.51897,-33.32299],[-70.51968,-33.32343],[-70.51933,-33.32378],[-70.51951,-33.32502],[-70.5202,-33.32646]]],[[[-70.52442,-33.32662],[-70.52476,-33.32669],[-70.52438,-33.32867],[-70.52354,-33.32871],[-70.52442,-33.32662]]],[[[-70.52354,-33.32765],[-70.52441,-33.32662],[-70.52341,-33.3287],[-70.52354,-33.32765]]],[[[-70.52457,-33.32635],[-70.52448,-33.32587],[-70.52598,-33.32579],[-70.5252,-33.32663],[-70.52457,-33.32635]]],[[[-70.52618,-33.3258],[-70.52892,-33.32498],[-70.52746,-33.32602],[-70.52618,-33.3258]]],[[[-70.53057,-33.32581],[-70.53037,-33.32472],[-70.53166,-33.32489],[-70.53127,-33.32581],[-70.53057,-33.32581]]],[[[-70.51028,-33.35088],[-70.51013,-33.35015],[-70.51377,-33.35065],[-70.5143,-33.35143],[-70.51028,-33.35088]]],[[[-70.50802,-33.34956],[-70.5087,-33.34941],[-70.50985,-33.35],[-70.50995,-33.35062],[-70.50843,-33.35048],[-70.50802,-33.34956]]],[[[-70.51966,-33.36336],[-70.521,-33.36314],[-70.52194,-33.36455],[-70.52122,-33.36477],[-70.5215,-33.36501],[-70.52105,-33.36586],[-70.51866,-33.36524],[-70.51937,-33.36343],[-70.52121,-33.36476],[-70.51966,-33.36336]]],[[[-70.51646,-33.36462],[-70.51676,-33.36267],[-70.51792,-33.36294],[-70.51764,-33.36502],[-70.51646,-33.36462]]],[[[-70.51727,-33.36046],[-70.51888,-33.3599],[-70.5211,-33.35987],[-70.52153,-33.36235],[-70.51999,-33.36323],[-70.51937,-33.36259],[-70.51963,-33.36319],[-70.51683,-33.36252],[-70.51767,-33.3614],[-70.51727,-33.36046]]],[[[-70.52162,-33.36256],[-70.5213,-33.3599],[-70.52409,-33.35928],[-70.52202,-33.36125],[-70.52263,-33.36298],[-70.52162,-33.36256]]],[[[-70.5248,-33.35633],[-70.52742,-33.35593],[-70.52801,-33.35662],[-70.52546,-33.35714],[-70.52503,-33.35832],[-70.5239,-33.35901],[-70.5248,-33.35633]]],[[[-70.52129,-33.35569],[-70.52273,-33.35448],[-70.52405,-33.35632],[-70.52453,-33.35633],[-70.52365,-33.35892],[-70.52247,-33.35922],[-70.523,-33.35939],[-70.52233,-33.35969],[-70.5184,-33.35976],[-70.51831,-33.35895],[-70.51949,-33.35782],[-70.51987,-33.35565],[-70.52078,-33.35599],[-70.52129,-33.35569]]],[[[-70.52175,-33.34294],[-70.52218,-33.3429],[-70.52242,-33.34362],[-70.52306,-33.34823],[-70.52243,-33.34829],[-70.52175,-33.34294]]],[[[-70.52174,-33.34595],[-70.52153,-33.34292],[-70.52243,-33.34829],[-70.52174,-33.34595]]],[[[-70.52383,-33.325],[-70.52425,-33.32555],[-70.52689,-33.32545],[-70.52872,-33.32466],[-70.52892,-33.32497],[-70.52703,-33.32579],[-70.52448,-33.32587],[-70.52452,-33.32636],[-70.52427,-33.32573],[-70.52365,-33.32578],[-70.52409,-33.32559],[-70.52383,-33.325]]],[[[-70.53511,-33.32264],[-70.53626,-33.32245],[-70.53619,-33.323],[-70.53534,-33.32331],[-70.53511,-33.32264]]],[[[-70.52336,-33.35915],[-70.5248,-33.35633],[-70.52409,-33.35928],[-70.5213,-33.3599],[-70.52165,-33.3625],[-70.5206,-33.36331],[-70.51942,-33.36329],[-70.51856,-33.36522],[-70.51934,-33.3632],[-70.51683,-33.36252],[-70.52046,-33.36318],[-70.52139,-33.36258],[-70.5216,-33.36164],[-70.5211,-33.35987],[-70.51722,-33.36036],[-70.51847,-33.35974],[-70.52228,-33.3597],[-70.52336,-33.35915]]],[[[-70.53033,-33.32399],[-70.53641,-33.32211],[-70.53078,-33.32431],[-70.53206,-33.32447],[-70.53166,-33.32489],[-70.53037,-33.32472],[-70.53033,-33.32399]]],[[[-70.52961,-33.32361],[-70.53007,-33.32461],[-70.52921,-33.32486],[-70.52901,-33.32454],[-70.52983,-33.32417],[-70.52961,-33.32361]]]]}},{"type":"Feature","properties":{"ZONA":"ZHP-6.2"},"geometry":{"type":"MultiPolygon","coordinates":[[[[-70.50126,-33.3614],[-70.5021,-33.36054],[-70.50092,-33.36252],[-70.50199,-33.36248],[-70.50071,-33.36279],[-70.49709,-33.36185],[-70.50063,-33.36252],[-70.50126,-33.3614]]],[[[-70.4976,-33.3619],[-70.49917,-33.36218],[-70.50126,-33.3614],[-70.50063,-33.36252],[-70.4976,-33.3619]]],[[[-70.5021,-33.36054],[-70.5048,-33.36091],[-70.50459,-33.3614],[-70.50296,-33.36113],[-70.50259,-33.36226],[-70.50092,-33.36252],[-70.5021,-33.36054]]],[[[-70.50273,-33.36798],[-70.50392,-33.36603],[-70.50605,-33.36574],[-70.50415,-33.36877],[-70.50273,-33.36798]]],[[[-70.5178,-33.37042],[-70.51901,-33.37088],[-70.51859,-33.3713],[-70.5174,-33.37081],[-70.5184,-33.37109],[-70.5178,-33.37042]]]]}},{"type":"Feature","properties":{"ZONA":"ZM-2"},"geometry":{"type":"MultiPolygon","coordinates":[[[[-70.51007,-33.35647],[-70.511,-33.35703],[-70.51045,-33.35744],[-70.50938,-33.36069],[-70.50988,-33.36087],[-70.50933,-33.36082],[-70.50874,-33.36251],[-70.50921,-33.36273],[-70.50785,-33.36235],[-70.50836,-33.36238],[-70.5097,-33.35914],[-70.5097,-33.35863],[-70.50904,-33.35836],[-70.50974,-33.35854],[-70.51037,-33.35669],[-70.51007,-33.35647]]],[[[-70.50865,-33.36059],[-70.50883,-33.35955],[-70.50932,-33.35966],[-70.50836,-33.36238],[-70.50788,-33.36227],[-70.50865,-33.36059]]],[[[-70.51017,-33.3585],[-70.51068,-33.35691],[-70.51098,-33.3571],[-70.51017,-33.3585]]],[[[-70.50768,-33.35811],[-70.50835,-33.35827],[-70.50818,-33.35879],[-70.50717,-33.3585],[-70.50768,-33.35811]]],[[[-70.50968,-33.35717],[-70.51007,-33.35647],[-70.51037,-33.35669],[-70.50974,-33.35854],[-70.50904,-33.35836],[-70.50968,-33.35717]]],[[[-70.50869,-33.35575],[-70.50751,-33.35543],[-70.50813,-33.35374],[-70.50875,-33.35356],[-70.50904,-33.35465],[-70.50869,-33.35575]]],[[[-70.50677,-33.35528],[-70.5071,-33.35439],[-70.50753,-33.35451],[-70.50734,-33.35543],[-70.50677,-33.35528]]],[[[-70.50582,-33.3575],[-70.50665,-33.35539],[-70.50729,-33.35556],[-70.50654,-33.35768],[-70.50582,-33.3575]]],[[[-70.50678,-33.35752],[-70.50688,-33.35723],[-70.50838,-33.35764],[-70.5082,-33.35813],[-70.50678,-33.35752]]],[[[-70.50698,-33.35694],[-70.50747,-33.35556],[-70.50815,-33.35575],[-70.50764,-33.3571],[-70.50698,-33.35694]]],[[[-70.50589,-33.35815],[-70.50595,-33.35761],[-70.50651,-33.35776],[-70.50634,-33.35828],[-70.50589,-33.35815]]],[[[-70.5053,-33.3592],[-70.50549,-33.35864],[-70.50614,-33.35882],[-70.5056,-33.36035],[-70.505,-33.36019],[-70.5053,-33.3592]]],[[[-70.50604,-33.35961],[-70.50659,-33.35806],[-70.50728,-33.35825],[-70.50673,-33.35979],[-70.50604,-33.35961]]],[[[-70.5075,-33.35343],[-70.50873,-33.35349],[-70.50813,-33.35374],[-70.50751,-33.35543],[-70.50869,-33.35575],[-70.50747,-33.35556],[-70.50529,-33.36149],[-70.50569,-33.36178],[-70.50455,-33.36149],[-70.50527,-33.36141],[-70.50651,-33.35778],[-70.5058,-33.35754],[-70.50654,-33.35768],[-70.50729,-33.35556],[-70.50665,-33.35539],[-70.50734,-33.35543],[-70.5075,-33.35343]]],[[[-70.50711,-33.35416],[-70.5073,-33.35365],[-70.50774,-33.35376],[-70.5076,-33.35429],[-70.50711,-33.35416]]],[[[-70.50923,-33.36264],[-70.50874,-33.36251],[-70.50933,-33.36082],[-70.50968,-33.36089],[-70.50923,-33.36264]]],[[[-70.5099,-33.3608],[-70.50938,-33.36069],[-70.51017,-33.3585],[-70.5106,-33.35866],[-70.5099,-33.3608]]],[[[-70.50886,-33.35895],[-70.50903,-33.35845],[-70.5097,-33.35863],[-70.50912,-33.359],[-70.50953,-33.3591],[-70.50932,-33.35966],[-70.50887,-33.35956],[-70.50886,-33.35895]]],[[[-70.5048,-33.36091],[-70.505,-33.36019],[-70.5056,-33.36035],[-70.50522,-33.36146],[-70.50459,-33.3614],[-70.5048,-33.36091]]],[[[-70.50559,-33.36088],[-70.50604,-33.35961],[-70.50673,-33.35979],[-70.50608,-33.36102],[-70.50559,-33.36088]]]]}},{"type":"Feature","properties":{"ZONA":"ZHP-3.2"},"geometry":{"type":"MultiPolygon","coordinates":[[[[-70.50345,-33.35333],[-70.50434,-33.35353],[-70.50387,-33.35481],[-70.50298,-33.35467],[-70.50345,-33.35333]]],[[[-70.50015,-33.35622],[-70.50192,-33.35659],[-70.50285,-33.35762],[-70.50193,-33.3602],[-70.50023,-33.35975],[-70.50045,-33.35913],[-70.4999,-33.35851],[-70.50019,-33.3575],[-70.49945,-33.35704],[-70.50015,-33.35622]],[[-70.50152,-33.35829],[-70.50148,-33.35945],[-70.50187,-33.35845],[-70.50152,-33.35829]]],[[[-70.50258,-33.35199],[-70.50281,-33.35243],[-70.50402,-33.35236],[-70.50432,-33.35307],[-70.50303,-33.35345],[-70.50329,-33.35549],[-70.50252,-33.35651],[-70.50198,-33.35598],[-70.5024,-33.35599],[-70.50222,-33.35527],[-70.50265,-33.35463],[-70.50126,-33.35534],[-70.50098,-33.35442],[-70.50104,-33.35524],[-70.50027,-33.35527],[-70.49998,-33.35496],[-70.50051,-33.35478],[-70.49966,-33.35466],[-70.49934,-33.35359],[-70.49884,-33.35338],[-70.49894,-33.35278],[-70.50146,-33.35309],[-70.50258,-33.35199]],[[-70.50243,-33.35293],[-70.50232,-33.3536],[-70.50151,-33.3535],[-70.50209,-33.35402],[-70.50274,-33.35352],[-70.50243,-33.35293]],[[-70.49977,-33.35309],[-70.49966,-33.35364],[-70.50041,-33.35384],[-70.50059,-33.35335],[-70.5012,-33.35336],[-70.49977,-33.35309]]],[[[-70.49944,-33.35797],[-70.49995,-33.35762],[-70.49997,-33.35864],[-70.49902,-33.36001],[-70.49754,-33.35993],[-70.4979,-33.35871],[-70.49874,-33.35901],[-70.49935,-33.35868],[-70.49944,-33.35797]]],[[[-70.49995,-33.35284],[-70.50128,-33.35292],[-70.50261,-33.35176],[-70.50136,-33.35312],[-70.49894,-33.35278],[-70.49995,-33.35284]]]]}},{"type":"Feature","properties":{"ZONA":"ZHP-3.1"},"geometry":{"type":"MultiPolygon","coordinates":[[[[-70.48542,-33.36364],[-70.48769,-33.3633],[-70.48854,-33.36397],[-70.49024,-33.36387],[-70.49047,-33.36437],[-70.48561,-33.36441],[-70.48542,-33.36364]]],[[[-70.49024,-33.36387],[-70.48854,-33.36397],[-70.48775,-33.36332],[-70.48865,-33.36381],[-70.49178,-33.36392],[-70.49024,-33.36387]]],[[[-70.49068,-33.36382],[-70.49175,-33.36403],[-70.49178,-33.36443],[-70.49092,-33.36435],[-70.49068,-33.36382]]],[[[-70.4906,-33.36364],[-70.49043,-33.36325],[-70.49092,-33.36326],[-70.49175,-33.36384],[-70.4906,-33.36364]]],[[[-70.48801,-33.36332],[-70.48958,-33.36297],[-70.49017,-33.36369],[-70.48865,-33.36381],[-70.48801,-33.36332]]],[[[-70.4924,-33.36088],[-70.49338,-33.36085],[-70.49431,-33.36179],[-70.49343,-33.36201],[-70.4924,-33.36088]]],[[[-70.50007,-33.36654],[-70.50363,-33.36609],[-70.50216,-33.36772],[-70.50007,-33.36654]]],[[[-70.49017,-33.3626],[-70.49005,-33.36228],[-70.49098,-33.3622],[-70.4923,-33.36125],[-70.49306,-33.36231],[-70.49017,-33.3626]]],[[[-70.48981,-33.36163],[-70.49102,-33.36106],[-70.49119,-33.36007],[-70.4921,-33.36115],[-70.49067,-33.36211],[-70.48998,-33.36209],[-70.48981,-33.36163]]],[[[-70.50014,-33.36604],[-70.50384,-33.36597],[-70.50225,-33.36776],[-70.50363,-33.36609],[-70.50007,-33.36654],[-70.50014,-33.36604]]],[[[-70.49119,-33.36007],[-70.49343,-33.36201],[-70.49443,-33.36187],[-70.4933,-33.36214],[-70.4923,-33.36125],[-70.48979,-33.36255],[-70.48971,-33.36164],[-70.49067,-33.36211],[-70.4921,-33.36115],[-70.49119,-33.36007]]]]}},{"type":"Feature","properties":{"ZONA":"ZHE-4b"},"geometry":{"type":"MultiPolygon","coordinates":[[[[-70.5303,-33.32343],[-70.53696,-33.32077],[-70.5375,-33.32164],[-70.53033,-33.32399],[-70.5303,-33.32343]]],[[[-70.53572,-33.32119],[-70.53704,-33.32066],[-70.53762,-33.32159],[-70.53696,-33.32077],[-70.53026,-33.32337],[-70.53572,-33.32119]]]]}},{"type":"Feature","properties":{"ZONA":"ZHP-8"},"geometry":{"type":"MultiPolygon","coordinates":[[[[-70.50216,-33.36772],[-70.50189,-33.36813],[-70.49967,-33.36707],[-70.50007,-33.36654],[-70.50216,-33.36772]]],[[[-70.49905,-33.36713],[-70.49986,-33.36643],[-70.49967,-33.36707],[-70.50189,-33.36813],[-70.50225,-33.36776],[-70.50185,-33.36836],[-70.49905,-33.36713]]]]}},{"type":"Feature","properties":{"ZONA":"ZHP-10"},"geometry":{"type":"MultiPolygon","coordinates":[[[[-70.50395,-33.3691],[-70.50246,-33.3684],[-70.50273,-33.36798],[-70.50393,-33.36855],[-70.50395,-33.3691]]],[[[-70.50225,-33.36776],[-70.50254,-33.36734],[-70.50296,-33.36755],[-70.50246,-33.3684],[-70.50385,-33.36931],[-70.50185,-33.36836],[-70.50225,-33.36776]],[[-70.50273,-33.3677],[-70.50251,-33.36741],[-70.50196,-33.36823],[-70.50232,-33.36839],[-70.50273,-33.3677]]]]}},{"type":"Feature","properties":{"ZONA":"ZHP-4.3"},"geometry":{"type":"MultiPolygon","coordinates":[[[[-70.51016,-33.36728],[-70.51052,-33.36669],[-70.51102,-33.36695],[-70.51067,-33.3676],[-70.51016,-33.36728]]],[[[-70.49725,-33.36438],[-70.49768,-33.36396],[-70.49738,-33.36434],[-70.49996,-33.36586],[-70.50233,-33.36535],[-70.50019,-33.36605],[-70.49725,-33.36438]]],[[[-70.50502,-33.36229],[-70.50514,-33.36173],[-70.50829,-33.36257],[-70.50817,-33.36288],[-70.50502,-33.36229]]],[[[-70.49775,-33.36404],[-70.49899,-33.36488],[-70.4993,-33.36398],[-70.50236,-33.36441],[-70.50191,-33.36536],[-70.49996,-33.36586],[-70.49738,-33.36434],[-70.49775,-33.36404]]],[[[-70.51298,-33.37033],[-70.51352,-33.36882],[-70.51831,-33.37128],[-70.51802,-33.37176],[-70.51495,-33.37043],[-70.51478,-33.3709],[-70.51298,-33.37033]],[[-70.51425,-33.37018],[-70.51451,-33.36993],[-70.51382,-33.36968],[-70.51369,-33.37001],[-70.51425,-33.37018]]],[[[-70.50786,-33.36477],[-70.50945,-33.36537],[-70.50888,-33.36644],[-70.50841,-33.36628],[-70.50885,-33.36648],[-70.50863,-33.36674],[-70.50722,-33.36595],[-70.50786,-33.36477]]],[[[-70.50372,-33.3645],[-70.50757,-33.36441],[-70.51145,-33.36616],[-70.51107,-33.36697],[-70.51134,-33.36626],[-70.50785,-33.36473],[-70.50715,-33.36596],[-70.50892,-33.36702],[-70.50667,-33.36584],[-70.50737,-33.36456],[-70.50506,-33.36441],[-70.50262,-33.36514],[-70.50372,-33.3645]]],[[[-70.5175,-33.37072],[-70.51365,-33.36866],[-70.51407,-33.36748],[-70.51744,-33.37004],[-70.5178,-33.37042],[-70.5175,-33.37072]]],[[[-70.51298,-33.37033],[-70.51341,-33.36866],[-70.51742,-33.37079],[-70.51352,-33.36882],[-70.51298,-33.37033]]],[[[-70.50932,-33.36588],[-70.5102,-33.36561],[-70.51134,-33.36626],[-70.51103,-33.36693],[-70.50914,-33.36619],[-70.50962,-33.36606],[-70.50932,-33.36588]]],[[[-70.50282,-33.36227],[-70.5062,-33.36241],[-70.50644,-33.36304],[-70.50152,-33.36291],[-70.50282,-33.36227]]],[[[-70.50523,-33.36443],[-70.50725,-33.36456],[-70.50679,-33.36559],[-70.50527,-33.36535],[-70.50342,-33.36591],[-70.50281,-33.36534],[-70.50523,-33.36443]]],[[[-70.51401,-33.36746],[-70.51566,-33.36826],[-70.5179,-33.37031],[-70.51407,-33.36748],[-70.51365,-33.36866],[-70.5175,-33.37072],[-70.51356,-33.36873],[-70.51401,-33.36746]]],[[[-70.50514,-33.36173],[-70.50851,-33.36253],[-70.50817,-33.36337],[-70.50653,-33.36304],[-70.5064,-33.36255],[-70.50817,-33.36288],[-70.50829,-33.36257],[-70.50514,-33.36173]]]]}},{"type":"Feature","properties":{"ZONA":"ZHP-6.1"},"geometry":{"type":"MultiPolygon","coordinates":[[[[-70.50289,-33.34937],[-70.50486,-33.34916],[-70.50549,-33.34714],[-70.50748,-33.34736],[-70.50608,-33.35048],[-70.50504,-33.34957],[-70.50318,-33.34994],[-70.50289,-33.34937]]]]}},{"type":"Feature","properties":{"ZONA":"ZHP-4.1"},"geometry":{"type":"MultiPolygon","coordinates":[[[[-70.50658,-33.34897],[-70.50748,-33.34736],[-70.50784,-33.34744],[-70.50738,-33.34866],[-70.50658,-33.34897]]]]}},{"type":"Feature","properties":{"ZONA":"ZM-6b"},"geometry":{"type":"MultiPolygon","coordinates":[[[[-70.52662,-33.3559],[-70.52683,-33.35481],[-70.52816,-33.35486],[-70.52783,-33.35609],[-70.52662,-33.3559]]]]}},{"type":"Feature","properties":{"ZONA":"ZM-6c"},"geometry":{"type":"MultiPolygon","coordinates":[[[[-70.51926,-33.35151],[-70.5202,-33.34978],[-70.52215,-33.34824],[-70.52264,-33.35188],[-70.51926,-33.35151]]],[[[-70.52049,-33.34908],[-70.52023,-33.34861],[-70.52146,-33.34762],[-70.52182,-33.34804],[-70.52049,-33.34908]]],[[[-70.52182,-33.34804],[-70.52231,-33.3482],[-70.52282,-33.35191],[-70.52215,-33.34824],[-70.5202,-33.34978],[-70.5191,-33.35148],[-70.52049,-33.34908],[-70.52182,-33.34804]]]]}}]}