{"type":"FeatureCollection","features":[{"type":"Feature","properties":{"ZONA":"U-V"},"geometry":{"type":"Polygon","coordinates":[[[-70.59984,-33.40672],[-70.60088,-33.4068],[-70.6007,-33.40736],[-70.60019,-33.40744],[-70.59958,-33.40689],[-70.59984,-33.40672]]]}},{"type":"Feature","properties":{"ZONA":"U POC"},"geometry":{"type":"Polygon","coordinates":[[[-70.59958,-33.40689],[-70.59938,-33.40657],[-70.6003,-33.4064],[-70.59958,-33.40689]]]}},{"type":"Feature","properties":{"ZONA":"U PVEV"},"geometry":{"type":"Polygon","coordinates":[[[-70.6003,-33.4064],[-70.60086,-33.40634],[-70.60088,-33.4068],[-70.6003,-33.4064]]]}},{"type":"Feature","properties":{"ZONA":"U-V"},"geometry":{"type":"Polygon","coordinates":[[[-70.59771,-33.4074],[-70.59834,-33.40668],[-70.59869,-33.40688],[-70.59826,-33.40758],[-70.59771,-33.4074]]]}},{"type":"Feature","properties":{"ZONA":"U POC"},"geometry":{"type":"Polygon","coordinates":[[[-70.5996,-33.40785],[-70.59826,-33.40758],[-70.59859,-33.4064],[-70.59997,-33.40765],[-70.5996,-33.40785]]]}},{"type":"Feature","properties":{"ZONA":"U-V"},"geometry":{"type":"Polygon","coordinates":[[[-70.59754,-33.40735],[-70.59595,-33.40678],[-70.59661,-33.40605],[-70.59798,-33.40685],[-70.59754,-33.40735]]]}},{"type":"Feature","properties":{"ZONA":"U-V"},"geometry":{"type":"Polygon","coordinates":[[[-70.59829,-33.40652],[-70.59806,-33.40676],[-70.59671,-33.40593],[-70.59711,-33.40546],[-70.59829,-33.40652]]]}},{"type":"Feature","properties":{"ZONA":"U POC"},"geometry":{"type":"Polygon","coordinates":[[[-70.59711,-33.40546],[-70.59734,-33.40523],[-70.59848,-33.4063],[-70.59711,-33.40546]]]}},{"type":"Feature","properties":{"ZONA":"U-V"},"geometry":{"type":"Polygon","coordinates":[[[-70.59414,-33.40616],[-70.59505,-33.40512],[-70.59648,-33.40597],[-70.59579,-33.40673],[-70.59414,-33.40616]]]}},{"type":"Feature","properties":{"ZONA":"U-V"},"geometry":{"type":"Polygon","coordinates":[[[-70.59542,-33.40517],[-70.59609,-33.40439],[-70.59652,-33.40466],[-70.59618,-33.40506],[-70.59692,-33.40546],[-70.59657,-33.40586],[-70.59542,-33.40517]]]}},{"type":"Feature","properties":{"ZONA":"U POC"},"geometry":{"type":"Polygon","coordinates":[[[-70.59618,-33.40506],[-70.59626,-33.40421],[-70.59722,-33.40511],[-70.59618,-33.40506]]]}},{"type":"Feature","properties":{"ZONA":"U-V"},"geometry":{"type":"Polygon","coordinates":[[[-70.59398,-33.4061],[-70.59323,-33.40583],[-70.59427,-33.40464],[-70.59491,-33.40505],[-70.59398,-33.4061]]]}},{"type":"Feature","properties":{"ZONA":"U-V"},"geometry":{"type":"Polygon","coordinates":[[[-70.59306,-33.40577],[-70.59236,-33.40553],[-70.59356,-33.40422],[-70.59413,-33.40455],[-70.59306,-33.40577]]]}},{"type":"Feature","properties":{"ZONA":"U-V"},"geometry":{"type":"Polygon","coordinates":[[[-70.59223,-33.40546],[-70.59167,-33.40522],[-70.59294,-33.40384],[-70.59341,-33.40412],[-70.59223,-33.40546]]]}},{"type":"Feature","properties":{"ZONA":"U-V"},"geometry":{"type":"Polygon","coordinates":[[[-70.59589,-33.4044],[-70.59527,-33.40508],[-70.59437,-33.40454],[-70.59514,-33.40365],[-70.59589,-33.4044]]]}},{"type":"Feature","properties":{"ZONA":"U-V"},"geometry":{"type":"Polygon","coordinates":[[[-70.59509,-33.40348],[-70.59424,-33.40445],[-70.59366,-33.40411],[-70.59454,-33.40313],[-70.59509,-33.40348]]]}},{"type":"Feature","properties":{"ZONA":"U POC"},"geometry":{"type":"Polygon","coordinates":[[[-70.59514,-33.40365],[-70.5954,-33.4034],[-70.59615,-33.4041],[-70.59589,-33.4044],[-70.59514,-33.40365]]]}},{"type":"Feature","properties":{"ZONA":"U POC"},"geometry":{"type":"Polygon","coordinates":[[[-70.59454,-33.40313],[-70.5948,-33.40284],[-70.59527,-33.40328],[-70.59454,-33.40313]]]}},{"type":"Feature","properties":{"ZONA":"U-V"},"geometry":{"type":"Polygon","coordinates":[[[-70.59377,-33.40291],[-70.59435,-33.40311],[-70.59352,-33.40403],[-70.59305,-33.40373],[-70.59377,-33.40291]]]}},{"type":"Feature","properties":{"ZONA":"U POC"},"geometry":{"type":"Polygon","coordinates":[[[-70.5942,-33.40279],[-70.59433,-33.40241],[-70.59469,-33.40274],[-70.5942,-33.40279]]]}},{"type":"Feature","properties":{"ZONA":"U-V"},"geometry":{"type":"Polygon","coordinates":[[[-70.59318,-33.40254],[-70.59369,-33.40273],[-70.59337,-33.40316],[-70.59318,-33.40254]]]}},{"type":"Feature","properties":{"ZONA":"U-V"},"geometry":{"type":"Polygon","coordinates":[[[-70.59233,-33.4027],[-70.59329,-33.40325],[-70.59292,-33.40366],[-70.59233,-33.4027]]]}},{"type":"Feature","properties":{"ZONA":"U POC"},"geometry":{"type":"Polygon","coordinates":[[[-70.59205,-33.40261],[-70.59266,-33.40246],[-70.59287,-33.40288],[-70.59205,-33.40261]]]}},{"type":"Feature","properties":{"ZONA":"U-V"},"geometry":{"type":"Polygon","coordinates":[[[-70.5914,-33.40295],[-70.59197,-33.40281],[-70.59282,-33.40377],[-70.59248,-33.40415],[-70.5914,-33.40295]]]}},{"type":"Feature","properties":{"ZONA":"U-V"},"geometry":{"type":"Polygon","coordinates":[[[-70.59071,-33.40312],[-70.59128,-33.403],[-70.59238,-33.40426],[-70.59201,-33.40465],[-70.59071,-33.40312]]]}},{"type":"Feature","properties":{"ZONA":"U-V"},"geometry":{"type":"Polygon","coordinates":[[[-70.59027,-33.40384],[-70.59095,-33.40381],[-70.59192,-33.40478],[-70.59158,-33.40514],[-70.59027,-33.40384]]]}},{"type":"Feature","properties":{"ZONA":"U POC"},"geometry":{"type":"Polygon","coordinates":[[[-70.58993,-33.40315],[-70.59051,-33.40301],[-70.59077,-33.40356],[-70.59027,-33.40384],[-70.58993,-33.40315]]]}},{"type":"Feature","properties":{"ZONA":"U-V"},"geometry":{"type":"Polygon","coordinates":[[[-70.58922,-33.40348],[-70.58976,-33.40335],[-70.59111,-33.40507],[-70.58943,-33.40454],[-70.58922,-33.40348]]]}},{"type":"Feature","properties":{"ZONA":"U-V"},"geometry":{"type":"Polygon","coordinates":[[[-70.58856,-33.40366],[-70.58909,-33.40353],[-70.58929,-33.40451],[-70.58857,-33.40435],[-70.58856,-33.40366]]]}},{"type":"Feature","properties":{"ZONA":"U POC"},"geometry":{"type":"Polygon","coordinates":[[[-70.58715,-33.40388],[-70.58842,-33.40371],[-70.5879,-33.40423],[-70.58715,-33.40388]]]}},{"type":"Feature","properties":{"ZONA":"U-V"},"geometry":{"type":"Polygon","coordinates":[[[-70.5879,-33.40305],[-70.58795,-33.4027],[-70.58956,-33.40277],[-70.5879,-33.40305]]]}},{"type":"Feature","properties":{"ZONA":"U-V"},"geometry":{"type":"Polygon","coordinates":[[[-70.58978,-33.4027],[-70.58968,-33.40241],[-70.59228,-33.40157],[-70.59241,-33.4019],[-70.58978,-33.4027]]]}},{"type":"Feature","properties":{"ZONA":"U POC"},"geometry":{"type":"Polygon","coordinates":[[[-70.58978,-33.4027],[-70.59241,-33.4019],[-70.59252,-33.4022],[-70.58978,-33.4027]]]}},{"type":"Feature","properties":{"ZONA":"U-V"},"geometry":{"type":"Polygon","coordinates":[[[-70.58891,-33.40199],[-70.5894,-33.40236],[-70.58804,-33.4026],[-70.58821,-33.40198],[-70.58891,-33.40199]]]}},{"type":"Feature","properties":{"ZONA":"U-V"},"geometry":{"type":"Polygon","coordinates":[[[-70.58946,-33.40182],[-70.59164,-33.40102],[-70.59215,-33.40151],[-70.58965,-33.4023],[-70.58946,-33.40182]]]}},{"type":"Feature","properties":{"ZONA":"U POC"},"geometry":{"type":"Polygon","coordinates":[[[-70.58095,-33.39691],[-70.58061,-33.39676],[-70.581,-33.39623],[-70.58161,-33.39662],[-70.5815,-33.39715],[-70.58095,-33.39691]]]}},{"type":"Feature","properties":{"ZONA":"U-V"},"geometry":{"type":"Polygon","coordinates":[[[-70.58065,-33.39644],[-70.57965,-33.39817],[-70.57892,-33.39783],[-70.57991,-33.39598],[-70.58065,-33.39644]]]}},{"type":"Feature","properties":{"ZONA":"U-V"},"geometry":{"type":"Polygon","coordinates":[[[-70.57885,-33.39574],[-70.57982,-33.39586],[-70.5794,-33.39591],[-70.57968,-33.39607],[-70.57877,-33.39773],[-70.57803,-33.39738],[-70.57885,-33.39574]]]}},{"type":"Feature","properties":{"ZONA":"U-V"},"geometry":{"type":"Polygon","coordinates":[[[-70.57782,-33.39728],[-70.57717,-33.39694],[-70.57828,-33.39484],[-70.579,-33.3953],[-70.57782,-33.39728]]]}},{"type":"Feature","properties":{"ZONA":"U POC"},"geometry":{"type":"Polygon","coordinates":[[[-70.57828,-33.39484],[-70.57849,-33.39458],[-70.57918,-33.39506],[-70.57828,-33.39484]]]}},{"type":"Feature","properties":{"ZONA":"U POCsz"},"geometry":{"type":"Polygon","coordinates":[[[-70.57645,-33.3937],[-70.57677,-33.3934],[-70.57834,-33.39446],[-70.57772,-33.39456],[-70.57645,-33.3937]]]}},{"type":"Feature","properties":{"ZONA":"U-V"},"geometry":{"type":"Polygon","coordinates":[[[-70.57474,-33.39582],[-70.57263,-33.39484],[-70.57294,-33.39448],[-70.57675,-33.39633],[-70.57772,-33.39456],[-70.5781,-33.39475],[-70.57697,-33.39685],[-70.57474,-33.39582]]]}},{"type":"Feature","properties":{"ZONA":"U PVO"},"geometry":{"type":"MultiPolygon","coordinates":[[[[-70.59515,-33.37957],[-70.59736,-33.37776],[-70.59777,-33.38103],[-70.59681,-33.38177],[-70.59482,-33.38013],[-70.59162,-33.38326],[-70.59122,-33.38294],[-70.59178,-33.38246],[-70.58981,-33.38088],[-70.58854,-33.3805],[-70.58929,-33.37982],[-70.59016,-33.37991],[-70.59241,-33.38201],[-70.59515,-33.37957]]]]}},{"type":"Feature","properties":{"ZONA":"U-V"},"geometry":{"type":"Polygon","coordinates":[[[-70.5849,-33.37923],[-70.58491,-33.37718],[-70.58445,-33.37887],[-70.5835,-33.37882],[-70.58425,-33.37403],[-70.58961,-33.37465],[-70.58943,-33.37789],[-70.58934,-33.37835],[-70.58865,-33.37827],[-70.58857,-33.37968],[-70.5849,-33.37923]]]}},{"type":"Feature","properties":{"ZONA":"U-V"},"geometry":{"type":"Polygon","coordinates":[[[-70.58327,-33.38349],[-70.58344,-33.38297],[-70.58543,-33.38338],[-70.58527,-33.38391],[-70.58327,-33.38349]]]}},{"type":"Feature","properties":{"ZONA":"U-V"},"geometry":{"type":"Polygon","coordinates":[[[-70.58487,-33.38457],[-70.58448,-33.38389],[-70.58523,-33.38404],[-70.58487,-33.38457]]]}},{"type":"Feature","properties":{"ZONA":"U-V"},"geometry":{"type":"Polygon","coordinates":[[[-70.58362,-33.38528],[-70.58363,-33.38457],[-70.58441,-33.3842],[-70.58476,-33.38467],[-70.58362,-33.38528]]]}},{"type":"Feature","properties":{"ZONA":"U-V"},"geometry":{"type":"Polygon","coordinates":[[[-70.58172,-33.38411],[-70.58297,-33.38438],[-70.58281,-33.38494],[-70.58306,-33.38441],[-70.58348,-33.38449],[-70.58348,-33.38535],[-70.58185,-33.38527],[-70.5822,-33.38472],[-70.58135,-33.38455],[-70.58172,-33.38411]]]}},{"type":"Feature","properties":{"ZONA":"U-V"},"geometry":{"type":"Polygon","coordinates":[[[-70.58411,-33.38418],[-70.58208,-33.38406],[-70.58224,-33.38352],[-70.58411,-33.38418]]]}},{"type":"Feature","properties":{"ZONA":"U-V"},"geometry":{"type":"Polygon","coordinates":[[[-70.57286,-33.37222],[-70.57379,-33.37179],[-70.57552,-33.37231],[-70.57564,-33.37472],[-70.57474,-33.37436],[-70.57486,-33.37267],[-70.57361,-33.37255],[-70.57335,-33.37391],[-70.57231,-33.37369],[-70.57286,-33.37222]]]}},{"type":"Feature","properties":{"ZONA":"U-V"},"geometry":{"type":"Polygon","coordinates":[[[-70.57588,-33.37255],[-70.57493,-33.37185],[-70.57508,-33.37119],[-70.57712,-33.37151],[-70.57702,-33.37256],[-70.57588,-33.37255]]]}},{"type":"Feature","properties":{"ZONA":"U-V"},"geometry":{"type":"Polygon","coordinates":[[[-70.57209,-33.37159],[-70.57333,-33.37101],[-70.57494,-33.37118],[-70.57479,-33.37184],[-70.573,-33.37183],[-70.57228,-33.37352],[-70.57131,-33.37354],[-70.57209,-33.37159]]]}},{"type":"Feature","properties":{"ZONA":"U-V"},"geometry":{"type":"Polygon","coordinates":[[[-70.58826,-33.40186],[-70.58872,-33.39993],[-70.58937,-33.40014],[-70.58921,-33.40179],[-70.58826,-33.40186]]]}},{"type":"Feature","properties":{"ZONA":"U-V"},"geometry":{"type":"Polygon","coordinates":[[[-70.58944,-33.40173],[-70.58934,-33.40094],[-70.59063,-33.40137],[-70.58944,-33.40173]]]}},{"type":"Feature","properties":{"ZONA":"U-V"},"geometry":{"type":"Polygon","coordinates":[[[-70.59076,-33.40138],[-70.58936,-33.40082],[-70.58959,-33.40022],[-70.59154,-33.40092],[-70.59076,-33.40138]]]}},{"type":"Feature","properties":{"ZONA":"U PC"},"geometry":{"type":"Polygon","coordinates":[[[-70.59248,-33.40097],[-70.59377,-33.40189],[-70.59305,-33.40176],[-70.59248,-33.40097]]]}},{"type":"Feature","properties":{"ZONA":"U POC"},"geometry":{"type":"Polygon","coordinates":[[[-70.59244,-33.40154],[-70.59248,-33.40097],[-70.59342,-33.40197],[-70.59267,-33.40214],[-70.59244,-33.40154]]]}},{"type":"Feature","properties":{"ZONA":"U PC"},"geometry":{"type":"Polygon","coordinates":[[[-70.5918,-33.40057],[-70.58978,-33.39981],[-70.59249,-33.40062],[-70.5918,-33.40057]]]}},{"type":"Feature","properties":{"ZONA":"U POC"},"geometry":{"type":"Polygon","coordinates":[[[-70.59196,-33.40064],[-70.5923,-33.40079],[-70.59202,-33.40103],[-70.59196,-33.40064]]]}},{"type":"Feature","properties":{"ZONA":"U PVEV"},"geometry":{"type":"MultiPolygon","coordinates":[[[[-70.59895,-33.40518],[-70.59978,-33.40509],[-70.59945,-33.40111],[-70.59989,-33.40345],[-70.6005,-33.40345],[-70.60084,-33.40624],[-70.59908,-33.40617],[-70.59895,-33.40518]]]]}},{"type":"Feature","properties":{"ZONA":"U POC"},"geometry":{"type":"Polygon","coordinates":[[[-70.59908,-33.40617],[-70.60027,-33.40628],[-70.59921,-33.40656],[-70.59908,-33.40617]]]}},{"type":"Feature","properties":{"ZONA":"U POC"},"geometry":{"type":"Polygon","coordinates":[[[-70.59888,-33.40458],[-70.59927,-33.40455],[-70.59934,-33.40515],[-70.59895,-33.40518],[-70.59888,-33.40458]]]}},{"type":"Feature","properties":{"ZONA":"U POC"},"geometry":{"type":"Polygon","coordinates":[[[-70.59886,-33.40445],[-70.5988,-33.404],[-70.59945,-33.40395],[-70.59951,-33.4044],[-70.59886,-33.40445]]]}},{"type":"Feature","properties":{"ZONA":"U PVEV"},"geometry":{"type":"Polygon","coordinates":[[[-70.59883,-33.40215],[-70.59918,-33.40213],[-70.59928,-33.40292],[-70.59883,-33.40215]]]}},{"type":"Feature","properties":{"ZONA":"U POC"},"geometry":{"type":"Polygon","coordinates":[[[-70.59857,-33.40248],[-70.59883,-33.40215],[-70.59898,-33.40295],[-70.59857,-33.40248]]]}},{"type":"Feature","properties":{"ZONA":"U PC"},"geometry":{"type":"Polygon","coordinates":[[[-70.59761,-33.4048],[-70.59867,-33.40545],[-70.59875,-33.40613],[-70.59761,-33.4048]]]}},{"type":"Feature","properties":{"ZONA":"U POC"},"geometry":{"type":"Polygon","coordinates":[[[-70.59838,-33.40519],[-70.59806,-33.40444],[-70.59849,-33.40405],[-70.59867,-33.40545],[-70.59838,-33.40519]]]}},{"type":"Feature","properties":{"ZONA":"U PC"},"geometry":{"type":"Polygon","coordinates":[[[-70.59741,-33.40455],[-70.59746,-33.40495],[-70.59675,-33.40427],[-70.59741,-33.40455]]]}},{"type":"Feature","properties":{"ZONA":"U PVEV"},"geometry":{"type":"Polygon","coordinates":[[[-70.59666,-33.40331],[-70.59803,-33.40318],[-70.59814,-33.40395],[-70.59692,-33.40405],[-70.59666,-33.40331]]]}},{"type":"Feature","properties":{"ZONA":"U PVO"},"geometry":{"type":"Polygon","coordinates":[[[-70.598,-33.40304],[-70.59755,-33.40226],[-70.59789,-33.40224],[-70.598,-33.40304]]]}},{"type":"Feature","properties":{"ZONA":"U PVEV"},"geometry":{"type":"Polygon","coordinates":[[[-70.59622,-33.40239],[-70.5974,-33.40228],[-70.59752,-33.40307],[-70.59634,-33.40322],[-70.59622,-33.40239]]]}},{"type":"Feature","properties":{"ZONA":"U PC"},"geometry":{"type":"Polygon","coordinates":[[[-70.59476,-33.40193],[-70.59603,-33.40254],[-70.59616,-33.4037],[-70.59519,-33.4028],[-70.5954,-33.40254],[-70.59511,-33.40273],[-70.59436,-33.40203],[-70.59499,-33.40214],[-70.59476,-33.40193]]]}},{"type":"Feature","properties":{"ZONA":"U PVEV"},"geometry":{"type":"Polygon","coordinates":[[[-70.59533,-33.40192],[-70.59592,-33.40183],[-70.59598,-33.40232],[-70.59533,-33.40192]]]}},{"type":"Feature","properties":{"ZONA":"U POC"},"geometry":{"type":"Polygon","coordinates":[[[-70.59611,-33.40162],[-70.59806,-33.40114],[-70.59818,-33.40208],[-70.59611,-33.40162]]]}},{"type":"Feature","properties":{"ZONA":"U PVEV"},"geometry":{"type":"Polygon","coordinates":[[[-70.59613,-33.40178],[-70.5973,-33.40175],[-70.59736,-33.40215],[-70.59619,-33.40224],[-70.59613,-33.40178]]]}},{"type":"Feature","properties":{"ZONA":"U POC"},"geometry":{"type":"Polygon","coordinates":[[[-70.59404,-33.401],[-70.5944,-33.4014],[-70.59549,-33.40097],[-70.59584,-33.4013],[-70.59426,-33.40169],[-70.59404,-33.401]]]}},{"type":"Feature","properties":{"ZONA":"U-V"},"geometry":{"type":"Polygon","coordinates":[[[-70.59424,-33.40095],[-70.59461,-33.40128],[-70.59456,-33.40087],[-70.59575,-33.4006],[-70.59579,-33.40096],[-70.5944,-33.4014],[-70.59424,-33.40095]]]}},{"type":"Feature","properties":{"ZONA":"U PC"},"geometry":{"type":"Polygon","coordinates":[[[-70.59426,-33.40169],[-70.5935,-33.4012],[-70.59404,-33.401],[-70.59426,-33.40169]]]}},{"type":"Feature","properties":{"ZONA":"U POC"},"geometry":{"type":"Polygon","coordinates":[[[-70.5976,-33.40016],[-70.598,-33.40076],[-70.59605,-33.40124],[-70.59601,-33.40089],[-70.59763,-33.40049],[-70.5976,-33.40016]]]}},{"type":"Feature","properties":{"ZONA":"U-V"},"geometry":{"type":"Polygon","coordinates":[[[-70.59601,-33.40089],[-70.59597,-33.40055],[-70.5976,-33.40016],[-70.59763,-33.40049],[-70.59601,-33.40089]]]}},{"type":"Feature","properties":{"ZONA":"U POC"},"geometry":{"type":"Polygon","coordinates":[[[-70.59933,-33.39884],[-70.60081,-33.39851],[-70.60103,-33.4],[-70.5991,-33.4005],[-70.59966,-33.40026],[-70.59933,-33.39884]]]}},{"type":"Feature","properties":{"ZONA":"U POC"},"geometry":{"type":"Polygon","coordinates":[[[-70.59811,-33.39911],[-70.59853,-33.39901],[-70.59859,-33.40043],[-70.59895,-33.40055],[-70.59833,-33.4007],[-70.59811,-33.39911]]]}},{"type":"Feature","properties":{"ZONA":"U-V"},"geometry":{"type":"Polygon","coordinates":[[[-70.59759,-33.40003],[-70.59593,-33.4004],[-70.59582,-33.3996],[-70.59745,-33.39925],[-70.59759,-33.40003]]]}},{"type":"Feature","properties":{"ZONA":"U POC"},"geometry":{"type":"Polygon","coordinates":[[[-70.59745,-33.39925],[-70.59779,-33.39918],[-70.59789,-33.4],[-70.59745,-33.39925]]]}},{"type":"Feature","properties":{"ZONA":"U-V"},"geometry":{"type":"Polygon","coordinates":[[[-70.59372,-33.40009],[-70.59449,-33.4003],[-70.59439,-33.39994],[-70.59489,-33.4002],[-70.59479,-33.39984],[-70.59561,-33.39966],[-70.59572,-33.40046],[-70.594,-33.40088],[-70.59372,-33.40009]]]}},{"type":"Feature","properties":{"ZONA":"U PVO"},"geometry":{"type":"Polygon","coordinates":[[[-70.594,-33.40088],[-70.59313,-33.40023],[-70.59372,-33.40009],[-70.594,-33.40088]]]}},{"type":"Feature","properties":{"ZONA":"U-V"},"geometry":{"type":"Polygon","coordinates":[[[-70.59298,-33.39936],[-70.59289,-33.3988],[-70.59548,-33.39847],[-70.59559,-33.39948],[-70.5946,-33.3997],[-70.59449,-33.3992],[-70.59396,-33.39932],[-70.59408,-33.39982],[-70.59366,-33.39991],[-70.59353,-33.39929],[-70.59298,-33.39936]]]}},{"type":"Feature","properties":{"ZONA":"U POC"},"geometry":{"type":"Polygon","coordinates":[[[-70.59303,-33.39967],[-70.59366,-33.39991],[-70.59309,-33.40004],[-70.59303,-33.39967]]]}},{"type":"Feature","properties":{"ZONA":"U-V"},"geometry":{"type":"Polygon","coordinates":[[[-70.59744,-33.39906],[-70.5958,-33.39942],[-70.59569,-33.39844],[-70.59737,-33.39824],[-70.59744,-33.39906]]]}},{"type":"Feature","properties":{"ZONA":"U POC"},"geometry":{"type":"Polygon","coordinates":[[[-70.59737,-33.39824],[-70.59776,-33.39898],[-70.59744,-33.39906],[-70.59737,-33.39824]]]}},{"type":"Feature","properties":{"ZONA":"U PVO"},"geometry":{"type":"Polygon","coordinates":[[[-70.59846,-33.39765],[-70.59839,-33.39686],[-70.59877,-33.3968],[-70.59909,-33.39783],[-70.59846,-33.39765]]]}},{"type":"Feature","properties":{"ZONA":"U POC"},"geometry":{"type":"Polygon","coordinates":[[[-70.59794,-33.39803],[-70.59778,-33.39695],[-70.59839,-33.39686],[-70.59849,-33.39794],[-70.59794,-33.39803]]]}},{"type":"Feature","properties":{"ZONA":"U-V"},"geometry":{"type":"Polygon","coordinates":[[[-70.59732,-33.39811],[-70.59567,-33.39831],[-70.5954,-33.39727],[-70.59711,-33.39705],[-70.59732,-33.39811]]]}},{"type":"Feature","properties":{"ZONA":"U POC"},"geometry":{"type":"Polygon","coordinates":[[[-70.59711,-33.39705],[-70.59748,-33.397],[-70.59762,-33.39807],[-70.59698,-33.39759],[-70.59711,-33.39705]]]}},{"type":"Feature","properties":{"ZONA":"U-V"},"geometry":{"type":"Polygon","coordinates":[[[-70.59289,-33.39866],[-70.59274,-33.39777],[-70.59517,-33.39729],[-70.59546,-33.39833],[-70.59289,-33.39866]]]}},{"type":"Feature","properties":{"ZONA":"U-V"},"geometry":{"type":"Polygon","coordinates":[[[-70.59192,-33.3995],[-70.59155,-33.39797],[-70.59247,-33.39787],[-70.59271,-33.3994],[-70.59192,-33.3995]]]}},{"type":"Feature","properties":{"ZONA":"U PC"},"geometry":{"type":"Polygon","coordinates":[[[-70.59192,-33.3995],[-70.59271,-33.3994],[-70.59282,-33.40007],[-70.59206,-33.40008],[-70.59192,-33.3995]]]}},{"type":"Feature","properties":{"ZONA":"U PC"},"geometry":{"type":"Polygon","coordinates":[[[-70.59027,-33.3992],[-70.59172,-33.39953],[-70.59184,-33.40001],[-70.59027,-33.3992]]]}},{"type":"Feature","properties":{"ZONA":"U PVEV"},"geometry":{"type":"Polygon","coordinates":[[[-70.59027,-33.3992],[-70.59043,-33.39864],[-70.59172,-33.39953],[-70.59027,-33.3992]]]}},{"type":"Feature","properties":{"ZONA":"U PC"},"geometry":{"type":"Polygon","coordinates":[[[-70.59021,-33.39908],[-70.5901,-33.39941],[-70.58955,-33.39921],[-70.58974,-33.39883],[-70.59021,-33.39908]]]}},{"type":"Feature","properties":{"ZONA":"U PVOsz"},"geometry":{"type":"Polygon","coordinates":[[[-70.58974,-33.39883],[-70.59033,-33.39862],[-70.59021,-33.39908],[-70.58974,-33.39883]]]}},{"type":"Feature","properties":{"ZONA":"U-V"},"geometry":{"type":"Polygon","coordinates":[[[-70.58952,-33.39828],[-70.58912,-33.39817],[-70.58938,-33.39726],[-70.59079,-33.39775],[-70.59042,-33.39852],[-70.58952,-33.39828]]]}},{"type":"Feature","properties":{"ZONA":"U PC"},"geometry":{"type":"Polygon","coordinates":[[[-70.58828,-33.39877],[-70.58834,-33.39842],[-70.58963,-33.39879],[-70.58944,-33.39918],[-70.58828,-33.39877]]]}},{"type":"Feature","properties":{"ZONA":"U-V"},"geometry":{"type":"Polygon","coordinates":[[[-70.58967,-33.39718],[-70.58984,-33.3964],[-70.59235,-33.39707],[-70.59245,-33.3977],[-70.58967,-33.39718]]]}},{"type":"Feature","properties":{"ZONA":"U-V"},"geometry":{"type":"Polygon","coordinates":[[[-70.59266,-33.3976],[-70.59257,-33.39701],[-70.59479,-33.39588],[-70.5951,-33.39713],[-70.59266,-33.3976]]]}},{"type":"Feature","properties":{"ZONA":"U-V"},"geometry":{"type":"Polygon","coordinates":[[[-70.5971,-33.39686],[-70.59534,-33.39708],[-70.59517,-33.39646],[-70.59695,-33.39614],[-70.5971,-33.39686]]]}},{"type":"Feature","properties":{"ZONA":"U POC"},"geometry":{"type":"Polygon","coordinates":[[[-70.59695,-33.39614],[-70.59734,-33.39611],[-70.59744,-33.39682],[-70.59695,-33.39614]]]}},{"type":"Feature","properties":{"ZONA":"U PVO"},"geometry":{"type":"Polygon","coordinates":[[[-70.59808,-33.39673],[-70.59768,-33.39493],[-70.5987,-33.3966],[-70.59808,-33.39673]]]}},{"type":"Feature","properties":{"ZONA":"U POC"},"geometry":{"type":"Polygon","coordinates":[[[-70.59808,-33.39673],[-70.59776,-33.39678],[-70.59747,-33.39467],[-70.59787,-33.39491],[-70.59808,-33.39673]]]}},{"type":"Feature","properties":{"ZONA":"U POC"},"geometry":{"type":"Polygon","coordinates":[[[-70.59683,-33.39472],[-70.59716,-33.3947],[-70.59732,-33.39598],[-70.59683,-33.39472]]]}},{"type":"Feature","properties":{"ZONA":"U-V"},"geometry":{"type":"Polygon","coordinates":[[[-70.59702,-33.396],[-70.59647,-33.39476],[-70.59683,-33.39472],[-70.59702,-33.396]]]}},{"type":"Feature","properties":{"ZONA":"U-V"},"geometry":{"type":"Polygon","coordinates":[[[-70.59569,-33.39493],[-70.59634,-33.3948],[-70.59665,-33.39605],[-70.59614,-33.39614],[-70.59569,-33.39493]]]}},{"type":"Feature","properties":{"ZONA":"U-V"},"geometry":{"type":"Polygon","coordinates":[[[-70.59249,-33.39666],[-70.59228,-33.39613],[-70.59425,-33.39465],[-70.59466,-33.39577],[-70.59249,-33.39666]]]}},{"type":"Feature","properties":{"ZONA":"U-V"},"geometry":{"type":"Polygon","coordinates":[[[-70.59064,-33.39654],[-70.59104,-33.39508],[-70.5906,-33.39474],[-70.59221,-33.3965],[-70.59064,-33.39654]]]}},{"type":"Feature","properties":{"ZONA":"U-V"},"geometry":{"type":"Polygon","coordinates":[[[-70.59192,-33.39559],[-70.59366,-33.39376],[-70.59415,-33.39454],[-70.59246,-33.39591],[-70.59192,-33.39559]]]}},{"type":"Feature","properties":{"ZONA":"U-V"},"geometry":{"type":"Polygon","coordinates":[[[-70.59199,-33.39461],[-70.59153,-33.39423],[-70.5919,-33.39391],[-70.59243,-33.3948],[-70.59177,-33.39539],[-70.59114,-33.39486],[-70.59151,-33.39434],[-70.59199,-33.39461]]]}},{"type":"Feature","properties":{"ZONA":"U-V"},"geometry":{"type":"Polygon","coordinates":[[[-70.59309,-33.39307],[-70.59295,-33.39352],[-70.59357,-33.39366],[-70.59264,-33.39448],[-70.59202,-33.39387],[-70.59309,-33.39307]]]}},{"type":"Feature","properties":{"ZONA":"U-V"},"geometry":{"type":"Polygon","coordinates":[[[-70.5968,-33.39459],[-70.59635,-33.39429],[-70.59636,-33.39465],[-70.59468,-33.39504],[-70.59442,-33.39452],[-70.59669,-33.39346],[-70.5968,-33.39459]]]}},{"type":"Feature","properties":{"ZONA":"U POC"},"geometry":{"type":"Polygon","coordinates":[[[-70.59669,-33.39346],[-70.59712,-33.39456],[-70.59657,-33.39424],[-70.59669,-33.39346]]]}},{"type":"Feature","properties":{"ZONA":"U-V"},"geometry":{"type":"Polygon","coordinates":[[[-70.59668,-33.39331],[-70.59436,-33.3944],[-70.59384,-33.39367],[-70.59651,-33.39236],[-70.59668,-33.39331]]]}},{"type":"Feature","properties":{"ZONA":"U POC"},"geometry":{"type":"Polygon","coordinates":[[[-70.59651,-33.39236],[-70.59683,-33.39228],[-70.59691,-33.39328],[-70.59651,-33.39236]]]}},{"type":"Feature","properties":{"ZONA":"U-V"},"geometry":{"type":"Polygon","coordinates":[[[-70.59614,-33.39154],[-70.59654,-33.39221],[-70.59375,-33.39355],[-70.59333,-33.39305],[-70.59614,-33.39154]]]}},{"type":"Feature","properties":{"ZONA":"U POC"},"geometry":{"type":"Polygon","coordinates":[[[-70.59639,-33.39178],[-70.59604,-33.39112],[-70.59639,-33.39093],[-70.59671,-33.39174],[-70.59639,-33.39178]]]}},{"type":"Feature","properties":{"ZONA":"U PVO"},"geometry":{"type":"Polygon","coordinates":[[[-70.59883,-33.39433],[-70.59915,-33.39423],[-70.60019,-33.39648],[-70.59983,-33.39658],[-70.59883,-33.39433]]]}},{"type":"Feature","properties":{"ZONA":"U-V"},"geometry":{"type":"Polygon","coordinates":[[[-70.5851,-33.40293],[-70.5854,-33.40184],[-70.58587,-33.40193],[-70.58553,-33.40295],[-70.58584,-33.40329],[-70.5851,-33.40293]]]}},{"type":"Feature","properties":{"ZONA":"U POC"},"geometry":{"type":"Polygon","coordinates":[[[-70.58592,-33.40299],[-70.58633,-33.40307],[-70.58593,-33.40359],[-70.58504,-33.40316],[-70.58592,-33.40299]]]}},{"type":"Feature","properties":{"ZONA":"U POC"},"geometry":{"type":"Polygon","coordinates":[[[-70.58346,-33.40251],[-70.58362,-33.40222],[-70.5849,-33.40308],[-70.58346,-33.40251]]]}},{"type":"Feature","properties":{"ZONA":"U POC"},"geometry":{"type":"Polygon","coordinates":[[[-70.58272,-33.40195],[-70.58368,-33.40211],[-70.58346,-33.40251],[-70.58272,-33.40195]]]}},{"type":"Feature","properties":{"ZONA":"U-V"},"geometry":{"type":"Polygon","coordinates":[[[-70.58368,-33.40211],[-70.58507,-33.40247],[-70.58498,-33.4028],[-70.58368,-33.40211]]]}},{"type":"Feature","properties":{"ZONA":"U-V"},"geometry":{"type":"Polygon","coordinates":[[[-70.58509,-33.40233],[-70.58299,-33.40148],[-70.58333,-33.40096],[-70.58523,-33.40181],[-70.58509,-33.40233]]]}},{"type":"Feature","properties":{"ZONA":"U-V"},"geometry":{"type":"Polygon","coordinates":[[[-70.58611,-33.40159],[-70.58646,-33.40034],[-70.58679,-33.4004],[-70.58649,-33.40165],[-70.58611,-33.40159]]]}},{"type":"Feature","properties":{"ZONA":"U-V"},"geometry":{"type":"Polygon","coordinates":[[[-70.58545,-33.40167],[-70.58584,-33.40022],[-70.58631,-33.4003],[-70.58592,-33.40176],[-70.58545,-33.40167]]]}},{"type":"Feature","properties":{"ZONA":"U-V"},"geometry":{"type":"Polygon","coordinates":[[[-70.58469,-33.40148],[-70.58517,-33.40009],[-70.58567,-33.40019],[-70.5853,-33.40163],[-70.58469,-33.40148]]]}},{"type":"Feature","properties":{"ZONA":"U-V"},"geometry":{"type":"Polygon","coordinates":[[[-70.58424,-33.40128],[-70.58396,-33.40113],[-70.58463,-33.39998],[-70.58504,-33.40007],[-70.58458,-33.4014],[-70.58424,-33.40128]]]}},{"type":"Feature","properties":{"ZONA":"U-V"},"geometry":{"type":"Polygon","coordinates":[[[-70.58374,-33.40103],[-70.58341,-33.40078],[-70.58401,-33.39977],[-70.5845,-33.39994],[-70.58374,-33.40103]]]}},{"type":"Feature","properties":{"ZONA":"U POCsz"},"geometry":{"type":"Polygon","coordinates":[[[-70.58571,-33.39899],[-70.58488,-33.3983],[-70.58505,-33.39795],[-70.58751,-33.39879],[-70.5874,-33.39922],[-70.58642,-33.39903],[-70.58627,-33.39969],[-70.58571,-33.39899]]]}},{"type":"Feature","properties":{"ZONA":"U-V"},"geometry":{"type":"MultiPolygon","coordinates":[[[[-70.58534,-33.39911],[-70.5859,-33.39924],[-70.58573,-33.40008],[-70.58499,-33.39993],[-70.58534,-33.39911]]]]}},{"type":"Feature","properties":{"ZONA":"U POC"},"geometry":{"type":"Polygon","coordinates":[[[-70.58635,-33.39928],[-70.5874,-33.39922],[-70.58709,-33.40035],[-70.58597,-33.39983],[-70.58635,-33.39928]]]}},{"type":"Feature","properties":{"ZONA":"U-V"},"geometry":{"type":"Polygon","coordinates":[[[-70.58477,-33.39988],[-70.58408,-33.39965],[-70.58461,-33.39876],[-70.5851,-33.39909],[-70.58477,-33.39988]]]}},{"type":"Feature","properties":{"ZONA":"U-V"},"geometry":{"type":"Polygon","coordinates":[[[-70.5833,-33.40065],[-70.58179,-33.39924],[-70.58205,-33.39881],[-70.58384,-33.39969],[-70.5833,-33.40065]]]}},{"type":"Feature","properties":{"ZONA":"U-V"},"geometry":{"type":"Polygon","coordinates":[[[-70.58132,-33.40002],[-70.58171,-33.39943],[-70.58314,-33.40078],[-70.58132,-33.40002]]]}},{"type":"Feature","properties":{"ZONA":"U POC"},"geometry":{"type":"Polygon","coordinates":[[[-70.58262,-33.40181],[-70.58246,-33.40209],[-70.58058,-33.40124],[-70.58262,-33.40181]]]}},{"type":"Feature","properties":{"ZONA":"U-V"},"geometry":{"type":"Polygon","coordinates":[[[-70.58281,-33.40146],[-70.58094,-33.40066],[-70.58123,-33.40016],[-70.58313,-33.40095],[-70.58281,-33.40146]]]}},{"type":"Feature","properties":{"ZONA":"U POC"},"geometry":{"type":"Polygon","coordinates":[[[-70.58058,-33.40098],[-70.57951,-33.40087],[-70.57968,-33.40059],[-70.58058,-33.40098]]]}},{"type":"Feature","properties":{"ZONA":"U-V"},"geometry":{"type":"Polygon","coordinates":[[[-70.57992,-33.40025],[-70.58018,-33.39973],[-70.5811,-33.4001],[-70.58078,-33.4006],[-70.57992,-33.40025]]]}},{"type":"Feature","properties":{"ZONA":"U-V"},"geometry":{"type":"Polygon","coordinates":[[[-70.58064,-33.39891],[-70.5809,-33.39937],[-70.58155,-33.39932],[-70.58116,-33.39997],[-70.58025,-33.39963],[-70.58064,-33.39891]]]}},{"type":"Feature","properties":{"ZONA":"U-V"},"geometry":{"type":"Polygon","coordinates":[[[-70.57811,-33.39835],[-70.57839,-33.3978],[-70.57945,-33.39829],[-70.57833,-33.39986],[-70.57753,-33.3993],[-70.57811,-33.39835]]]}},{"type":"Feature","properties":{"ZONA":"U POC"},"geometry":{"type":"Polygon","coordinates":[[[-70.57966,-33.4003],[-70.57929,-33.40079],[-70.57824,-33.40035],[-70.57861,-33.3999],[-70.57966,-33.4003]]]}},{"type":"Feature","properties":{"ZONA":"U POC"},"geometry":{"type":"Polygon","coordinates":[[[-70.57833,-33.39986],[-70.57804,-33.40029],[-70.57612,-33.39952],[-70.57638,-33.39889],[-70.57738,-33.39902],[-70.57833,-33.39986]]]}},{"type":"Feature","properties":{"ZONA":"U-V"},"geometry":{"type":"Polygon","coordinates":[[[-70.57932,-33.39871],[-70.5796,-33.39838],[-70.58048,-33.39884],[-70.57966,-33.4003],[-70.57861,-33.3999],[-70.57932,-33.39871]]]}},{"type":"Feature","properties":{"ZONA":"U-V"},"geometry":{"type":"Polygon","coordinates":[[[-70.5774,-33.39902],[-70.57638,-33.39889],[-70.5771,-33.39712],[-70.57825,-33.39768],[-70.5774,-33.39902]]]}},{"type":"Feature","properties":{"ZONA":"U-V"},"geometry":{"type":"Polygon","coordinates":[[[-70.58392,-33.39961],[-70.58341,-33.39932],[-70.58393,-33.39843],[-70.58449,-33.39867],[-70.58392,-33.39961]]]}},{"type":"Feature","properties":{"ZONA":"U-V"},"geometry":{"type":"Polygon","coordinates":[[[-70.58277,-33.39903],[-70.58326,-33.39817],[-70.58379,-33.39837],[-70.58327,-33.39929],[-70.58277,-33.39903]]]}},{"type":"Feature","properties":{"ZONA":"U-V"},"geometry":{"type":"Polygon","coordinates":[[[-70.58216,-33.39874],[-70.58257,-33.39792],[-70.58312,-33.39813],[-70.58261,-33.39897],[-70.58216,-33.39874]]]}},{"type":"Feature","properties":{"ZONA":"U POC"},"geometry":{"type":"Polygon","coordinates":[[[-70.58309,-33.39765],[-70.58326,-33.39733],[-70.5849,-33.39789],[-70.58476,-33.39821],[-70.58309,-33.39765]]]}},{"type":"Feature","properties":{"ZONA":"U-V"},"geometry":{"type":"Polygon","coordinates":[[[-70.58294,-33.39786],[-70.5828,-33.39754],[-70.58476,-33.39821],[-70.58294,-33.39786]]]}},{"type":"Feature","properties":{"ZONA":"U-V"},"geometry":{"type":"Polygon","coordinates":[[[-70.58162,-33.39791],[-70.58132,-33.39774],[-70.58169,-33.39711],[-70.58252,-33.3977],[-70.58165,-33.39916],[-70.58121,-33.39894],[-70.58142,-33.39861],[-70.58073,-33.39872],[-70.5813,-33.3978],[-70.58162,-33.39791]]]}},{"type":"Feature","properties":{"ZONA":"U POCsz"},"geometry":{"type":"Polygon","coordinates":[[[-70.58204,-33.39751],[-70.58192,-33.39682],[-70.58282,-33.39718],[-70.58252,-33.3977],[-70.58204,-33.39751]]]}},{"type":"Feature","properties":{"ZONA":"U POC"},"geometry":{"type":"Polygon","coordinates":[[[-70.5876,-33.39853],[-70.58563,-33.39785],[-70.58591,-33.39724],[-70.58755,-33.39733],[-70.58795,-33.39775],[-70.5876,-33.39853]]]}},{"type":"Feature","properties":{"ZONA":"U-V"},"geometry":{"type":"Polygon","coordinates":[[[-70.58618,-33.39662],[-70.58634,-33.3962],[-70.58781,-33.39673],[-70.58755,-33.39733],[-70.58591,-33.39724],[-70.58618,-33.39662]]]}},{"type":"Feature","properties":{"ZONA":"U-V"},"geometry":{"type":"Polygon","coordinates":[[[-70.58836,-33.39391],[-70.588,-33.39369],[-70.58842,-33.39319],[-70.58939,-33.39393],[-70.588,-33.39527],[-70.58858,-33.39544],[-70.58814,-33.39631],[-70.58706,-33.39625],[-70.58814,-33.39459],[-70.58771,-33.39401],[-70.58836,-33.39391]]]}},{"type":"Feature","properties":{"ZONA":"U-V"},"geometry":{"type":"Polygon","coordinates":[[[-70.58689,-33.3962],[-70.58645,-33.39601],[-70.58749,-33.39429],[-70.58798,-33.39449],[-70.58689,-33.3962]]]}},{"type":"Feature","properties":{"ZONA":"U-V"},"geometry":{"type":"Polygon","coordinates":[[[-70.58905,-33.39352],[-70.58964,-33.39291],[-70.59061,-33.39365],[-70.59006,-33.39416],[-70.59019,-33.39379],[-70.58986,-33.39402],[-70.58983,-33.39357],[-70.58905,-33.39352]]]}},{"type":"Feature","properties":{"ZONA":"U-V"},"geometry":{"type":"Polygon","coordinates":[[[-70.59015,-33.39249],[-70.59066,-33.39218],[-70.59122,-33.39282],[-70.59049,-33.39271],[-70.59019,-33.39299],[-70.59053,-33.39344],[-70.58978,-33.39285],[-70.59015,-33.39249]]]}},{"type":"Feature","properties":{"ZONA":"U-V"},"geometry":{"type":"Polygon","coordinates":[[[-70.59135,-33.39175],[-70.59176,-33.39154],[-70.59217,-33.39202],[-70.59128,-33.39265],[-70.5908,-33.3921],[-70.59135,-33.39175]]]}},{"type":"Feature","properties":{"ZONA":"U-V"},"geometry":{"type":"Polygon","coordinates":[[[-70.59418,-33.39064],[-70.59485,-33.39031],[-70.59519,-33.39068],[-70.59244,-33.39201],[-70.59222,-33.39176],[-70.59418,-33.39064]]]}},{"type":"Feature","properties":{"ZONA":"U-V"},"geometry":{"type":"Polygon","coordinates":[[[-70.59364,-33.38868],[-70.59421,-33.3883],[-70.59596,-33.39021],[-70.59528,-33.39054],[-70.59364,-33.38868]]]}},{"type":"Feature","properties":{"ZONA":"U-V"},"geometry":{"type":"Polygon","coordinates":[[[-70.59421,-33.39047],[-70.59302,-33.38908],[-70.59351,-33.38876],[-70.59476,-33.39019],[-70.59421,-33.39047]]]}},{"type":"Feature","properties":{"ZONA":"U-V"},"geometry":{"type":"Polygon","coordinates":[[[-70.5924,-33.38947],[-70.59291,-33.38915],[-70.59409,-33.39052],[-70.59353,-33.3908],[-70.5924,-33.38947]]]}},{"type":"Feature","properties":{"ZONA":"U-V"},"geometry":{"type":"Polygon","coordinates":[[[-70.59183,-33.39021],[-70.59214,-33.38965],[-70.59323,-33.39099],[-70.59272,-33.39125],[-70.59183,-33.39021]]]}},{"type":"Feature","properties":{"ZONA":"U-V"},"geometry":{"type":"Polygon","coordinates":[[[-70.59213,-33.39164],[-70.59102,-33.39038],[-70.59152,-33.39005],[-70.59264,-33.39133],[-70.59213,-33.39164]]]}},{"type":"Feature","properties":{"ZONA":"U-V"},"geometry":{"type":"Polygon","coordinates":[[[-70.58837,-33.39279],[-70.59127,-33.39097],[-70.59161,-33.39137],[-70.58892,-33.39339],[-70.58837,-33.39279]]]}},{"type":"Feature","properties":{"ZONA":"U-V"},"geometry":{"type":"Polygon","coordinates":[[[-70.58799,-33.39223],[-70.59079,-33.39047],[-70.59118,-33.39087],[-70.58847,-33.3926],[-70.58799,-33.39223]]]}},{"type":"Feature","properties":{"ZONA":"U-V"},"geometry":{"type":"Polygon","coordinates":[[[-70.58793,-33.39211],[-70.58767,-33.39161],[-70.58844,-33.3912],[-70.58879,-33.39162],[-70.58793,-33.39211]]]}},{"type":"Feature","properties":{"ZONA":"U-V"},"geometry":{"type":"Polygon","coordinates":[[[-70.58849,-33.39116],[-70.59032,-33.38995],[-70.59073,-33.39033],[-70.58888,-33.39157],[-70.58849,-33.39116]]]}},{"type":"Feature","properties":{"ZONA":"U-V"},"geometry":{"type":"Polygon","coordinates":[[[-70.59346,-33.3885],[-70.59251,-33.38744],[-70.59276,-33.38716],[-70.59401,-33.38814],[-70.59346,-33.3885]]]}},{"type":"Feature","properties":{"ZONA":"U-V"},"geometry":{"type":"Polygon","coordinates":[[[-70.59278,-33.38881],[-70.59196,-33.38787],[-70.59236,-33.38752],[-70.59337,-33.38862],[-70.59278,-33.38881]]]}},{"type":"Feature","properties":{"ZONA":"U-V"},"geometry":{"type":"Polygon","coordinates":[[[-70.59128,-33.38828],[-70.59185,-33.38795],[-70.59279,-33.389],[-70.59222,-33.38937],[-70.59128,-33.38828]]]}},{"type":"Feature","properties":{"ZONA":"U-V"},"geometry":{"type":"Polygon","coordinates":[[[-70.59058,-33.38876],[-70.59114,-33.3884],[-70.59204,-33.3895],[-70.59149,-33.38981],[-70.59058,-33.38876]]]}},{"type":"Feature","properties":{"ZONA":"U-V"},"geometry":{"type":"Polygon","coordinates":[[[-70.58998,-33.38917],[-70.59048,-33.38882],[-70.5914,-33.3899],[-70.59087,-33.39022],[-70.58998,-33.38917]]]}},{"type":"Feature","properties":{"ZONA":"U-V"},"geometry":{"type":"Polygon","coordinates":[[[-70.58988,-33.38905],[-70.5895,-33.3886],[-70.59212,-33.38666],[-70.59265,-33.38708],[-70.58988,-33.38905]]]}},{"type":"Feature","properties":{"ZONA":"U-V"},"geometry":{"type":"Polygon","coordinates":[[[-70.58756,-33.39153],[-70.58728,-33.39106],[-70.5899,-33.38942],[-70.59028,-33.38981],[-70.58756,-33.39153]]]}},{"type":"Feature","properties":{"ZONA":"U-V"},"geometry":{"type":"Polygon","coordinates":[[[-70.58876,-33.38909],[-70.58933,-33.38871],[-70.58987,-33.38934],[-70.5872,-33.39097],[-70.58684,-33.39036],[-70.58742,-33.39041],[-70.58746,-33.38995],[-70.5878,-33.39021],[-70.58751,-33.38992],[-70.5885,-33.38969],[-70.5887,-33.38914],[-70.58901,-33.38945],[-70.58876,-33.38909]]]}},{"type":"Feature","properties":{"ZONA":"U-V"},"geometry":{"type":"Polygon","coordinates":[[[-70.58783,-33.3935],[-70.58744,-33.393],[-70.58802,-33.39268],[-70.58829,-33.39301],[-70.58783,-33.3935]]]}},{"type":"Feature","properties":{"ZONA":"U-V"},"geometry":{"type":"Polygon","coordinates":[[[-70.58768,-33.39376],[-70.58697,-33.3939],[-70.58602,-33.39197],[-70.58487,-33.39204],[-70.58446,-33.39141],[-70.58572,-33.39089],[-70.58768,-33.39376]]]}},{"type":"Feature","properties":{"ZONA":"U-V"},"geometry":{"type":"Polygon","coordinates":[[[-70.58572,-33.39089],[-70.587,-33.3925],[-70.58775,-33.3922],[-70.58797,-33.39261],[-70.58715,-33.39299],[-70.58768,-33.39376],[-70.58572,-33.39089]]]}},{"type":"Feature","properties":{"ZONA":"U-V"},"geometry":{"type":"Polygon","coordinates":[[[-70.58646,-33.39141],[-70.58705,-33.39111],[-70.58766,-33.39209],[-70.58705,-33.39236],[-70.58646,-33.39141]]]}},{"type":"Feature","properties":{"ZONA":"U-V"},"geometry":{"type":"Polygon","coordinates":[[[-70.58637,-33.39126],[-70.58605,-33.39069],[-70.58666,-33.39045],[-70.58699,-33.391],[-70.58637,-33.39126]]]}},{"type":"Feature","properties":{"ZONA":"U-V"},"geometry":{"type":"Polygon","coordinates":[[[-70.58555,-33.3935],[-70.58496,-33.39231],[-70.58563,-33.39194],[-70.58653,-33.39321],[-70.58555,-33.3935]]]}},{"type":"Feature","properties":{"ZONA":"U-V"},"geometry":{"type":"Polygon","coordinates":[[[-70.58658,-33.39531],[-70.58586,-33.39448],[-70.58745,-33.39409],[-70.58658,-33.39531]]]}},{"type":"Feature","properties":{"ZONA":"U-V"},"geometry":{"type":"Polygon","coordinates":[[[-70.58614,-33.39588],[-70.58512,-33.39478],[-70.58574,-33.39455],[-70.58661,-33.39545],[-70.58614,-33.39588]]]}},{"type":"Feature","properties":{"ZONA":"U-V"},"geometry":{"type":"Polygon","coordinates":[[[-70.58597,-33.39664],[-70.5844,-33.3952],[-70.58497,-33.39495],[-70.5862,-33.39613],[-70.58597,-33.39664]]]}},{"type":"Feature","properties":{"ZONA":"U-V"},"geometry":{"type":"Polygon","coordinates":[[[-70.58578,-33.39716],[-70.58376,-33.39545],[-70.58428,-33.39525],[-70.58593,-33.39676],[-70.58578,-33.39716]]]}},{"type":"Feature","properties":{"ZONA":"U POC"},"geometry":{"type":"Polygon","coordinates":[[[-70.5841,-33.39727],[-70.58571,-33.3973],[-70.58549,-33.39781],[-70.5841,-33.39727]]]}},{"type":"Feature","properties":{"ZONA":"U-V"},"geometry":{"type":"Polygon","coordinates":[[[-70.58386,-33.39647],[-70.5842,-33.39624],[-70.58538,-33.39713],[-70.58472,-33.39717],[-70.58386,-33.39647]]]}},{"type":"Feature","properties":{"ZONA":"U PVO"},"geometry":{"type":"Polygon","coordinates":[[[-70.58303,-33.39604],[-70.58335,-33.39588],[-70.58446,-33.39698],[-70.58403,-33.39724],[-70.58303,-33.39604]]]}},{"type":"Feature","properties":{"ZONA":"U PVO"},"geometry":{"type":"Polygon","coordinates":[[[-70.5816,-33.39608],[-70.58229,-33.39552],[-70.58285,-33.39636],[-70.5816,-33.39608]]]}},{"type":"Feature","properties":{"ZONA":"U-V"},"geometry":{"type":"Polygon","coordinates":[[[-70.5815,-33.39715],[-70.58059,-33.39864],[-70.57979,-33.39826],[-70.58061,-33.39676],[-70.5815,-33.39715]]]}},{"type":"Feature","properties":{"ZONA":"U POC"},"geometry":{"type":"Polygon","coordinates":[[[-70.5724,-33.39438],[-70.57249,-33.39374],[-70.57312,-33.39381],[-70.57294,-33.39448],[-70.5724,-33.39438]]]}},{"type":"Feature","properties":{"ZONA":"U PVO"},"geometry":{"type":"Polygon","coordinates":[[[-70.57615,-33.3976],[-70.57657,-33.39687],[-70.5769,-33.39702],[-70.57607,-33.39906],[-70.57535,-33.39887],[-70.57615,-33.3976]]]}},{"type":"Feature","properties":{"ZONA":"U-V"},"geometry":{"type":"Polygon","coordinates":[[[-70.57548,-33.39835],[-70.57603,-33.39663],[-70.57657,-33.39687],[-70.5759,-33.3984],[-70.57548,-33.39835]]]}},{"type":"Feature","properties":{"ZONA":"U-V"},"geometry":{"type":"Polygon","coordinates":[[[-70.5747,-33.3966],[-70.57489,-33.39611],[-70.57587,-33.39656],[-70.57533,-33.39822],[-70.57438,-33.39816],[-70.5747,-33.3966]]]}},{"type":"Feature","properties":{"ZONA":"U PVO"},"geometry":{"type":"Polygon","coordinates":[[[-70.57481,-33.3982],[-70.57533,-33.39822],[-70.57522,-33.39879],[-70.57462,-33.39869],[-70.57481,-33.3982]]]}},{"type":"Feature","properties":{"ZONA":"U-V"},"geometry":{"type":"Polygon","coordinates":[[[-70.5744,-33.39692],[-70.57387,-33.3968],[-70.57418,-33.39576],[-70.57473,-33.39603],[-70.5744,-33.39692]]]}},{"type":"Feature","properties":{"ZONA":"U-V"},"geometry":{"type":"Polygon","coordinates":[[[-70.57344,-33.39669],[-70.57353,-33.39546],[-70.57405,-33.39573],[-70.57344,-33.39669]]]}},{"type":"Feature","properties":{"ZONA":"U POC"},"geometry":{"type":"Polygon","coordinates":[[[-70.57219,-33.39537],[-70.57266,-33.39506],[-70.57342,-33.39543],[-70.5726,-33.39576],[-70.57219,-33.39537]]]}},{"type":"Feature","properties":{"ZONA":"U POCsz"},"geometry":{"type":"Polygon","coordinates":[[[-70.57191,-33.39636],[-70.57207,-33.39578],[-70.57258,-33.39588],[-70.57254,-33.39631],[-70.57191,-33.39636]]]}},{"type":"Feature","properties":{"ZONA":"U-V"},"geometry":{"type":"Polygon","coordinates":[[[-70.57303,-33.39557],[-70.57335,-33.39565],[-70.57308,-33.39658],[-70.57303,-33.39557]]]}},{"type":"Feature","properties":{"ZONA":"U-V"},"geometry":{"type":"Polygon","coordinates":[[[-70.58371,-33.39258],[-70.58458,-33.39233],[-70.58537,-33.39353],[-70.58648,-33.39341],[-70.58682,-33.39397],[-70.58503,-33.39468],[-70.58371,-33.39258]]]}},{"type":"Feature","properties":{"ZONA":"U-V"},"geometry":{"type":"Polygon","coordinates":[[[-70.58329,-33.39195],[-70.58432,-33.39147],[-70.58455,-33.39191],[-70.58363,-33.39247],[-70.58329,-33.39195]]]}},{"type":"Feature","properties":{"ZONA":"U-V"},"geometry":{"type":"Polygon","coordinates":[[[-70.58257,-33.39304],[-70.58214,-33.39245],[-70.5831,-33.39203],[-70.58344,-33.39257],[-70.58257,-33.39304]]]}},{"type":"Feature","properties":{"ZONA":"U-V"},"geometry":{"type":"Polygon","coordinates":[[[-70.58172,-33.39371],[-70.58133,-33.39285],[-70.58201,-33.39252],[-70.58253,-33.39316],[-70.58351,-33.39269],[-70.58382,-33.39315],[-70.58172,-33.39371]]]}},{"type":"Feature","properties":{"ZONA":"U POCsz"},"geometry":{"type":"Polygon","coordinates":[[[-70.58073,-33.39478],[-70.58175,-33.39575],[-70.58137,-33.39613],[-70.58051,-33.39556],[-70.58099,-33.39525],[-70.58002,-33.39523],[-70.58073,-33.39478]]]}},{"type":"Feature","properties":{"ZONA":"U PVEV"},"geometry":{"type":"Polygon","coordinates":[[[-70.58116,-33.3952],[-70.58173,-33.39495],[-70.58199,-33.39557],[-70.58116,-33.3952]]]}},{"type":"Feature","properties":{"ZONA":"U PVEV"},"geometry":{"type":"Polygon","coordinates":[[[-70.58054,-33.39473],[-70.58142,-33.3944],[-70.58168,-33.39484],[-70.58043,-33.3951],[-70.58054,-33.39473]]]}},{"type":"Feature","properties":{"ZONA":"U PVEV"},"geometry":{"type":"Polygon","coordinates":[[[-70.57988,-33.3947],[-70.58123,-33.39403],[-70.5814,-33.39436],[-70.58023,-33.39495],[-70.57988,-33.3947]]]}},{"type":"Feature","properties":{"ZONA":"U PVEV"},"geometry":{"type":"Polygon","coordinates":[[[-70.57954,-33.3943],[-70.58102,-33.39363],[-70.5812,-33.39396],[-70.5799,-33.39456],[-70.57954,-33.3943]]]}},{"type":"Feature","properties":{"ZONA":"U PVEV"},"geometry":{"type":"Polygon","coordinates":[[[-70.57945,-33.39416],[-70.57919,-33.39391],[-70.5805,-33.39322],[-70.58068,-33.39362],[-70.57945,-33.39416]]]}},{"type":"Feature","properties":{"ZONA":"U-V"},"geometry":{"type":"Polygon","coordinates":[[[-70.57955,-33.39347],[-70.57869,-33.39409],[-70.57734,-33.39345],[-70.57776,-33.393],[-70.57836,-33.39339],[-70.57789,-33.39288],[-70.57834,-33.39244],[-70.57955,-33.39347]]]}},{"type":"Feature","properties":{"ZONA":"U-V"},"geometry":{"type":"Polygon","coordinates":[[[-70.57859,-33.39226],[-70.57926,-33.39187],[-70.58024,-33.39313],[-70.57981,-33.39332],[-70.57859,-33.39226]]]}},{"type":"Feature","properties":{"ZONA":"U-V"},"geometry":{"type":"MultiPolygon","coordinates":[[[[-70.57987,-33.3924],[-70.5794,-33.39184],[-70.5798,-33.39158],[-70.58062,-33.39294],[-70.57987,-33.3924]]]]}},{"type":"Feature","properties":{"ZONA":"U-V"},"geometry":{"type":"Polygon","coordinates":[[[-70.58117,-33.39259],[-70.57886,-33.38963],[-70.57989,-33.389],[-70.58185,-33.39228],[-70.58117,-33.39259]]]}},{"type":"Feature","properties":{"ZONA":"U-V"},"geometry":{"type":"Polygon","coordinates":[[[-70.58131,-33.39106],[-70.58004,-33.38913],[-70.58103,-33.38855],[-70.58227,-33.39062],[-70.58131,-33.39106]]]}},{"type":"Feature","properties":{"ZONA":"U-V"},"geometry":{"type":"Polygon","coordinates":[[[-70.58312,-33.39167],[-70.58145,-33.38833],[-70.58221,-33.38823],[-70.58417,-33.39125],[-70.58312,-33.39167]]]}},{"type":"Feature","properties":{"ZONA":"U-V"},"geometry":{"type":"Polygon","coordinates":[[[-70.5817,-33.38701],[-70.58323,-33.38618],[-70.58581,-33.3906],[-70.5843,-33.39116],[-70.58389,-33.39048],[-70.58468,-33.38979],[-70.58319,-33.38729],[-70.58117,-33.38832],[-70.58069,-33.38757],[-70.5817,-33.38701]]]}},{"type":"Feature","properties":{"ZONA":"U POC"},"geometry":{"type":"Polygon","coordinates":[[[-70.57605,-33.39259],[-70.57634,-33.39226],[-70.57739,-33.39319],[-70.57605,-33.39259]]]}},{"type":"Feature","properties":{"ZONA":"U-V"},"geometry":{"type":"Polygon","coordinates":[[[-70.57757,-33.39295],[-70.57642,-33.39219],[-70.57669,-33.39191],[-70.57787,-33.39268],[-70.57757,-33.39295]]]}},{"type":"Feature","properties":{"ZONA":"U-V"},"geometry":{"type":"Polygon","coordinates":[[[-70.57822,-33.39236],[-70.57794,-33.39261],[-70.57675,-33.39183],[-70.57715,-33.39141],[-70.57822,-33.39236]]]}},{"type":"Feature","properties":{"ZONA":"U-V"},"geometry":{"type":"Polygon","coordinates":[[[-70.57737,-33.39122],[-70.57778,-33.391],[-70.5789,-33.39193],[-70.57848,-33.39216],[-70.57737,-33.39122]]]}},{"type":"Feature","properties":{"ZONA":"U-V"},"geometry":{"type":"Polygon","coordinates":[[[-70.57876,-33.39077],[-70.57877,-33.39037],[-70.57968,-33.3915],[-70.57876,-33.39077]]]}},{"type":"Feature","properties":{"ZONA":"U-V"},"geometry":{"type":"Polygon","coordinates":[[[-70.57895,-33.39186],[-70.57856,-33.39153],[-70.57903,-33.39117],[-70.57939,-33.39166],[-70.57895,-33.39186]]]}},{"type":"Feature","properties":{"ZONA":"U-V"},"geometry":{"type":"Polygon","coordinates":[[[-70.57832,-33.39134],[-70.57787,-33.39095],[-70.57849,-33.39056],[-70.57884,-33.391],[-70.57832,-33.39134]]]}},{"type":"Feature","properties":{"ZONA":"U-V"},"geometry":{"type":"Polygon","coordinates":[[[-70.57567,-33.39091],[-70.57611,-33.39054],[-70.57702,-33.39133],[-70.57617,-33.39155],[-70.57662,-33.39174],[-70.57637,-33.39203],[-70.57567,-33.39187],[-70.57507,-33.39141],[-70.57554,-33.39161],[-70.5756,-33.39097],[-70.57606,-33.39116],[-70.57567,-33.39091]]]}},{"type":"Feature","properties":{"ZONA":"U POC"},"geometry":{"type":"Polygon","coordinates":[[[-70.5747,-33.39172],[-70.57507,-33.39141],[-70.57619,-33.39222],[-70.5747,-33.39172]]]}},{"type":"Feature","properties":{"ZONA":"U-V"},"geometry":{"type":"Polygon","coordinates":[[[-70.57635,-33.39032],[-70.57667,-33.39007],[-70.57766,-33.3909],[-70.57728,-33.39112],[-70.57635,-33.39032]]]}},{"type":"Feature","properties":{"ZONA":"U-V"},"geometry":{"type":"Polygon","coordinates":[[[-70.57724,-33.39041],[-70.57675,-33.39002],[-70.57706,-33.38974],[-70.57754,-33.39028],[-70.57724,-33.39041]]]}},{"type":"Feature","properties":{"ZONA":"U-V"},"geometry":{"type":"Polygon","coordinates":[[[-70.57747,-33.38939],[-70.57798,-33.38998],[-70.57768,-33.39023],[-70.57715,-33.38966],[-70.57747,-33.38939]]]}},{"type":"Feature","properties":{"ZONA":"U-V"},"geometry":{"type":"Polygon","coordinates":[[[-70.5782,-33.39007],[-70.57774,-33.38915],[-70.57867,-33.39028],[-70.5782,-33.39007]]]}},{"type":"Feature","properties":{"ZONA":"U-V"},"geometry":{"type":"Polygon","coordinates":[[[-70.57743,-33.39058],[-70.57811,-33.39016],[-70.57838,-33.39047],[-70.57775,-33.39085],[-70.57743,-33.39058]]]}},{"type":"Feature","properties":{"ZONA":"U-V"},"geometry":{"type":"Polygon","coordinates":[[[-70.58004,-33.38788],[-70.5804,-33.38768],[-70.5809,-33.38844],[-70.57879,-33.38957],[-70.57832,-33.38903],[-70.57954,-33.38816],[-70.5798,-33.38849],[-70.58028,-33.38824],[-70.58004,-33.38788]]]}},{"type":"Feature","properties":{"ZONA":"U-V"},"geometry":{"type":"Polygon","coordinates":[[[-70.58554,-33.38983],[-70.58654,-33.39028],[-70.58591,-33.39052],[-70.58554,-33.38983]]]}},{"type":"Feature","properties":{"ZONA":"U-V"},"geometry":{"type":"Polygon","coordinates":[[[-70.5864,-33.38987],[-70.58589,-33.38951],[-70.58626,-33.38907],[-70.58674,-33.38967],[-70.5864,-33.38987]]]}},{"type":"Feature","properties":{"ZONA":"U-V"},"geometry":{"type":"Polygon","coordinates":[[[-70.58542,-33.38925],[-70.58603,-33.38863],[-70.58576,-33.38945],[-70.58542,-33.38925]]]}},{"type":"Feature","properties":{"ZONA":"U-V"},"geometry":{"type":"Polygon","coordinates":[[[-70.5852,-33.38903],[-70.5849,-33.3886],[-70.58577,-33.38821],[-70.58596,-33.38853],[-70.5852,-33.38903]]]}},{"type":"Feature","properties":{"ZONA":"U-V"},"geometry":{"type":"Polygon","coordinates":[[[-70.58468,-33.3882],[-70.58548,-33.38784],[-70.58572,-33.38813],[-70.58486,-33.38849],[-70.58468,-33.3882]]]}},{"type":"Feature","properties":{"ZONA":"U-V"},"geometry":{"type":"Polygon","coordinates":[[[-70.58462,-33.3881],[-70.58436,-33.38765],[-70.58528,-33.38744],[-70.58547,-33.38776],[-70.58462,-33.3881]]]}},{"type":"Feature","properties":{"ZONA":"U-V"},"geometry":{"type":"Polygon","coordinates":[[[-70.58431,-33.38755],[-70.58428,-33.38703],[-70.58524,-33.38736],[-70.58431,-33.38755]]]}},{"type":"Feature","properties":{"ZONA":"U-V"},"geometry":{"type":"Polygon","coordinates":[[[-70.58326,-33.3861],[-70.58391,-33.38615],[-70.58408,-33.38694],[-70.58326,-33.3861]]]}},{"type":"Feature","properties":{"ZONA":"U-V"},"geometry":{"type":"Polygon","coordinates":[[[-70.5856,-33.38773],[-70.58505,-33.38681],[-70.5843,-33.38692],[-70.58419,-33.38619],[-70.58521,-33.38657],[-70.58589,-33.38761],[-70.5856,-33.38773]]]}},{"type":"Feature","properties":{"ZONA":"U-V"},"geometry":{"type":"Polygon","coordinates":[[[-70.58699,-33.38938],[-70.59034,-33.38781],[-70.58728,-33.38985],[-70.58699,-33.38938]]]}},{"type":"Feature","properties":{"ZONA":"U POC"},"geometry":{"type":"Polygon","coordinates":[[[-70.59645,-33.38376],[-70.59694,-33.38518],[-70.60013,-33.38785],[-70.59868,-33.38889],[-70.59378,-33.38496],[-70.59505,-33.38376],[-70.59645,-33.38376]]]}},{"type":"Feature","properties":{"ZONA":"U PVO"},"geometry":{"type":"Polygon","coordinates":[[[-70.6003,-33.38761],[-70.59722,-33.38509],[-70.59679,-33.38368],[-70.60034,-33.38593],[-70.6003,-33.38761]]]}},{"type":"Feature","properties":{"ZONA":"U PVO"},"geometry":{"type":"Polygon","coordinates":[[[-70.59505,-33.38376],[-70.59646,-33.38243],[-70.59645,-33.38376],[-70.59505,-33.38376]]]}},{"type":"Feature","properties":{"ZONA":"U POC"},"geometry":{"type":"Polygon","coordinates":[[[-70.59072,-33.38254],[-70.58945,-33.38158],[-70.58339,-33.3796],[-70.58346,-33.37918],[-70.58475,-33.3796],[-70.5849,-33.37923],[-70.58981,-33.38088],[-70.59125,-33.38204],[-70.59072,-33.38254]]]}},{"type":"Feature","properties":{"ZONA":"U-V"},"geometry":{"type":"Polygon","coordinates":[[[-70.58346,-33.37918],[-70.5849,-33.37923],[-70.58475,-33.3796],[-70.58346,-33.37918]]]}},{"type":"Feature","properties":{"ZONA":"U PVO"},"geometry":{"type":"Polygon","coordinates":[[[-70.58854,-33.3805],[-70.58496,-33.37926],[-70.58857,-33.37968],[-70.58854,-33.3805]]]}},{"type":"Feature","properties":{"ZONA":"U-V"},"geometry":{"type":"Polygon","coordinates":[[[-70.58027,-33.38291],[-70.5804,-33.38236],[-70.58322,-33.38293],[-70.5831,-33.38345],[-70.58027,-33.38291]]]}},{"type":"Feature","properties":{"ZONA":"U-V"},"geometry":{"type":"Polygon","coordinates":[[[-70.57982,-33.38281],[-70.57922,-33.38266],[-70.57938,-33.38212],[-70.58008,-33.38228],[-70.57982,-33.38281]]]}},{"type":"Feature","properties":{"ZONA":"U-V"},"geometry":{"type":"Polygon","coordinates":[[[-70.58178,-33.38494],[-70.58169,-33.38526],[-70.58044,-33.38499],[-70.58081,-33.38379],[-70.58138,-33.3839],[-70.58104,-33.38459],[-70.58178,-33.38494]]]}},{"type":"Feature","properties":{"ZONA":"U-V"},"geometry":{"type":"Polygon","coordinates":[[[-70.58157,-33.3838],[-70.58064,-33.38364],[-70.58029,-33.38497],[-70.57931,-33.38478],[-70.5802,-33.38304],[-70.58206,-33.38339],[-70.58157,-33.3838]]]}},{"type":"Feature","properties":{"ZONA":"U-V"},"geometry":{"type":"Polygon","coordinates":[[[-70.57863,-33.38466],[-70.57919,-33.38279],[-70.57988,-33.38296],[-70.57947,-33.38419],[-70.57863,-33.38466]]]}},{"type":"Feature","properties":{"ZONA":"U-V"},"geometry":{"type":"Polygon","coordinates":[[[-70.58118,-33.38705],[-70.57989,-33.38507],[-70.58087,-33.38526],[-70.58173,-33.38675],[-70.58118,-33.38705]]]}},{"type":"Feature","properties":{"ZONA":"U-V"},"geometry":{"type":"Polygon","coordinates":[[[-70.58171,-33.38616],[-70.58232,-33.38557],[-70.5831,-33.38573],[-70.58206,-33.38662],[-70.58171,-33.38616]]]}},{"type":"Feature","properties":{"ZONA":"U-V"},"geometry":{"type":"Polygon","coordinates":[[[-70.58121,-33.38584],[-70.58101,-33.38529],[-70.58219,-33.38553],[-70.58177,-33.386],[-70.58121,-33.38584]]]}},{"type":"Feature","properties":{"ZONA":"U-V"},"geometry":{"type":"Polygon","coordinates":[[[-70.5799,-33.3866],[-70.57929,-33.3858],[-70.57983,-33.38551],[-70.58109,-33.38713],[-70.58053,-33.3874],[-70.5799,-33.3866]]]}},{"type":"Feature","properties":{"ZONA":"U-V"},"geometry":{"type":"Polygon","coordinates":[[[-70.57871,-33.38631],[-70.5791,-33.38591],[-70.58035,-33.3875],[-70.57987,-33.38777],[-70.57871,-33.38631]]]}},{"type":"Feature","properties":{"ZONA":"U-V"},"geometry":{"type":"Polygon","coordinates":[[[-70.57815,-33.38669],[-70.57855,-33.38632],[-70.57973,-33.38784],[-70.57925,-33.3881],[-70.57815,-33.38669]]]}},{"type":"Feature","properties":{"ZONA":"U-V"},"geometry":{"type":"Polygon","coordinates":[[[-70.57792,-33.38638],[-70.57882,-33.38554],[-70.57901,-33.38579],[-70.57792,-33.38638]]]}},{"type":"Feature","properties":{"ZONA":"U-V"},"geometry":{"type":"Polygon","coordinates":[[[-70.57863,-33.38844],[-70.57789,-33.38748],[-70.57833,-33.38719],[-70.57914,-33.38815],[-70.57863,-33.38844]]]}},{"type":"Feature","properties":{"ZONA":"U-V"},"geometry":{"type":"Polygon","coordinates":[[[-70.57743,-33.3868],[-70.57782,-33.38649],[-70.57827,-33.38705],[-70.57725,-33.38765],[-70.57743,-33.3868]]]}},{"type":"Feature","properties":{"ZONA":"U-V"},"geometry":{"type":"Polygon","coordinates":[[[-70.57742,-33.38774],[-70.57778,-33.38753],[-70.57849,-33.38853],[-70.57742,-33.38774]]]}},{"type":"Feature","properties":{"ZONA":"U-V"},"geometry":{"type":"Polygon","coordinates":[[[-70.57628,-33.38907],[-70.57718,-33.38859],[-70.57761,-33.389],[-70.57685,-33.38967],[-70.57627,-33.38951],[-70.57676,-33.38976],[-70.57632,-33.3901],[-70.57544,-33.38931],[-70.57628,-33.38907]]]}},{"type":"Feature","properties":{"ZONA":"U-V"},"geometry":{"type":"Polygon","coordinates":[[[-70.57601,-33.39038],[-70.57501,-33.39122],[-70.57454,-33.39085],[-70.57562,-33.3899],[-70.57601,-33.39038]]]}},{"type":"Feature","properties":{"ZONA":"U-V"},"geometry":{"type":"Polygon","coordinates":[[[-70.57553,-33.38982],[-70.5745,-33.39073],[-70.5741,-33.39042],[-70.57517,-33.38947],[-70.57553,-33.38982]]]}},{"type":"Feature","properties":{"ZONA":"U-V"},"geometry":{"type":"Polygon","coordinates":[[[-70.57482,-33.38948],[-70.57482,-33.38915],[-70.57508,-33.38939],[-70.57396,-33.39039],[-70.57365,-33.39014],[-70.57482,-33.38948]]]}},{"type":"Feature","properties":{"ZONA":"U-V"},"geometry":{"type":"Polygon","coordinates":[[[-70.57653,-33.38808],[-70.57695,-33.38854],[-70.57531,-33.38929],[-70.57494,-33.38901],[-70.57653,-33.38808]]]}},{"type":"Feature","properties":{"ZONA":"U PVO"},"geometry":{"type":"Polygon","coordinates":[[[-70.5703,-33.39551],[-70.57153,-33.39609],[-70.57127,-33.3969],[-70.5696,-33.39679],[-70.56915,-33.39632],[-70.56902,-33.39524],[-70.5703,-33.39551]]]}},{"type":"Feature","properties":{"ZONA":"U-V"},"geometry":{"type":"Polygon","coordinates":[[[-70.56893,-33.39435],[-70.57015,-33.39577],[-70.56902,-33.39524],[-70.56893,-33.39435]]]}},{"type":"Feature","properties":{"ZONA":"U-V"},"geometry":{"type":"Polygon","coordinates":[[[-70.5684,-33.39607],[-70.56821,-33.39472],[-70.56876,-33.39466],[-70.56897,-33.39625],[-70.5684,-33.39607]]]}},{"type":"Feature","properties":{"ZONA":"U-V"},"geometry":{"type":"Polygon","coordinates":[[[-70.56864,-33.3933],[-70.56875,-33.39458],[-70.5682,-33.39462],[-70.56864,-33.3933]]]}},{"type":"Feature","properties":{"ZONA":"U-V"},"geometry":{"type":"Polygon","coordinates":[[[-70.56723,-33.39566],[-70.56679,-33.39552],[-70.56733,-33.39446],[-70.56778,-33.39463],[-70.56723,-33.39566]]]}},{"type":"Feature","properties":{"ZONA":"U-V"},"geometry":{"type":"Polygon","coordinates":[[[-70.5667,-33.39548],[-70.56631,-33.39533],[-70.56686,-33.3943],[-70.56722,-33.39447],[-70.5667,-33.39548]]]}},{"type":"Feature","properties":{"ZONA":"U-V"},"geometry":{"type":"Polygon","coordinates":[[[-70.5662,-33.3953],[-70.56579,-33.39513],[-70.56628,-33.39411],[-70.56673,-33.39428],[-70.5662,-33.3953]]]}},{"type":"Feature","properties":{"ZONA":"U-V"},"geometry":{"type":"Polygon","coordinates":[[[-70.56742,-33.39439],[-70.56803,-33.39305],[-70.5685,-33.39316],[-70.56783,-33.39453],[-70.56742,-33.39439]]]}},{"type":"Feature","properties":{"ZONA":"U-V"},"geometry":{"type":"Polygon","coordinates":[[[-70.56727,-33.39433],[-70.5669,-33.39413],[-70.56749,-33.39295],[-70.56791,-33.39303],[-70.56727,-33.39433]]]}},{"type":"Feature","properties":{"ZONA":"U-V"},"geometry":{"type":"Polygon","coordinates":[[[-70.56676,-33.39417],[-70.56634,-33.394],[-70.56692,-33.39283],[-70.56738,-33.39291],[-70.56676,-33.39417]]]}},{"type":"Feature","properties":{"ZONA":"U-V"},"geometry":{"type":"Polygon","coordinates":[[[-70.57127,-33.39591],[-70.57092,-33.39571],[-70.5713,-33.39494],[-70.57089,-33.39484],[-70.57094,-33.39426],[-70.57155,-33.39453],[-70.57127,-33.39591]]]}},{"type":"Feature","properties":{"ZONA":"U-V"},"geometry":{"type":"Polygon","coordinates":[[[-70.57078,-33.39563],[-70.57003,-33.39526],[-70.57021,-33.394],[-70.57081,-33.39422],[-70.57078,-33.39563]]]}},{"type":"Feature","properties":{"ZONA":"U-V"},"geometry":{"type":"Polygon","coordinates":[[[-70.56952,-33.39502],[-70.5692,-33.39345],[-70.57007,-33.39385],[-70.56992,-33.39519],[-70.56952,-33.39502]]]}},{"type":"Feature","properties":{"ZONA":"U-V"},"geometry":{"type":"Polygon","coordinates":[[[-70.57092,-33.39149],[-70.57147,-33.39153],[-70.57139,-33.39309],[-70.57094,-33.39306],[-70.57092,-33.39149]]]}},{"type":"Feature","properties":{"ZONA":"U POC"},"geometry":{"type":"Polygon","coordinates":[[[-70.57158,-33.39144],[-70.5722,-33.39146],[-70.57218,-33.39223],[-70.57159,-33.39219],[-70.57158,-33.39144]]]}},{"type":"Feature","properties":{"ZONA":"U-V"},"geometry":{"type":"Polygon","coordinates":[[[-70.56963,-33.39281],[-70.5691,-33.39279],[-70.56892,-33.39218],[-70.56995,-33.39223],[-70.57003,-33.39362],[-70.56917,-33.39323],[-70.56963,-33.39281]]]}},{"type":"Feature","properties":{"ZONA":"U-V"},"geometry":{"type":"Polygon","coordinates":[[[-70.56909,-33.39145],[-70.56851,-33.39142],[-70.56856,-33.39097],[-70.56944,-33.39168],[-70.56994,-33.3914],[-70.56997,-33.39212],[-70.56884,-33.39207],[-70.56855,-33.39154],[-70.56909,-33.39145]]]}},{"type":"Feature","properties":{"ZONA":"U-V"},"geometry":{"type":"Polygon","coordinates":[[[-70.56869,-33.39066],[-70.56902,-33.39024],[-70.57017,-33.39069],[-70.56969,-33.39078],[-70.56986,-33.39127],[-70.56869,-33.39066]]]}},{"type":"Feature","properties":{"ZONA":"U PC"},"geometry":{"type":"Polygon","coordinates":[[[-70.5696,-33.39028],[-70.56944,-33.3897],[-70.57054,-33.39023],[-70.56983,-33.39057],[-70.5696,-33.39028]]]}},{"type":"Feature","properties":{"ZONA":"U POC"},"geometry":{"type":"Polygon","coordinates":[[[-70.57198,-33.38889],[-70.57276,-33.38975],[-70.57241,-33.38993],[-70.57198,-33.38889]]]}},{"type":"Feature","properties":{"ZONA":"U PVO"},"geometry":{"type":"Polygon","coordinates":[[[-70.57253,-33.38941],[-70.57223,-33.3888],[-70.5729,-33.38939],[-70.57253,-33.38941]]]}},{"type":"Feature","properties":{"ZONA":"U-V"},"geometry":{"type":"Polygon","coordinates":[[[-70.57295,-33.38929],[-70.57389,-33.38841],[-70.57416,-33.38866],[-70.57295,-33.38929]]]}},{"type":"Feature","properties":{"ZONA":"U-V"},"geometry":{"type":"Polygon","coordinates":[[[-70.57126,-33.38718],[-70.5719,-33.3869],[-70.57226,-33.38744],[-70.57424,-33.38772],[-70.57566,-33.38729],[-70.5742,-33.38853],[-70.57162,-33.38805],[-70.57126,-33.38718]]]}},{"type":"Feature","properties":{"ZONA":"U-V"},"geometry":{"type":"Polygon","coordinates":[[[-70.5743,-33.38759],[-70.57233,-33.38733],[-70.57203,-33.38681],[-70.57439,-33.38706],[-70.5743,-33.38759]]]}},{"type":"Feature","properties":{"ZONA":"U-V"},"geometry":{"type":"Polygon","coordinates":[[[-70.57441,-33.38692],[-70.57196,-33.38667],[-70.57181,-33.38624],[-70.5745,-33.38636],[-70.57441,-33.38692]]]}},{"type":"Feature","properties":{"ZONA":"U-V"},"geometry":{"type":"MultiPolygon","coordinates":[[[[-70.57423,-33.38571],[-70.57342,-33.38479],[-70.57582,-33.38702],[-70.57459,-33.38628],[-70.57303,-33.38607],[-70.57271,-33.38521],[-70.5733,-33.38488],[-70.57347,-33.38563],[-70.57423,-33.38571]]]]}},{"type":"Feature","properties":{"ZONA":"U-V"},"geometry":{"type":"MultiPolygon","coordinates":[[[[-70.57622,-33.38481],[-70.57762,-33.38468],[-70.57695,-33.38487],[-70.57716,-33.38532],[-70.57823,-33.38478],[-70.57711,-33.3855],[-70.57667,-33.38489],[-70.57536,-33.38547],[-70.57622,-33.38481]]]]}},{"type":"Feature","properties":{"ZONA":"U-V"},"geometry":{"type":"Polygon","coordinates":[[[-70.57423,-33.38425],[-70.57523,-33.38487],[-70.57622,-33.38448],[-70.57531,-33.38537],[-70.57423,-33.38425]]]}},{"type":"Feature","properties":{"ZONA":"U-V"},"geometry":{"type":"Polygon","coordinates":[[[-70.57819,-33.38364],[-70.57843,-33.38299],[-70.57764,-33.38288],[-70.57766,-33.38231],[-70.57903,-33.38275],[-70.57845,-33.3846],[-70.57761,-33.3845],[-70.57762,-33.38301],[-70.57827,-33.38309],[-70.57819,-33.38364]]]}},{"type":"Feature","properties":{"ZONA":"U-V"},"geometry":{"type":"Polygon","coordinates":[[[-70.57689,-33.38439],[-70.57691,-33.38301],[-70.5775,-33.38302],[-70.57748,-33.38448],[-70.57689,-33.38439]]]}},{"type":"Feature","properties":{"ZONA":"U-V"},"geometry":{"type":"Polygon","coordinates":[[[-70.57672,-33.38437],[-70.57624,-33.3843],[-70.57599,-33.38302],[-70.57676,-33.38303],[-70.57672,-33.38437]]]}},{"type":"Feature","properties":{"ZONA":"U-V"},"geometry":{"type":"Polygon","coordinates":[[[-70.57614,-33.38428],[-70.57543,-33.38417],[-70.57545,-33.38377],[-70.57615,-33.38377],[-70.57614,-33.38428]]]}},{"type":"Feature","properties":{"ZONA":"U-V"},"geometry":{"type":"Polygon","coordinates":[[[-70.57543,-33.3837],[-70.57546,-33.38303],[-70.57592,-33.38302],[-70.5759,-33.38369],[-70.57543,-33.3837]]]}},{"type":"Feature","properties":{"ZONA":"U-V"},"geometry":{"type":"Polygon","coordinates":[[[-70.57793,-33.38226],[-70.57712,-33.38199],[-70.57737,-33.38151],[-70.57923,-33.38207],[-70.57907,-33.38262],[-70.57793,-33.38226]]]}},{"type":"Feature","properties":{"ZONA":"U-V"},"geometry":{"type":"Polygon","coordinates":[[[-70.57752,-33.38288],[-70.57691,-33.38287],[-70.57705,-33.38212],[-70.57754,-33.38226],[-70.57752,-33.38288]]]}},{"type":"Feature","properties":{"ZONA":"U-V"},"geometry":{"type":"Polygon","coordinates":[[[-70.57619,-33.38232],[-70.57636,-33.38191],[-70.57689,-33.38208],[-70.57675,-33.3829],[-70.57618,-33.38288],[-70.57619,-33.38232]]]}},{"type":"Feature","properties":{"ZONA":"U-V"},"geometry":{"type":"Polygon","coordinates":[[[-70.57604,-33.38289],[-70.57547,-33.38289],[-70.57571,-33.38168],[-70.57624,-33.38186],[-70.57604,-33.38289]]]}},{"type":"Feature","properties":{"ZONA":"U-V"},"geometry":{"type":"Polygon","coordinates":[[[-70.5753,-33.38289],[-70.57475,-33.3829],[-70.57504,-33.38147],[-70.57555,-33.38165],[-70.5753,-33.38289]]]}},{"type":"Feature","properties":{"ZONA":"U-V"},"geometry":{"type":"Polygon","coordinates":[[[-70.57662,-33.38184],[-70.57439,-33.38111],[-70.57462,-33.38062],[-70.57721,-33.38145],[-70.57662,-33.38184]]]}},{"type":"Feature","properties":{"ZONA":"U-V"},"geometry":{"type":"Polygon","coordinates":[[[-70.57527,-33.38414],[-70.57471,-33.38406],[-70.57473,-33.38303],[-70.57529,-33.38302],[-70.57527,-33.38414]]]}},{"type":"Feature","properties":{"ZONA":"U-V"},"geometry":{"type":"Polygon","coordinates":[[[-70.57456,-33.38404],[-70.57395,-33.38404],[-70.57398,-33.38302],[-70.5746,-33.38303],[-70.57456,-33.38404]]]}},{"type":"Feature","properties":{"ZONA":"U-V"},"geometry":{"type":"Polygon","coordinates":[[[-70.5746,-33.38288],[-70.57399,-33.38289],[-70.57433,-33.38123],[-70.57493,-33.38143],[-70.5746,-33.38288]]]}},{"type":"Feature","properties":{"ZONA":"U-V"},"geometry":{"type":"Polygon","coordinates":[[[-70.56875,-33.39304],[-70.56783,-33.39203],[-70.56832,-33.39163],[-70.56875,-33.39304]]]}},{"type":"Feature","properties":{"ZONA":"U-V"},"geometry":{"type":"Polygon","coordinates":[[[-70.56459,-33.39448],[-70.56466,-33.39402],[-70.56594,-33.39441],[-70.56573,-33.39485],[-70.56459,-33.39448]]]}},{"type":"Feature","properties":{"ZONA":"U-V"},"geometry":{"type":"Polygon","coordinates":[[[-70.56479,-33.39393],[-70.56491,-33.39349],[-70.56618,-33.39389],[-70.56598,-33.39429],[-70.56479,-33.39393]]]}},{"type":"Feature","properties":{"ZONA":"U-V"},"geometry":{"type":"Polygon","coordinates":[[[-70.56606,-33.39369],[-70.56509,-33.39338],[-70.56523,-33.39299],[-70.56646,-33.39335],[-70.56606,-33.39369]]]}},{"type":"Feature","properties":{"ZONA":"U-V"},"geometry":{"type":"Polygon","coordinates":[[[-70.56562,-33.39295],[-70.56578,-33.39254],[-70.56676,-33.39277],[-70.56651,-33.39324],[-70.56562,-33.39295]]]}},{"type":"Feature","properties":{"ZONA":"U-V"},"geometry":{"type":"Polygon","coordinates":[[[-70.56563,-33.39184],[-70.56769,-33.39209],[-70.56808,-33.39288],[-70.5655,-33.39229],[-70.56563,-33.39184]]]}},{"type":"Feature","properties":{"ZONA":"U-V"},"geometry":{"type":"Polygon","coordinates":[[[-70.56588,-33.39123],[-70.5671,-33.39137],[-70.56761,-33.39199],[-70.56568,-33.3917],[-70.56588,-33.39123]]]}},{"type":"Feature","properties":{"ZONA":"U-V"},"geometry":{"type":"Polygon","coordinates":[[[-70.5667,-33.39135],[-70.56596,-33.39112],[-70.5662,-33.39059],[-70.5667,-33.39135]]]}},{"type":"Feature","properties":{"ZONA":"U-V"},"geometry":{"type":"Polygon","coordinates":[[[-70.56672,-33.3907],[-70.56628,-33.39046],[-70.56656,-33.38984],[-70.56774,-33.3905],[-70.56745,-33.39097],[-70.56781,-33.39053],[-70.56841,-33.39087],[-70.56831,-33.39142],[-70.56788,-33.39109],[-70.56823,-33.39153],[-70.56774,-33.3919],[-70.56672,-33.3907]]]}},{"type":"Feature","properties":{"ZONA":"U-V"},"geometry":{"type":"Polygon","coordinates":[[[-70.56793,-33.39043],[-70.5685,-33.38975],[-70.56896,-33.39],[-70.56849,-33.39075],[-70.56793,-33.39043]]]}},{"type":"Feature","properties":{"ZONA":"U PC"},"geometry":{"type":"Polygon","coordinates":[[[-70.56883,-33.38972],[-70.56883,-33.38935],[-70.5693,-33.38963],[-70.56883,-33.38972]]]}},{"type":"Feature","properties":{"ZONA":"U-V"},"geometry":{"type":"Polygon","coordinates":[[[-70.56705,-33.38901],[-70.56767,-33.38967],[-70.56841,-33.3897],[-70.56783,-33.39038],[-70.56664,-33.38969],[-70.56705,-33.38901]]]}},{"type":"Feature","properties":{"ZONA":"U PC"},"geometry":{"type":"Polygon","coordinates":[[[-70.56728,-33.38873],[-70.56824,-33.38902],[-70.56802,-33.38927],[-70.56728,-33.38873]]]}},{"type":"Feature","properties":{"ZONA":"U PC"},"geometry":{"type":"Polygon","coordinates":[[[-70.57088,-33.38956],[-70.57113,-33.38917],[-70.57141,-33.38964],[-70.57191,-33.38955],[-70.57217,-33.3902],[-70.5703,-33.38981],[-70.57088,-33.38956]]]}},{"type":"Feature","properties":{"ZONA":"U PVEV"},"geometry":{"type":"Polygon","coordinates":[[[-70.57057,-33.38941],[-70.57144,-33.38841],[-70.57088,-33.38956],[-70.57057,-33.38941]]]}},{"type":"Feature","properties":{"ZONA":"U-V"},"geometry":{"type":"Polygon","coordinates":[[[-70.57071,-33.38786],[-70.57116,-33.38833],[-70.57034,-33.38953],[-70.56979,-33.38932],[-70.57071,-33.38786]]]}},{"type":"Feature","properties":{"ZONA":"U PVEV"},"geometry":{"type":"Polygon","coordinates":[[[-70.57009,-33.38717],[-70.5697,-33.38676],[-70.57038,-33.38714],[-70.56911,-33.38857],[-70.56946,-33.38807],[-70.56896,-33.38782],[-70.5692,-33.38747],[-70.5697,-33.38775],[-70.57009,-33.38717]]]}},{"type":"Feature","properties":{"ZONA":"U PVEV"},"geometry":{"type":"Polygon","coordinates":[[[-70.56863,-33.38831],[-70.56928,-33.38811],[-70.56902,-33.3885],[-70.56863,-33.38831]]]}},{"type":"Feature","properties":{"ZONA":"U PVEV"},"geometry":{"type":"Polygon","coordinates":[[[-70.56927,-33.38741],[-70.56952,-33.38703],[-70.56993,-33.38723],[-70.56927,-33.38741]]]}},{"type":"Feature","properties":{"ZONA":"U-V"},"geometry":{"type":"Polygon","coordinates":[[[-70.57156,-33.3856],[-70.57257,-33.38529],[-70.57287,-33.38603],[-70.57189,-33.38597],[-70.5718,-33.38664],[-70.57112,-33.38684],[-70.57061,-33.38566],[-70.57156,-33.3856]]]}},{"type":"Feature","properties":{"ZONA":"U-V"},"geometry":{"type":"Polygon","coordinates":[[[-70.57187,-33.38532],[-70.57054,-33.38546],[-70.57038,-33.38509],[-70.57164,-33.38472],[-70.57187,-33.38532]]]}},{"type":"Feature","properties":{"ZONA":"U-V"},"geometry":{"type":"Polygon","coordinates":[[[-70.57029,-33.38491],[-70.57015,-33.38454],[-70.57175,-33.38411],[-70.57194,-33.38448],[-70.57029,-33.38491]]]}},{"type":"Feature","properties":{"ZONA":"U-V"},"geometry":{"type":"Polygon","coordinates":[[[-70.57257,-33.38507],[-70.57192,-33.38407],[-70.57276,-33.38369],[-70.5723,-33.38413],[-70.57257,-33.38507]]]}},{"type":"Feature","properties":{"ZONA":"U-V"},"geometry":{"type":"Polygon","coordinates":[[[-70.57064,-33.38429],[-70.57046,-33.38345],[-70.57115,-33.38416],[-70.57064,-33.38429]]]}},{"type":"Feature","properties":{"ZONA":"U-V"},"geometry":{"type":"Polygon","coordinates":[[[-70.56991,-33.3833],[-70.57088,-33.38291],[-70.57165,-33.38402],[-70.57044,-33.38334],[-70.57053,-33.38432],[-70.57011,-33.38443],[-70.56991,-33.3833]]]}},{"type":"Feature","properties":{"ZONA":"U-V"},"geometry":{"type":"Polygon","coordinates":[[[-70.56968,-33.38334],[-70.56945,-33.38278],[-70.57057,-33.38245],[-70.57081,-33.3828],[-70.56968,-33.38334]]]}},{"type":"Feature","properties":{"ZONA":"U-V"},"geometry":{"type":"Polygon","coordinates":[[[-70.57108,-33.38289],[-70.5715,-33.38267],[-70.57236,-33.38375],[-70.57185,-33.38397],[-70.57108,-33.38289]]]}},{"type":"Feature","properties":{"ZONA":"U-V"},"geometry":{"type":"Polygon","coordinates":[[[-70.57071,-33.3824],[-70.57138,-33.38197],[-70.57273,-33.38358],[-70.57152,-33.38252],[-70.57101,-33.38278],[-70.57071,-33.3824]]]}},{"type":"Feature","properties":{"ZONA":"U-V"},"geometry":{"type":"Polygon","coordinates":[[[-70.57343,-33.3835],[-70.57325,-33.38301],[-70.57366,-33.38301],[-70.57343,-33.3835]]]}},{"type":"Feature","properties":{"ZONA":"U-V"},"geometry":{"type":"Polygon","coordinates":[[[-70.57204,-33.38173],[-70.57368,-33.38239],[-70.57365,-33.38288],[-70.57301,-33.38289],[-70.57204,-33.38173]]]}},{"type":"Feature","properties":{"ZONA":"U-V"},"geometry":{"type":"Polygon","coordinates":[[[-70.57368,-33.38227],[-70.57312,-33.38218],[-70.57347,-33.38096],[-70.57402,-33.38113],[-70.57368,-33.38227]]]}},{"type":"Feature","properties":{"ZONA":"U-V"},"geometry":{"type":"Polygon","coordinates":[[[-70.57279,-33.38183],[-70.57247,-33.38146],[-70.57283,-33.38074],[-70.57335,-33.38092],[-70.57279,-33.38183]]]}},{"type":"Feature","properties":{"ZONA":"U-V"},"geometry":{"type":"Polygon","coordinates":[[[-70.56987,-33.38205],[-70.57068,-33.38172],[-70.57094,-33.38206],[-70.57003,-33.38246],[-70.56987,-33.38205]]]}},{"type":"Feature","properties":{"ZONA":"U-V"},"geometry":{"type":"Polygon","coordinates":[[[-70.56977,-33.38176],[-70.56973,-33.38116],[-70.57059,-33.38163],[-70.56977,-33.38176]]]}},{"type":"Feature","properties":{"ZONA":"U-V"},"geometry":{"type":"Polygon","coordinates":[[[-70.5695,-33.37989],[-70.5701,-33.38035],[-70.56963,-33.38057],[-70.57021,-33.38042],[-70.57085,-33.38125],[-70.56961,-33.381],[-70.56991,-33.3825],[-70.56939,-33.38266],[-70.56903,-33.38124],[-70.5695,-33.37989]]]}},{"type":"Feature","properties":{"ZONA":"U-V"},"geometry":{"type":"Polygon","coordinates":[[[-70.57237,-33.38134],[-70.57192,-33.38045],[-70.57269,-33.38068],[-70.57237,-33.38134]]]}},{"type":"Feature","properties":{"ZONA":"U-V"},"geometry":{"type":"Polygon","coordinates":[[[-70.57409,-33.38101],[-70.57115,-33.37995],[-70.57135,-33.37954],[-70.57433,-33.38053],[-70.57409,-33.38101]]]}},{"type":"Feature","properties":{"ZONA":"U-V"},"geometry":{"type":"Polygon","coordinates":[[[-70.58201,-33.37762],[-70.58216,-33.3769],[-70.5834,-33.37705],[-70.58331,-33.37776],[-70.58201,-33.37762]]]}},{"type":"Feature","properties":{"ZONA":"U-V"},"geometry":{"type":"Polygon","coordinates":[[[-70.58309,-33.37856],[-70.58206,-33.37842],[-70.58209,-33.37774],[-70.58331,-33.37788],[-70.58309,-33.37856]]]}},{"type":"Feature","properties":{"ZONA":"U-V"},"geometry":{"type":"MultiPolygon","coordinates":[[[[-70.58235,-33.37885],[-70.57967,-33.37864],[-70.57974,-33.3778],[-70.57879,-33.37791],[-70.57894,-33.37686],[-70.57686,-33.37668],[-70.577,-33.37599],[-70.58063,-33.37591],[-70.58009,-33.37823],[-70.58106,-33.37826],[-70.58082,-33.37594],[-70.58357,-33.37628],[-70.58342,-33.37693],[-70.5819,-33.37672],[-70.58178,-33.37853],[-70.5832,-33.3787],[-70.58235,-33.37885]]]]}},{"type":"Feature","properties":{"ZONA":"U-V"},"geometry":{"type":"Polygon","coordinates":[[[-70.5827,-33.37599],[-70.58207,-33.37591],[-70.58233,-33.37472],[-70.58296,-33.37484],[-70.5827,-33.37599]]]}},{"type":"Feature","properties":{"ZONA":"U-V"},"geometry":{"type":"Polygon","coordinates":[[[-70.58108,-33.37579],[-70.58039,-33.37574],[-70.58059,-33.37412],[-70.5813,-33.37417],[-70.58108,-33.37579]]]}},{"type":"Feature","properties":{"ZONA":"U-V"},"geometry":{"type":"Polygon","coordinates":[[[-70.58023,-33.37574],[-70.57925,-33.37573],[-70.57935,-33.37464],[-70.58034,-33.3747],[-70.58023,-33.37574]]]}},{"type":"Feature","properties":{"ZONA":"U-V"},"geometry":{"type":"Polygon","coordinates":[[[-70.57972,-33.37455],[-70.57926,-33.37452],[-70.57928,-33.37385],[-70.58044,-33.37399],[-70.58034,-33.3746],[-70.57972,-33.37455]]]}},{"type":"Feature","properties":{"ZONA":"U-V"},"geometry":{"type":"Polygon","coordinates":[[[-70.57858,-33.37575],[-70.57822,-33.37465],[-70.57844,-33.37247],[-70.57927,-33.37263],[-70.5791,-33.37575],[-70.57858,-33.37575]]]}},{"type":"Feature","properties":{"ZONA":"U-V"},"geometry":{"type":"Polygon","coordinates":[[[-70.5771,-33.37575],[-70.57737,-33.37239],[-70.57826,-33.37245],[-70.57806,-33.37459],[-70.57842,-33.37576],[-70.5771,-33.37575]]]}},{"type":"Feature","properties":{"ZONA":"U-V"},"geometry":{"type":"Polygon","coordinates":[[[-70.583,-33.37398],[-70.58241,-33.37375],[-70.58251,-33.37277],[-70.58315,-33.37287],[-70.583,-33.37398]]]}},{"type":"Feature","properties":{"ZONA":"U-V"},"geometry":{"type":"Polygon","coordinates":[[[-70.57748,-33.3715],[-70.58402,-33.3722],[-70.5839,-33.37419],[-70.58313,-33.37397],[-70.58336,-33.37274],[-70.58239,-33.37257],[-70.58223,-33.37372],[-70.58388,-33.37429],[-70.5836,-33.37611],[-70.58296,-33.376],[-70.58313,-33.37468],[-70.58214,-33.37457],[-70.58193,-33.37588],[-70.58127,-33.3758],[-70.58149,-33.37402],[-70.57933,-33.37371],[-70.57945,-33.37242],[-70.5774,-33.37226],[-70.57748,-33.3715]],[[-70.58202,-33.3723],[-70.58207,-33.37195],[-70.57998,-33.37175],[-70.57971,-33.37351],[-70.58181,-33.37383],[-70.58202,-33.3723]]]}},{"type":"Feature","properties":{"ZONA":"U-V"},"geometry":{"type":"Polygon","coordinates":[[[-70.58372,-33.37142],[-70.58123,-33.37066],[-70.58125,-33.37006],[-70.58428,-33.3709],[-70.58372,-33.37142]]]}},{"type":"Feature","properties":{"ZONA":"U-V"},"geometry":{"type":"Polygon","coordinates":[[[-70.5841,-33.37075],[-70.58215,-33.36996],[-70.58214,-33.36938],[-70.58432,-33.37],[-70.5841,-33.37075]]]}},{"type":"Feature","properties":{"ZONA":"U-V"},"geometry":{"type":"Polygon","coordinates":[[[-70.58404,-33.36989],[-70.58362,-33.36972],[-70.58369,-33.36829],[-70.58441,-33.36831],[-70.58436,-33.36989],[-70.58404,-33.36989]]]}},{"type":"Feature","properties":{"ZONA":"U-V"},"geometry":{"type":"Polygon","coordinates":[[[-70.58338,-33.36962],[-70.58216,-33.36902],[-70.58242,-33.36798],[-70.5835,-33.36827],[-70.58338,-33.36962]]]}},{"type":"Feature","properties":{"ZONA":"U-V"},"geometry":{"type":"Polygon","coordinates":[[[-70.58131,-33.36993],[-70.58152,-33.36764],[-70.5823,-33.36792],[-70.58198,-33.36992],[-70.58131,-33.36993]]]}},{"type":"Feature","properties":{"ZONA":"U-V"},"geometry":{"type":"Polygon","coordinates":[[[-70.57876,-33.36726],[-70.5819,-33.36672],[-70.5844,-33.3672],[-70.58442,-33.36819],[-70.5812,-33.36757],[-70.58107,-33.37065],[-70.57754,-33.3709],[-70.57799,-33.36731],[-70.57876,-33.36726]]]}},{"type":"Feature","properties":{"ZONA":"U-V"},"geometry":{"type":"MultiPolygon","coordinates":[[[[-70.57244,-33.37561],[-70.57252,-33.37472],[-70.57301,-33.37482],[-70.57299,-33.37613],[-70.57324,-33.37581],[-70.57403,-33.37604],[-70.57387,-33.37641],[-70.57442,-33.37615],[-70.57399,-33.3777],[-70.574,-33.37702],[-70.57048,-33.37609],[-70.57075,-33.37533],[-70.57244,-33.37561]]],[[[-70.57563,-33.37666],[-70.57525,-33.37641],[-70.57557,-33.37558],[-70.57668,-33.37589],[-70.57647,-33.37688],[-70.57563,-33.37666]]]]}},{"type":"Feature","properties":{"ZONA":"U-V"},"geometry":{"type":"Polygon","coordinates":[[[-70.57166,-33.37702],[-70.57046,-33.37619],[-70.57382,-33.37716],[-70.57365,-33.37759],[-70.57166,-33.37702]]]}},{"type":"Feature","properties":{"ZONA":"U PC"},"geometry":{"type":"Polygon","coordinates":[[[-70.57123,-33.37716],[-70.57047,-33.37697],[-70.57037,-33.37643],[-70.57175,-33.37679],[-70.57123,-33.37716]]]}},{"type":"Feature","properties":{"ZONA":"U-V"},"geometry":{"type":"Polygon","coordinates":[[[-70.57315,-33.37487],[-70.57537,-33.3755],[-70.57517,-33.37624],[-70.57297,-33.37559],[-70.57315,-33.37487]]]}},{"type":"Feature","properties":{"ZONA":"U-V"},"geometry":{"type":"Polygon","coordinates":[[[-70.57206,-33.37555],[-70.5708,-33.37524],[-70.57105,-33.37439],[-70.57237,-33.37468],[-70.57206,-33.37555]]]}},{"type":"Feature","properties":{"ZONA":"U-V"},"geometry":{"type":"Polygon","coordinates":[[[-70.57587,-33.37547],[-70.57599,-33.3728],[-70.57701,-33.37271],[-70.57672,-33.37568],[-70.57587,-33.37547]]]}},{"type":"Feature","properties":{"ZONA":"U-V"},"geometry":{"type":"Polygon","coordinates":[[[-70.57126,-33.37371],[-70.57396,-33.3742],[-70.5754,-33.37477],[-70.57558,-33.37529],[-70.57116,-33.37424],[-70.57126,-33.37371]]]}},{"type":"Feature","properties":{"ZONA":"U-V"},"geometry":{"type":"Polygon","coordinates":[[[-70.57432,-33.37419],[-70.57349,-33.37394],[-70.57401,-33.37264],[-70.57487,-33.37288],[-70.57461,-33.37429],[-70.57432,-33.37419]]]}},{"type":"Feature","properties":{"ZONA":"U-V"},"geometry":{"type":"Polygon","coordinates":[[[-70.57291,-33.3705],[-70.5733,-33.36974],[-70.57731,-33.37015],[-70.57701,-33.37097],[-70.57291,-33.3705]]]}},{"type":"Feature","properties":{"ZONA":"U-V"},"geometry":{"type":"Polygon","coordinates":[[[-70.57195,-33.37104],[-70.57117,-33.36938],[-70.57137,-33.36863],[-70.57219,-33.36825],[-70.57203,-33.36949],[-70.57272,-33.37061],[-70.57195,-33.37104]]]}},{"type":"Feature","properties":{"ZONA":"U-V"},"geometry":{"type":"Polygon","coordinates":[[[-70.57228,-33.36954],[-70.57241,-33.36903],[-70.57435,-33.36872],[-70.57743,-33.36916],[-70.57733,-33.37001],[-70.57418,-33.36956],[-70.57265,-33.37001],[-70.57228,-33.36954]]]}},{"type":"Feature","properties":{"ZONA":"U-V"},"geometry":{"type":"Polygon","coordinates":[[[-70.5724,-33.36857],[-70.57475,-33.36776],[-70.57756,-33.36819],[-70.57742,-33.36899],[-70.57465,-33.36858],[-70.57239,-33.36889],[-70.5724,-33.36857]]]}},{"type":"Feature","properties":{"ZONA":"U-V"},"geometry":{"type":"Polygon","coordinates":[[[-70.5717,-33.36763],[-70.57493,-33.36674],[-70.57768,-33.36723],[-70.57758,-33.36805],[-70.5747,-33.36762],[-70.57158,-33.36829],[-70.5717,-33.36763]]]}},{"type":"Feature","properties":{"ZONA":"U-V"},"geometry":{"type":"Polygon","coordinates":[[[-70.57072,-33.36373],[-70.57345,-33.36463],[-70.57383,-33.36251],[-70.57529,-33.36188],[-70.5756,-33.36125],[-70.57652,-33.36212],[-70.57418,-33.36411],[-70.57631,-33.36321],[-70.57756,-33.36401],[-70.57614,-33.3641],[-70.57769,-33.36409],[-70.57887,-33.36497],[-70.57843,-33.36525],[-70.57592,-33.36481],[-70.57492,-33.36558],[-70.576,-33.36493],[-70.57828,-33.36534],[-70.57693,-33.36606],[-70.57616,-33.36571],[-70.57681,-33.36613],[-70.5758,-33.36668],[-70.57185,-33.3669],[-70.57144,-33.3667],[-70.57072,-33.36373]]]}},{"type":"Feature","properties":{"ZONA":"U-V"},"geometry":{"type":"Polygon","coordinates":[[[-70.56909,-33.37598],[-70.56939,-33.37537],[-70.5701,-33.37556],[-70.56986,-33.3763],[-70.5677,-33.37611],[-70.56909,-33.37598]]]}},{"type":"Feature","properties":{"ZONA":"U PC"},"geometry":{"type":"Polygon","coordinates":[[[-70.56914,-33.37613],[-70.56978,-33.37655],[-70.56839,-33.37676],[-70.56848,-33.3762],[-70.56914,-33.37613]]]}},{"type":"Feature","properties":{"ZONA":"U-V"},"geometry":{"type":"Polygon","coordinates":[[[-70.56875,-33.37586],[-70.56778,-33.37571],[-70.56786,-33.37514],[-70.56919,-33.37532],[-70.56875,-33.37586]]]}},{"type":"Feature","properties":{"ZONA":"U-V"},"geometry":{"type":"Polygon","coordinates":[[[-70.56913,-33.37516],[-70.5679,-33.37497],[-70.56799,-33.37444],[-70.56934,-33.37463],[-70.56913,-33.37516]]]}},{"type":"Feature","properties":{"ZONA":"U-V"},"geometry":{"type":"Polygon","coordinates":[[[-70.56807,-33.37392],[-70.57051,-33.37425],[-70.57016,-33.3754],[-70.56944,-33.37523],[-70.56961,-33.37456],[-70.56802,-33.37432],[-70.56807,-33.37392]]]}},{"type":"Feature","properties":{"ZONA":"U-V"},"geometry":{"type":"Polygon","coordinates":[[[-70.56741,-33.37573],[-70.56566,-33.37548],[-70.56578,-33.37483],[-70.56754,-33.37507],[-70.56741,-33.37573]]]}},{"type":"Feature","properties":{"ZONA":"U-V"},"geometry":{"type":"Polygon","coordinates":[[[-70.56441,-33.37562],[-70.56389,-33.37556],[-70.56387,-33.37458],[-70.56451,-33.37443],[-70.56441,-33.37562]]]}},{"type":"Feature","properties":{"ZONA":"U-V"},"geometry":{"type":"Polygon","coordinates":[[[-70.56115,-33.37453],[-70.56103,-33.37393],[-70.56311,-33.37431],[-70.5637,-33.37455],[-70.56374,-33.37553],[-70.56282,-33.3748],[-70.5629,-33.37568],[-70.56238,-33.37503],[-70.56207,-33.37573],[-70.56132,-33.37544],[-70.56115,-33.37453]]]}},{"type":"Feature","properties":{"ZONA":"U-V"},"geometry":{"type":"Polygon","coordinates":[[[-70.56523,-33.37416],[-70.56705,-33.37366],[-70.56787,-33.37388],[-70.56769,-33.37493],[-70.56686,-33.37482],[-70.56679,-33.37429],[-70.56676,-33.37482],[-70.56555,-33.37465],[-70.56538,-33.37557],[-70.56751,-33.37585],[-70.56743,-33.37639],[-70.56595,-33.37643],[-70.56455,-33.37584],[-70.56465,-33.37437],[-70.56523,-33.37416]]]}},{"type":"Feature","properties":{"ZONA":"U-V"},"geometry":{"type":"Polygon","coordinates":[[[-70.57844,-33.36297],[-70.57919,-33.36234],[-70.58065,-33.36257],[-70.58258,-33.36427],[-70.5852,-33.36517],[-70.58945,-33.36778],[-70.59172,-33.36992],[-70.58469,-33.36943],[-70.58502,-33.36858],[-70.58665,-33.36909],[-70.58893,-33.36894],[-70.58626,-33.36885],[-70.58657,-33.3681],[-70.58602,-33.36774],[-70.58646,-33.36823],[-70.58618,-33.36867],[-70.58473,-33.36854],[-70.58448,-33.36699],[-70.58185,-33.36649],[-70.57839,-33.36709],[-70.57641,-33.3668],[-70.57726,-33.3661],[-70.58074,-33.36584],[-70.57738,-33.36604],[-70.58024,-33.36499],[-70.57902,-33.3651],[-70.57678,-33.3633],[-70.5783,-33.36315],[-70.5792,-33.36357],[-70.57844,-33.36297]]]}},{"type":"Feature","properties":{"ZONA":"U-V"},"geometry":{"type":"Polygon","coordinates":[[[-70.58024,-33.37803],[-70.58033,-33.3767],[-70.58104,-33.37671],[-70.58094,-33.37807],[-70.58024,-33.37803]]]}},{"type":"Feature","properties":{"ZONA":"U-V"},"geometry":{"type":"Polygon","coordinates":[[[-70.56609,-33.36419],[-70.56641,-33.36354],[-70.56877,-33.3649],[-70.57007,-33.36446],[-70.57095,-33.3665],[-70.57184,-33.36704],[-70.57105,-33.3676],[-70.57065,-33.36935],[-70.57143,-33.37136],[-70.57058,-33.37409],[-70.5674,-33.37357],[-70.56694,-33.37272],[-70.56475,-33.37238],[-70.56535,-33.37119],[-70.56633,-33.37171],[-70.56519,-33.37111],[-70.56523,-33.36995],[-70.56601,-33.36979],[-70.56715,-33.3709],[-70.56874,-33.37083],[-70.56911,-33.37042],[-70.56915,-33.36894],[-70.56865,-33.3707],[-70.56694,-33.3707],[-70.56611,-33.3697],[-70.56652,-33.3692],[-70.56732,-33.36946],[-70.56738,-33.36878],[-70.56593,-33.36909],[-70.56589,-33.36658],[-70.56698,-33.36739],[-70.56819,-33.36742],[-70.56746,-33.36737],[-70.56751,-33.3664],[-70.56808,-33.366],[-70.56743,-33.36625],[-70.5665,-33.36504],[-70.56738,-33.365],[-70.56746,-33.36418],[-70.5671,-33.36497],[-70.56609,-33.36419]]]}},{"type":"Feature","properties":{"ZONA":"U-V"},"geometry":{"type":"Polygon","coordinates":[[[-70.56567,-33.38339],[-70.56528,-33.38362],[-70.56448,-33.38316],[-70.56543,-33.38278],[-70.56567,-33.38339]]]}},{"type":"Feature","properties":{"ZONA":"U-V"},"geometry":{"type":"Polygon","coordinates":[[[-70.56225,-33.38174],[-70.56429,-33.38265],[-70.56587,-33.3823],[-70.56681,-33.38456],[-70.56957,-33.38494],[-70.5684,-33.38194],[-70.56875,-33.38183],[-70.57016,-33.38541],[-70.5667,-33.38494],[-70.56541,-33.38371],[-70.56603,-33.38331],[-70.56567,-33.38266],[-70.56437,-33.3831],[-70.56225,-33.38174]]]}},{"type":"Feature","properties":{"ZONA":"U-V"},"geometry":{"type":"Polygon","coordinates":[[[-70.56807,-33.37987],[-70.56755,-33.37864],[-70.56878,-33.37898],[-70.56884,-33.38019],[-70.56807,-33.37987]]]}},{"type":"Feature","properties":{"ZONA":"U-V"},"geometry":{"type":"Polygon","coordinates":[[[-70.55935,-33.38122],[-70.55963,-33.38108],[-70.56027,-33.3821],[-70.56204,-33.38183],[-70.56005,-33.38247],[-70.55935,-33.38122]]]}},{"type":"Feature","properties":{"ZONA":"U-V"},"geometry":{"type":"Polygon","coordinates":[[[-70.5572,-33.37839],[-70.55744,-33.3773],[-70.55805,-33.37728],[-70.5579,-33.37848],[-70.5572,-33.37839]]]}},{"type":"Feature","properties":{"ZONA":"U-V"},"geometry":{"type":"Polygon","coordinates":[[[-70.56242,-33.39381],[-70.56266,-33.39338],[-70.56454,-33.39404],[-70.56438,-33.39443],[-70.56242,-33.39381]]]}},{"type":"Feature","properties":{"ZONA":"U-V"},"geometry":{"type":"Polygon","coordinates":[[[-70.56269,-33.39328],[-70.56288,-33.39284],[-70.56484,-33.39345],[-70.5646,-33.39387],[-70.56269,-33.39328]]]}},{"type":"Feature","properties":{"ZONA":"U-V"},"geometry":{"type":"Polygon","coordinates":[[[-70.56485,-33.39331],[-70.56312,-33.3928],[-70.56309,-33.3923],[-70.56499,-33.39288],[-70.56485,-33.39331]]]}},{"type":"Feature","properties":{"ZONA":"U-V"},"geometry":{"type":"Polygon","coordinates":[[[-70.56303,-33.39216],[-70.56324,-33.39178],[-70.5652,-33.39243],[-70.56503,-33.39278],[-70.56303,-33.39216]]]}},{"type":"Feature","properties":{"ZONA":"U-V"},"geometry":{"type":"Polygon","coordinates":[[[-70.5639,-33.39014],[-70.56604,-33.39054],[-70.56531,-33.39219],[-70.56498,-33.39212],[-70.56559,-33.39067],[-70.5639,-33.39014]]]}},{"type":"Feature","properties":{"ZONA":"U-V"},"geometry":{"type":"Polygon","coordinates":[[[-70.5652,-33.39002],[-70.56638,-33.38832],[-70.56672,-33.38852],[-70.56697,-33.38889],[-70.56617,-33.39032],[-70.5652,-33.39002]]]}},{"type":"Feature","properties":{"ZONA":"U PC"},"geometry":{"type":"Polygon","coordinates":[[[-70.56672,-33.38852],[-70.56659,-33.38806],[-70.5673,-33.38847],[-70.56672,-33.38852]]]}},{"type":"Feature","properties":{"ZONA":"U-V"},"geometry":{"type":"Polygon","coordinates":[[[-70.56525,-33.38804],[-70.56614,-33.38837],[-70.565,-33.39008],[-70.56449,-33.38993],[-70.56492,-33.38883],[-70.56464,-33.38838],[-70.56525,-33.38804]]]}},{"type":"Feature","properties":{"ZONA":"U PC"},"geometry":{"type":"Polygon","coordinates":[[[-70.56533,-33.38791],[-70.5648,-33.38777],[-70.56506,-33.38715],[-70.56647,-33.38798],[-70.56552,-33.38841],[-70.56533,-33.38791]]]}},{"type":"Feature","properties":{"ZONA":"U-V"},"geometry":{"type":"Polygon","coordinates":[[[-70.56222,-33.39158],[-70.56262,-33.3916],[-70.56169,-33.39359],[-70.5613,-33.39347],[-70.56222,-33.39158]]]}},{"type":"Feature","properties":{"ZONA":"U-V"},"geometry":{"type":"Polygon","coordinates":[[[-70.56113,-33.3934],[-70.56072,-33.39326],[-70.5617,-33.39132],[-70.5621,-33.39147],[-70.56113,-33.3934]]]}},{"type":"Feature","properties":{"ZONA":"U-V"},"geometry":{"type":"Polygon","coordinates":[[[-70.5623,-33.39132],[-70.56136,-33.39102],[-70.56153,-33.39062],[-70.56253,-33.39089],[-70.5623,-33.39132]]]}},{"type":"Feature","properties":{"ZONA":"U-V"},"geometry":{"type":"Polygon","coordinates":[[[-70.56311,-33.39029],[-70.56237,-33.3901],[-70.56255,-33.38967],[-70.56328,-33.38988],[-70.56311,-33.39029]]]}},{"type":"Feature","properties":{"ZONA":"U-V"},"geometry":{"type":"Polygon","coordinates":[[[-70.56201,-33.39067],[-70.56157,-33.39054],[-70.56198,-33.38953],[-70.56245,-33.38964],[-70.56201,-33.39067]]]}},{"type":"Feature","properties":{"ZONA":"U PVEV"},"geometry":{"type":"Polygon","coordinates":[[[-70.56995,-33.38633],[-70.57002,-33.38589],[-70.56937,-33.38625],[-70.56946,-33.38571],[-70.57014,-33.38578],[-70.56995,-33.38633]]]}},{"type":"Feature","properties":{"ZONA":"U-V"},"geometry":{"type":"Polygon","coordinates":[[[-70.56946,-33.38571],[-70.57024,-33.3856],[-70.57066,-33.38656],[-70.57008,-33.38634],[-70.57014,-33.38578],[-70.56946,-33.38571]]]}},{"type":"Feature","properties":{"ZONA":"U PVEV"},"geometry":{"type":"Polygon","coordinates":[[[-70.56873,-33.38615],[-70.56879,-33.38571],[-70.56931,-33.38576],[-70.56923,-33.38621],[-70.56873,-33.38615]]]}},{"type":"Feature","properties":{"ZONA":"U PVEV"},"geometry":{"type":"Polygon","coordinates":[[[-70.56814,-33.38611],[-70.56824,-33.38556],[-70.56865,-33.38561],[-70.56861,-33.38616],[-70.56814,-33.38611]]]}},{"type":"Feature","properties":{"ZONA":"U-V"},"geometry":{"type":"Polygon","coordinates":[[[-70.56824,-33.38556],[-70.56793,-33.38535],[-70.56917,-33.38548],[-70.56824,-33.38556]]]}},{"type":"Feature","properties":{"ZONA":"U PVEV"},"geometry":{"type":"Polygon","coordinates":[[[-70.5675,-33.386],[-70.56757,-33.38557],[-70.56808,-33.38562],[-70.56801,-33.38607],[-70.5675,-33.386]]]}},{"type":"Feature","properties":{"ZONA":"U PVEV"},"geometry":{"type":"Polygon","coordinates":[[[-70.56743,-33.38547],[-70.56736,-33.38601],[-70.56694,-33.38596],[-70.56686,-33.38538],[-70.56743,-33.38547]]]}},{"type":"Feature","properties":{"ZONA":"U PC"},"geometry":{"type":"Polygon","coordinates":[[[-70.56698,-33.38747],[-70.56706,-33.38633],[-70.56917,-33.38658],[-70.56856,-33.38771],[-70.56781,-33.38718],[-70.56743,-33.3877],[-70.56698,-33.38747]]]}},{"type":"Feature","properties":{"ZONA":"U PC"},"geometry":{"type":"Polygon","coordinates":[[[-70.56568,-33.3862],[-70.56572,-33.38701],[-70.56676,-33.38722],[-70.56664,-33.38776],[-70.56517,-33.38689],[-70.56515,-33.38621],[-70.56568,-33.3862]]]}},{"type":"Feature","properties":{"ZONA":"U PVEV"},"geometry":{"type":"Polygon","coordinates":[[[-70.56568,-33.3862],[-70.56649,-33.38623],[-70.5665,-33.38663],[-70.56571,-33.38687],[-70.56568,-33.3862]]]}},{"type":"Feature","properties":{"ZONA":"U PVEV"},"geometry":{"type":"Polygon","coordinates":[[[-70.56649,-33.38715],[-70.56604,-33.38716],[-70.56601,-33.38672],[-70.56649,-33.38671],[-70.56649,-33.38715]]]}},{"type":"Feature","properties":{"ZONA":"U PVEV"},"geometry":{"type":"Polygon","coordinates":[[[-70.56597,-33.38569],[-70.56671,-33.38567],[-70.56673,-33.38612],[-70.566,-33.38613],[-70.56597,-33.38569]]]}},{"type":"Feature","properties":{"ZONA":"U-V"},"geometry":{"type":"Polygon","coordinates":[[[-70.56567,-33.38614],[-70.56514,-33.38617],[-70.56511,-33.38523],[-70.56652,-33.38515],[-70.56565,-33.38539],[-70.56567,-33.38614]]]}},{"type":"Feature","properties":{"ZONA":"U PVEV"},"geometry":{"type":"Polygon","coordinates":[[[-70.56567,-33.38614],[-70.56565,-33.38539],[-70.56662,-33.38536],[-70.56587,-33.38556],[-70.56567,-33.38614]]]}},{"type":"Feature","properties":{"ZONA":"U-V"},"geometry":{"type":"Polygon","coordinates":[[[-70.56388,-33.38458],[-70.5646,-33.38428],[-70.56557,-33.38502],[-70.56392,-33.38534],[-70.56388,-33.38458]]]}},{"type":"Feature","properties":{"ZONA":"U-V"},"geometry":{"type":"Polygon","coordinates":[[[-70.56565,-33.3849],[-70.5637,-33.38361],[-70.5638,-33.38299],[-70.56641,-33.38498],[-70.56565,-33.3849]]]}},{"type":"Feature","properties":{"ZONA":"U-V"},"geometry":{"type":"Polygon","coordinates":[[[-70.56218,-33.38301],[-70.56272,-33.38236],[-70.56366,-33.3829],[-70.56378,-33.38538],[-70.56283,-33.38528],[-70.56334,-33.3853],[-70.56331,-33.38471],[-70.56275,-33.38523],[-70.56229,-33.3848],[-70.56329,-33.38429],[-70.5629,-33.38308],[-70.56139,-33.38382],[-70.56107,-33.38355],[-70.56218,-33.38301]]]}},{"type":"Feature","properties":{"ZONA":"U-V"},"geometry":{"type":"Polygon","coordinates":[[[-70.56303,-33.38966],[-70.56204,-33.38939],[-70.56222,-33.38898],[-70.56321,-33.38925],[-70.56303,-33.38966]]]}},{"type":"Feature","properties":{"ZONA":"U-V"},"geometry":{"type":"Polygon","coordinates":[[[-70.56273,-33.38904],[-70.56224,-33.3889],[-70.56261,-33.38806],[-70.56308,-33.38819],[-70.56273,-33.38904]]]}},{"type":"Feature","properties":{"ZONA":"U-V"},"geometry":{"type":"Polygon","coordinates":[[[-70.56377,-33.38884],[-70.56299,-33.38863],[-70.56316,-33.38822],[-70.56395,-33.38843],[-70.56377,-33.38884]]]}},{"type":"Feature","properties":{"ZONA":"U-V"},"geometry":{"type":"Polygon","coordinates":[[[-70.56402,-33.38831],[-70.56408,-33.38737],[-70.56439,-33.38746],[-70.56402,-33.38831]]]}},{"type":"Feature","properties":{"ZONA":"U-V"},"geometry":{"type":"Polygon","coordinates":[[[-70.56362,-33.3882],[-70.56266,-33.38792],[-70.56283,-33.38751],[-70.56383,-33.38779],[-70.56362,-33.3882]]]}},{"type":"Feature","properties":{"ZONA":"U POC"},"geometry":{"type":"Polygon","coordinates":[[[-70.5637,-33.38672],[-70.56286,-33.38745],[-70.56321,-33.38658],[-70.5637,-33.38672]]]}},{"type":"Feature","properties":{"ZONA":"U PC"},"geometry":{"type":"Polygon","coordinates":[[[-70.56377,-33.38675],[-70.5648,-33.38701],[-70.56462,-33.38746],[-70.56377,-33.38675]]]}},{"type":"Feature","properties":{"ZONA":"U POC"},"geometry":{"type":"Polygon","coordinates":[[[-70.5644,-33.38739],[-70.56362,-33.38716],[-70.56377,-33.38675],[-70.5644,-33.38739]]]}},{"type":"Feature","properties":{"ZONA":"U-V"},"geometry":{"type":"Polygon","coordinates":[[[-70.55921,-33.39272],[-70.55937,-33.39238],[-70.56077,-33.39287],[-70.56059,-33.39322],[-70.55921,-33.39272]]]}},{"type":"Feature","properties":{"ZONA":"U-V"},"geometry":{"type":"Polygon","coordinates":[[[-70.55913,-33.3927],[-70.55874,-33.39256],[-70.5593,-33.39141],[-70.55969,-33.39158],[-70.55913,-33.3927]]]}},{"type":"Feature","properties":{"ZONA":"U-V"},"geometry":{"type":"Polygon","coordinates":[[[-70.56082,-33.39279],[-70.5604,-33.39264],[-70.56095,-33.39156],[-70.56135,-33.39173],[-70.56082,-33.39279]]]}},{"type":"Feature","properties":{"ZONA":"U-V"},"geometry":{"type":"Polygon","coordinates":[[[-70.56042,-33.39245],[-70.5595,-33.39213],[-70.55968,-33.39177],[-70.56059,-33.39207],[-70.56042,-33.39245]]]}},{"type":"Feature","properties":{"ZONA":"U-V"},"geometry":{"type":"Polygon","coordinates":[[[-70.56066,-33.39188],[-70.55934,-33.39133],[-70.55952,-33.39099],[-70.5609,-33.39154],[-70.56066,-33.39188]]]}},{"type":"Feature","properties":{"ZONA":"U POC"},"geometry":{"type":"Polygon","coordinates":[[[-70.55857,-33.39251],[-70.55805,-33.39231],[-70.55824,-33.39193],[-70.5588,-33.39213],[-70.55857,-33.39251]]]}},{"type":"Feature","properties":{"ZONA":"U-V"},"geometry":{"type":"Polygon","coordinates":[[[-70.55747,-33.39151],[-70.55764,-33.39117],[-70.55904,-33.39169],[-70.5588,-33.39201],[-70.55747,-33.39151]]]}},{"type":"Feature","properties":{"ZONA":"U-V"},"geometry":{"type":"Polygon","coordinates":[[[-70.557,-33.39134],[-70.55762,-33.3901],[-70.55804,-33.39023],[-70.55741,-33.39149],[-70.557,-33.39134]]]}},{"type":"Feature","properties":{"ZONA":"U-V"},"geometry":{"type":"Polygon","coordinates":[[[-70.55872,-33.39117],[-70.55781,-33.39084],[-70.55798,-33.3905],[-70.5589,-33.39081],[-70.55872,-33.39117]]]}},{"type":"Feature","properties":{"ZONA":"U-V"},"geometry":{"type":"Polygon","coordinates":[[[-70.55649,-33.38173],[-70.55551,-33.38149],[-70.55677,-33.38141],[-70.55649,-33.38173]]]}},{"type":"Feature","properties":{"ZONA":"U-V"},"geometry":{"type":"Polygon","coordinates":[[[-70.5564,-33.38124],[-70.55584,-33.38106],[-70.55695,-33.38093],[-70.5564,-33.38124]]]}},{"type":"Feature","properties":{"ZONA":"U-V"},"geometry":{"type":"Polygon","coordinates":[[[-70.55701,-33.38081],[-70.55614,-33.38068],[-70.55709,-33.38045],[-70.55701,-33.38081]]]}},{"type":"Feature","properties":{"ZONA":"U-V"},"geometry":{"type":"Polygon","coordinates":[[[-70.55697,-33.38032],[-70.55632,-33.38025],[-70.55628,-33.37986],[-70.55742,-33.38002],[-70.55697,-33.38032]]]}},{"type":"Feature","properties":{"ZONA":"U-V"},"geometry":{"type":"Polygon","coordinates":[[[-70.55742,-33.37949],[-70.5578,-33.3795],[-70.5575,-33.37989],[-70.5562,-33.37967],[-70.55742,-33.37949]]]}},{"type":"Feature","properties":{"ZONA":"U-V"},"geometry":{"type":"Polygon","coordinates":[[[-70.54564,-33.37943],[-70.54508,-33.37937],[-70.54501,-33.37808],[-70.5456,-33.3781],[-70.54564,-33.37943]]]}},{"type":"Feature","properties":{"ZONA":"U-V"},"geometry":{"type":"Polygon","coordinates":[[[-70.54569,-33.37811],[-70.54621,-33.37823],[-70.54586,-33.37886],[-70.54569,-33.37811]]]}},{"type":"Feature","properties":{"ZONA":"U-V"},"geometry":{"type":"Polygon","coordinates":[[[-70.54728,-33.37796],[-70.54822,-33.37771],[-70.54807,-33.37822],[-70.54728,-33.37796]]]}},{"type":"Feature","properties":{"ZONA":"U-V"},"geometry":{"type":"Polygon","coordinates":[[[-70.54878,-33.36339],[-70.55061,-33.36164],[-70.55236,-33.36273],[-70.55044,-33.36292],[-70.54909,-33.36367],[-70.54878,-33.36339]]]}},{"type":"Feature","properties":{"ZONA":"U-V"},"geometry":{"type":"Polygon","coordinates":[[[-70.54556,-33.36713],[-70.5477,-33.36436],[-70.5487,-33.36352],[-70.54899,-33.36377],[-70.54756,-33.36717],[-70.54556,-33.36713]]]}},{"type":"Feature","properties":{"ZONA":"U-V"},"geometry":{"type":"Polygon","coordinates":[[[-70.55752,-33.36708],[-70.55422,-33.36614],[-70.55053,-33.36431],[-70.54978,-33.36694],[-70.54778,-33.36714],[-70.5491,-33.36396],[-70.55179,-33.36277],[-70.55813,-33.36602],[-70.55752,-33.36708]]]}},{"type":"Feature","properties":{"ZONA":"U-V"},"geometry":{"type":"Polygon","coordinates":[[[-70.55935,-33.36201],[-70.56081,-33.36281],[-70.5621,-33.36249],[-70.56366,-33.36325],[-70.56521,-33.36289],[-70.56508,-33.36607],[-70.56013,-33.36612],[-70.55995,-33.36684],[-70.55347,-33.36343],[-70.55605,-33.3636],[-70.55807,-33.36429],[-70.55974,-33.36357],[-70.56157,-33.36392],[-70.55987,-33.36343],[-70.55828,-33.36363],[-70.55749,-33.36279],[-70.55935,-33.36201]]]}},{"type":"Feature","properties":{"ZONA":"U-V"},"geometry":{"type":"Polygon","coordinates":[[[-70.54849,-33.36728],[-70.54982,-33.36717],[-70.54988,-33.36812],[-70.54915,-33.36952],[-70.54781,-33.36865],[-70.54771,-33.36738],[-70.54849,-33.36728]]]}},{"type":"Feature","properties":{"ZONA":"U POC"},"geometry":{"type":"Polygon","coordinates":[[[-70.53898,-33.38524],[-70.53866,-33.3856],[-70.53726,-33.38495],[-70.53751,-33.38459],[-70.53898,-33.38524]]]}},{"type":"Feature","properties":{"ZONA":"U-V"},"geometry":{"type":"Polygon","coordinates":[[[-70.55908,-33.39157],[-70.55868,-33.39143],[-70.55929,-33.39023],[-70.55967,-33.39039],[-70.55908,-33.39157]]]}},{"type":"Feature","properties":{"ZONA":"U-V"},"geometry":{"type":"Polygon","coordinates":[[[-70.55902,-33.39054],[-70.55769,-33.38998],[-70.55786,-33.38965],[-70.55924,-33.39021],[-70.55902,-33.39054]]]}},{"type":"Feature","properties":{"ZONA":"U-V"},"geometry":{"type":"Polygon","coordinates":[[[-70.5561,-33.3916],[-70.55471,-33.39109],[-70.55487,-33.39075],[-70.55628,-33.39125],[-70.5561,-33.3916]]]}},{"type":"Feature","properties":{"ZONA":"U-V"},"geometry":{"type":"Polygon","coordinates":[[[-70.55659,-33.39178],[-70.55618,-33.39163],[-70.55687,-33.39027],[-70.55729,-33.39043],[-70.55659,-33.39178]]]}},{"type":"Feature","properties":{"ZONA":"U-V"},"geometry":{"type":"Polygon","coordinates":[[[-70.55636,-33.39083],[-70.55557,-33.39052],[-70.55573,-33.39021],[-70.55663,-33.39052],[-70.55636,-33.39083]]]}},{"type":"Feature","properties":{"ZONA":"U-V"},"geometry":{"type":"Polygon","coordinates":[[[-70.55731,-33.39036],[-70.55597,-33.38978],[-70.55612,-33.38943],[-70.55749,-33.39001],[-70.55731,-33.39036]]]}},{"type":"Feature","properties":{"ZONA":"U-V"},"geometry":{"type":"Polygon","coordinates":[[[-70.55754,-33.38992],[-70.55571,-33.38914],[-70.55587,-33.3888],[-70.55772,-33.38957],[-70.55754,-33.38992]]]}},{"type":"Feature","properties":{"ZONA":"U-V"},"geometry":{"type":"Polygon","coordinates":[[[-70.5553,-33.39079],[-70.55492,-33.39065],[-70.55567,-33.38923],[-70.55605,-33.3894],[-70.5553,-33.39079]]]}},{"type":"Feature","properties":{"ZONA":"U-V"},"geometry":{"type":"Polygon","coordinates":[[[-70.55342,-33.39061],[-70.55339,-33.39019],[-70.55474,-33.39072],[-70.55458,-33.39103],[-70.55342,-33.39061]]]}},{"type":"Feature","properties":{"ZONA":"U-V"},"geometry":{"type":"Polygon","coordinates":[[[-70.56014,-33.38999],[-70.56035,-33.38935],[-70.56082,-33.38936],[-70.56122,-33.39096],[-70.56014,-33.38999]]]}},{"type":"Feature","properties":{"ZONA":"U-V"},"geometry":{"type":"Polygon","coordinates":[[[-70.56138,-33.39049],[-70.56097,-33.39037],[-70.56132,-33.38956],[-70.56176,-33.3897],[-70.56138,-33.39049]]]}},{"type":"Feature","properties":{"ZONA":"U-V"},"geometry":{"type":"Polygon","coordinates":[[[-70.56162,-33.38818],[-70.56207,-33.38806],[-70.56189,-33.38936],[-70.56037,-33.38921],[-70.56036,-33.38868],[-70.56163,-33.38879],[-70.56162,-33.38818]]]}},{"type":"Feature","properties":{"ZONA":"U-V"},"geometry":{"type":"Polygon","coordinates":[[[-70.5603,-33.38796],[-70.56103,-33.38833],[-70.56144,-33.38807],[-70.56145,-33.38865],[-70.56031,-33.38858],[-70.5603,-33.38796]]]}},{"type":"Feature","properties":{"ZONA":"U-V"},"geometry":{"type":"Polygon","coordinates":[[[-70.56141,-33.38793],[-70.56027,-33.38781],[-70.56027,-33.38745],[-70.56141,-33.3874],[-70.56141,-33.38793]]]}},{"type":"Feature","properties":{"ZONA":"U PC"},"geometry":{"type":"Polygon","coordinates":[[[-70.56227,-33.38677],[-70.56181,-33.38678],[-70.56154,-33.38616],[-70.56227,-33.38624],[-70.56227,-33.38677]]]}},{"type":"Feature","properties":{"ZONA":"U-V"},"geometry":{"type":"Polygon","coordinates":[[[-70.56155,-33.38689],[-70.56251,-33.38791],[-70.56159,-33.38794],[-70.56155,-33.38689]]]}},{"type":"Feature","properties":{"ZONA":"U POC"},"geometry":{"type":"Polygon","coordinates":[[[-70.56155,-33.38689],[-70.56154,-33.38639],[-70.56248,-33.38677],[-70.56155,-33.38689]]]}},{"type":"Feature","properties":{"ZONA":"U-V"},"geometry":{"type":"Polygon","coordinates":[[[-70.56025,-33.38686],[-70.56139,-33.38683],[-70.56141,-33.3873],[-70.56027,-33.38734],[-70.56025,-33.38686]]]}},{"type":"Feature","properties":{"ZONA":"U PC"},"geometry":{"type":"Polygon","coordinates":[[[-70.56023,-33.3865],[-70.56023,-33.38602],[-70.56137,-33.38614],[-70.56023,-33.3865]]]}},{"type":"Feature","properties":{"ZONA":"U POC"},"geometry":{"type":"Polygon","coordinates":[[[-70.56023,-33.3865],[-70.56137,-33.38632],[-70.56139,-33.38672],[-70.56023,-33.3865]]]}},{"type":"Feature","properties":{"ZONA":"U-V"},"geometry":{"type":"Polygon","coordinates":[[[-70.55899,-33.38991],[-70.55894,-33.38778],[-70.55949,-33.38786],[-70.55956,-33.38851],[-70.5596,-33.38787],[-70.56013,-33.38794],[-70.56016,-33.38892],[-70.55937,-33.3889],[-70.56015,-33.38921],[-70.55915,-33.38911],[-70.55899,-33.38991]]]}},{"type":"Feature","properties":{"ZONA":"U-V"},"geometry":{"type":"Polygon","coordinates":[[[-70.56009,-33.38647],[-70.56012,-33.38776],[-70.55919,-33.38767],[-70.55917,-33.38637],[-70.56009,-33.38647]]]}},{"type":"Feature","properties":{"ZONA":"U PC"},"geometry":{"type":"Polygon","coordinates":[[[-70.55917,-33.38637],[-70.55917,-33.38591],[-70.56007,-33.38601],[-70.56009,-33.38647],[-70.55917,-33.38637]]]}},{"type":"Feature","properties":{"ZONA":"U PC"},"geometry":{"type":"Polygon","coordinates":[[[-70.55827,-33.38633],[-70.55833,-33.38581],[-70.55903,-33.38589],[-70.55903,-33.3864],[-70.55827,-33.38633]]]}},{"type":"Feature","properties":{"ZONA":"U-V"},"geometry":{"type":"Polygon","coordinates":[[[-70.55855,-33.38698],[-70.55825,-33.38643],[-70.55905,-33.38651],[-70.55905,-33.38703],[-70.55855,-33.38698]]]}},{"type":"Feature","properties":{"ZONA":"U-V"},"geometry":{"type":"Polygon","coordinates":[[[-70.55857,-33.3876],[-70.5582,-33.38705],[-70.55905,-33.38713],[-70.55906,-33.38766],[-70.55857,-33.3876]]]}},{"type":"Feature","properties":{"ZONA":"U-V"},"geometry":{"type":"Polygon","coordinates":[[[-70.55831,-33.38824],[-70.5582,-33.38771],[-70.55884,-33.38777],[-70.55871,-33.38979],[-70.55797,-33.38949],[-70.55831,-33.38824]]]}},{"type":"Feature","properties":{"ZONA":"U-V"},"geometry":{"type":"Polygon","coordinates":[[[-70.55779,-33.38941],[-70.55739,-33.38924],[-70.5576,-33.38766],[-70.55804,-33.38771],[-70.55779,-33.38941]]]}},{"type":"Feature","properties":{"ZONA":"U-V"},"geometry":{"type":"Polygon","coordinates":[[[-70.55723,-33.38776],[-70.55726,-33.38917],[-70.55666,-33.38891],[-70.55723,-33.38776]]]}},{"type":"Feature","properties":{"ZONA":"U-V"},"geometry":{"type":"Polygon","coordinates":[[[-70.55812,-33.38619],[-70.55775,-33.38753],[-70.5578,-33.38616],[-70.55812,-33.38619]]]}},{"type":"Feature","properties":{"ZONA":"U PC"},"geometry":{"type":"Polygon","coordinates":[[[-70.55693,-33.38498],[-70.55744,-33.38544],[-70.55644,-33.38532],[-70.55693,-33.38498]]]}},{"type":"Feature","properties":{"ZONA":"U-V"},"geometry":{"type":"Polygon","coordinates":[[[-70.55682,-33.38468],[-70.55658,-33.38445],[-70.55767,-33.38457],[-70.55682,-33.38468]]]}},{"type":"Feature","properties":{"ZONA":"U-V"},"geometry":{"type":"Polygon","coordinates":[[[-70.56076,-33.38401],[-70.56144,-33.38429],[-70.55923,-33.3843],[-70.55929,-33.38389],[-70.56076,-33.38401]]]}},{"type":"Feature","properties":{"ZONA":"U PVEV"},"geometry":{"type":"Polygon","coordinates":[[[-70.56029,-33.3836],[-70.56049,-33.38391],[-70.55993,-33.38385],[-70.56029,-33.3836]]]}},{"type":"Feature","properties":{"ZONA":"U-V"},"geometry":{"type":"Polygon","coordinates":[[[-70.55944,-33.38346],[-70.56042,-33.38317],[-70.55981,-33.38384],[-70.55857,-33.38366],[-70.55864,-33.38311],[-70.55944,-33.38346]]]}},{"type":"Feature","properties":{"ZONA":"U-V"},"geometry":{"type":"Polygon","coordinates":[[[-70.561,-33.38347],[-70.56069,-33.38315],[-70.56189,-33.38265],[-70.56204,-33.38296],[-70.561,-33.38347]]]}},{"type":"Feature","properties":{"ZONA":"U-V"},"geometry":{"type":"Polygon","coordinates":[[[-70.56146,-33.38221],[-70.56255,-33.38226],[-70.56063,-33.38308],[-70.56017,-33.38263],[-70.56146,-33.38221]]]}},{"type":"Feature","properties":{"ZONA":"U-V"},"geometry":{"type":"Polygon","coordinates":[[[-70.55927,-33.38148],[-70.55971,-33.38218],[-70.55888,-33.38268],[-70.55836,-33.38201],[-70.55927,-33.38148]]]}},{"type":"Feature","properties":{"ZONA":"U-V"},"geometry":{"type":"Polygon","coordinates":[[[-70.55754,-33.38031],[-70.55793,-33.3797],[-70.55824,-33.38019],[-70.55754,-33.38031]]]}},{"type":"Feature","properties":{"ZONA":"U-V"},"geometry":{"type":"Polygon","coordinates":[[[-70.55809,-33.38037],[-70.55857,-33.38061],[-70.55724,-33.38084],[-70.55747,-33.38036],[-70.55809,-33.38037]]]}},{"type":"Feature","properties":{"ZONA":"U-V"},"geometry":{"type":"Polygon","coordinates":[[[-70.55744,-33.38184],[-70.55689,-33.38178],[-70.557,-33.38141],[-70.55794,-33.38155],[-70.55744,-33.38184]]]}},{"type":"Feature","properties":{"ZONA":"U-V"},"geometry":{"type":"Polygon","coordinates":[[[-70.55757,-33.38142],[-70.55703,-33.38132],[-70.55718,-33.38095],[-70.55784,-33.38108],[-70.55757,-33.38142]]]}},{"type":"Feature","properties":{"ZONA":"U-V"},"geometry":{"type":"Polygon","coordinates":[[[-70.55844,-33.38107],[-70.55866,-33.3807],[-70.55918,-33.38138],[-70.55826,-33.38187],[-70.558,-33.38106],[-70.55844,-33.38107]]]}},{"type":"Feature","properties":{"ZONA":"U-V"},"geometry":{"type":"Polygon","coordinates":[[[-70.55771,-33.38283],[-70.55675,-33.38273],[-70.55684,-33.38193],[-70.55792,-33.38205],[-70.55771,-33.38283]]]}},{"type":"Feature","properties":{"ZONA":"U-V"},"geometry":{"type":"Polygon","coordinates":[[[-70.55665,-33.38372],[-70.55667,-33.38338],[-70.55772,-33.38349],[-70.55767,-33.38383],[-70.55665,-33.38372]]]}},{"type":"Feature","properties":{"ZONA":"U-V"},"geometry":{"type":"Polygon","coordinates":[[[-70.55762,-33.38338],[-70.55671,-33.38293],[-70.55779,-33.38302],[-70.55762,-33.38338]]]}},{"type":"Feature","properties":{"ZONA":"U-V"},"geometry":{"type":"Polygon","coordinates":[[[-70.55794,-33.38304],[-70.5585,-33.38308],[-70.55825,-33.38375],[-70.55913,-33.38384],[-70.55907,-33.38429],[-70.55659,-33.3843],[-70.55664,-33.38386],[-70.55782,-33.38398],[-70.55794,-33.38304]]]}},{"type":"Feature","properties":{"ZONA":"U-V"},"geometry":{"type":"Polygon","coordinates":[[[-70.5531,-33.3905],[-70.54907,-33.38917],[-70.54925,-33.38881],[-70.55202,-33.38969],[-70.55309,-33.39007],[-70.5531,-33.3905]]]}},{"type":"Feature","properties":{"ZONA":"U-V"},"geometry":{"type":"Polygon","coordinates":[[[-70.55181,-33.38951],[-70.55232,-33.38839],[-70.55272,-33.38855],[-70.55218,-33.38963],[-70.55181,-33.38951]]]}},{"type":"Feature","properties":{"ZONA":"U-V"},"geometry":{"type":"Polygon","coordinates":[[[-70.55127,-33.38934],[-70.5518,-33.38819],[-70.55219,-33.38833],[-70.55165,-33.38944],[-70.55127,-33.38934]]]}},{"type":"Feature","properties":{"ZONA":"U-V"},"geometry":{"type":"Polygon","coordinates":[[[-70.55069,-33.38916],[-70.55126,-33.38799],[-70.55166,-33.38812],[-70.5511,-33.38929],[-70.55069,-33.38916]]]}},{"type":"Feature","properties":{"ZONA":"U-V"},"geometry":{"type":"Polygon","coordinates":[[[-70.54978,-33.38781],[-70.54985,-33.38742],[-70.55115,-33.38793],[-70.55099,-33.38827],[-70.54978,-33.38781]]]}},{"type":"Feature","properties":{"ZONA":"U-V"},"geometry":{"type":"Polygon","coordinates":[[[-70.5553,-33.38952],[-70.5532,-33.38863],[-70.55315,-33.38818],[-70.55554,-33.38918],[-70.5553,-33.38952]]]}},{"type":"Feature","properties":{"ZONA":"U-V"},"geometry":{"type":"Polygon","coordinates":[[[-70.55554,-33.38907],[-70.55313,-33.38806],[-70.55309,-33.38762],[-70.55577,-33.38874],[-70.55554,-33.38907]]]}},{"type":"Feature","properties":{"ZONA":"U-V"},"geometry":{"type":"Polygon","coordinates":[[[-70.54993,-33.38734],[-70.5503,-33.38706],[-70.55286,-33.38807],[-70.5529,-33.38851],[-70.54993,-33.38734]]]}},{"type":"Feature","properties":{"ZONA":"U-V"},"geometry":{"type":"Polygon","coordinates":[[[-70.55026,-33.38693],[-70.55031,-33.38651],[-70.5528,-33.38751],[-70.55284,-33.38795],[-70.55026,-33.38693]]]}},{"type":"Feature","properties":{"ZONA":"U-V"},"geometry":{"type":"Polygon","coordinates":[[[-70.5548,-33.38814],[-70.55442,-33.38761],[-70.55597,-33.38825],[-70.55581,-33.38855],[-70.5548,-33.38814]]]}},{"type":"Feature","properties":{"ZONA":"U-V"},"geometry":{"type":"Polygon","coordinates":[[[-70.55567,-33.38791],[-70.55443,-33.3875],[-70.55446,-33.38715],[-70.55601,-33.38755],[-70.55567,-33.38791]]]}},{"type":"Feature","properties":{"ZONA":"U-V"},"geometry":{"type":"Polygon","coordinates":[[[-70.55581,-33.38744],[-70.55448,-33.38705],[-70.55451,-33.38669],[-70.55604,-33.38707],[-70.55581,-33.38744]]]}},{"type":"Feature","properties":{"ZONA":"U-V"},"geometry":{"type":"Polygon","coordinates":[[[-70.55575,-33.38694],[-70.55453,-33.38657],[-70.55456,-33.38622],[-70.55608,-33.38659],[-70.55575,-33.38694]]]}},{"type":"Feature","properties":{"ZONA":"U-V"},"geometry":{"type":"Polygon","coordinates":[[[-70.5549,-33.38614],[-70.55495,-33.38581],[-70.55613,-33.38613],[-70.55611,-33.38649],[-70.5549,-33.38614]]]}},{"type":"Feature","properties":{"ZONA":"U-V"},"geometry":{"type":"Polygon","coordinates":[[[-70.55354,-33.38525],[-70.55451,-33.38537],[-70.55419,-33.38787],[-70.55361,-33.38763],[-70.55412,-33.38539],[-70.55354,-33.38525]]]}},{"type":"Feature","properties":{"ZONA":"U PC"},"geometry":{"type":"Polygon","coordinates":[[[-70.55338,-33.385],[-70.55342,-33.3847],[-70.55461,-33.38519],[-70.55338,-33.385]]]}},{"type":"Feature","properties":{"ZONA":"U PC"},"geometry":{"type":"Polygon","coordinates":[[[-70.55618,-33.38529],[-70.55346,-33.38414],[-70.55382,-33.38363],[-70.5551,-33.38406],[-70.55486,-33.38472],[-70.55618,-33.38529]]]}},{"type":"Feature","properties":{"ZONA":"U-V"},"geometry":{"type":"Polygon","coordinates":[[[-70.55552,-33.38406],[-70.55569,-33.38372],[-70.55642,-33.38389],[-70.55636,-33.38425],[-70.55552,-33.38406]]]}},{"type":"Feature","properties":{"ZONA":"U-V"},"geometry":{"type":"Polygon","coordinates":[[[-70.5547,-33.38253],[-70.55648,-33.38288],[-70.55643,-33.38384],[-70.55586,-33.38336],[-70.55542,-33.38401],[-70.55392,-33.38351],[-70.5547,-33.38253]]]}},{"type":"Feature","properties":{"ZONA":"U PC"},"geometry":{"type":"Polygon","coordinates":[[[-70.55159,-33.3835],[-70.55257,-33.38388],[-70.55291,-33.38327],[-70.55367,-33.38357],[-70.55325,-33.38434],[-70.55159,-33.3835]]]}},{"type":"Feature","properties":{"ZONA":"U-V"},"geometry":{"type":"Polygon","coordinates":[[[-70.55159,-33.3835],[-70.55202,-33.38287],[-70.55291,-33.38327],[-70.55257,-33.38388],[-70.55159,-33.3835]]]}},{"type":"Feature","properties":{"ZONA":"U-V"},"geometry":{"type":"Polygon","coordinates":[[[-70.55246,-33.38236],[-70.5528,-33.38191],[-70.55344,-33.38211],[-70.55322,-33.38268],[-70.55246,-33.38236]]]}},{"type":"Feature","properties":{"ZONA":"U-V"},"geometry":{"type":"Polygon","coordinates":[[[-70.55644,-33.3827],[-70.55485,-33.38236],[-70.55508,-33.38203],[-70.55653,-33.38232],[-70.55644,-33.3827]]]}},{"type":"Feature","properties":{"ZONA":"U-V"},"geometry":{"type":"Polygon","coordinates":[[[-70.55657,-33.38221],[-70.5552,-33.38188],[-70.5566,-33.38185],[-70.55657,-33.38221]]]}},{"type":"Feature","properties":{"ZONA":"U-V"},"geometry":{"type":"Polygon","coordinates":[[[-70.55594,-33.37914],[-70.55722,-33.3787],[-70.5576,-33.37925],[-70.5561,-33.37949],[-70.55594,-33.37914]]]}},{"type":"Feature","properties":{"ZONA":"U-V"},"geometry":{"type":"Polygon","coordinates":[[[-70.55531,-33.37752],[-70.55556,-33.37702],[-70.55681,-33.37726],[-70.55699,-33.37828],[-70.55546,-33.37807],[-70.55531,-33.37752]]]}},{"type":"Feature","properties":{"ZONA":"U-V"},"geometry":{"type":"Polygon","coordinates":[[[-70.55398,-33.38002],[-70.55579,-33.37918],[-70.55596,-33.37955],[-70.55398,-33.38002]]]}},{"type":"Feature","properties":{"ZONA":"U-V"},"geometry":{"type":"Polygon","coordinates":[[[-70.55537,-33.37997],[-70.55602,-33.37975],[-70.55615,-33.3802],[-70.55537,-33.37997]]]}},{"type":"Feature","properties":{"ZONA":"U-V"},"geometry":{"type":"Polygon","coordinates":[[[-70.55598,-33.38065],[-70.55465,-33.38024],[-70.5553,-33.38005],[-70.55609,-33.3803],[-70.55598,-33.38065]]]}},{"type":"Feature","properties":{"ZONA":"U-V"},"geometry":{"type":"Polygon","coordinates":[[[-70.55419,-33.38064],[-70.55453,-33.38035],[-70.55587,-33.3808],[-70.55564,-33.38108],[-70.55419,-33.38064]]]}},{"type":"Feature","properties":{"ZONA":"U-V"},"geometry":{"type":"Polygon","coordinates":[[[-70.55533,-33.38148],[-70.55395,-33.38106],[-70.5542,-33.38074],[-70.55555,-33.38117],[-70.55533,-33.38148]]]}},{"type":"Feature","properties":{"ZONA":"U-V"},"geometry":{"type":"Polygon","coordinates":[[[-70.55501,-33.38189],[-70.55375,-33.38144],[-70.55525,-33.38157],[-70.55501,-33.38189]]]}},{"type":"Feature","properties":{"ZONA":"U-V"},"geometry":{"type":"Polygon","coordinates":[[[-70.55464,-33.3823],[-70.55353,-33.38195],[-70.55367,-33.38161],[-70.55486,-33.38196],[-70.55464,-33.3823]]]}},{"type":"Feature","properties":{"ZONA":"U-V"},"geometry":{"type":"Polygon","coordinates":[[[-70.55324,-33.38187],[-70.5529,-33.38176],[-70.55356,-33.38046],[-70.55426,-33.38027],[-70.55324,-33.38187]]]}},{"type":"Feature","properties":{"ZONA":"U-V"},"geometry":{"type":"Polygon","coordinates":[[[-70.55282,-33.37735],[-70.55312,-33.37669],[-70.55496,-33.37694],[-70.55491,-33.37762],[-70.55282,-33.37735]]]}},{"type":"Feature","properties":{"ZONA":"U-V"},"geometry":{"type":"Polygon","coordinates":[[[-70.55238,-33.3782],[-70.55255,-33.37787],[-70.5554,-33.37835],[-70.55238,-33.3782]]]}},{"type":"Feature","properties":{"ZONA":"U-V"},"geometry":{"type":"Polygon","coordinates":[[[-70.55361,-33.37887],[-70.55217,-33.37869],[-70.55234,-33.37834],[-70.55437,-33.37864],[-70.55361,-33.37887]]]}},{"type":"Feature","properties":{"ZONA":"U-V"},"geometry":{"type":"Polygon","coordinates":[[[-70.55257,-33.37921],[-70.55197,-33.37914],[-70.55211,-33.3788],[-70.55361,-33.37902],[-70.55257,-33.37921]]]}},{"type":"Feature","properties":{"ZONA":"U-V"},"geometry":{"type":"Polygon","coordinates":[[[-70.55206,-33.37963],[-70.55188,-33.37925],[-70.55308,-33.37944],[-70.55206,-33.37963]]]}},{"type":"Feature","properties":{"ZONA":"U-V"},"geometry":{"type":"Polygon","coordinates":[[[-70.55351,-33.37989],[-70.55307,-33.3797],[-70.55544,-33.37848],[-70.55561,-33.37883],[-70.55351,-33.37989]]]}},{"type":"Feature","properties":{"ZONA":"U-V"},"geometry":{"type":"Polygon","coordinates":[[[-70.55308,-33.38046],[-70.5515,-33.38006],[-70.55172,-33.37972],[-70.5534,-33.38],[-70.55308,-33.38046]]]}},{"type":"Feature","properties":{"ZONA":"U-V"},"geometry":{"type":"Polygon","coordinates":[[[-70.55279,-33.38103],[-70.55127,-33.38053],[-70.55144,-33.38018],[-70.55264,-33.38041],[-70.55302,-33.38055],[-70.55279,-33.38103]]]}},{"type":"Feature","properties":{"ZONA":"U-V"},"geometry":{"type":"Polygon","coordinates":[[[-70.55215,-33.38149],[-70.55101,-33.38109],[-70.5512,-33.38068],[-70.55275,-33.38114],[-70.55215,-33.38149]]]}},{"type":"Feature","properties":{"ZONA":"U-V"},"geometry":{"type":"Polygon","coordinates":[[[-70.55205,-33.38214],[-70.55072,-33.38166],[-70.55092,-33.38125],[-70.55239,-33.38178],[-70.55205,-33.38214]]]}},{"type":"Feature","properties":{"ZONA":"U-V"},"geometry":{"type":"Polygon","coordinates":[[[-70.55111,-33.3824],[-70.55047,-33.38216],[-70.55066,-33.38178],[-70.55204,-33.38225],[-70.55111,-33.3824]]]}},{"type":"Feature","properties":{"ZONA":"U-V"},"geometry":{"type":"Polygon","coordinates":[[[-70.55013,-33.38284],[-70.5504,-33.38229],[-70.5516,-33.38272],[-70.55125,-33.38327],[-70.55013,-33.38284]]]}},{"type":"Feature","properties":{"ZONA":"U PC"},"geometry":{"type":"MultiPolygon","coordinates":[[[[-70.5488,-33.38349],[-70.54871,-33.38297],[-70.5492,-33.38313],[-70.54898,-33.38379],[-70.54928,-33.38318],[-70.55047,-33.38361],[-70.5501,-33.38381],[-70.55096,-33.3838],[-70.55075,-33.38423],[-70.5498,-33.38385],[-70.54964,-33.38419],[-70.54865,-33.38382],[-70.5488,-33.38349]]]]}},{"type":"Feature","properties":{"ZONA":"U-V"},"geometry":{"type":"Polygon","coordinates":[[[-70.54912,-33.38629],[-70.54946,-33.38619],[-70.54861,-33.38806],[-70.54831,-33.38793],[-70.54912,-33.38629]]]}},{"type":"Feature","properties":{"ZONA":"U-V"},"geometry":{"type":"Polygon","coordinates":[[[-70.54779,-33.38773],[-70.54841,-33.38643],[-70.54882,-33.38658],[-70.5482,-33.38788],[-70.54779,-33.38773]]]}},{"type":"Feature","properties":{"ZONA":"U POC"},"geometry":{"type":"Polygon","coordinates":[[[-70.54676,-33.38886],[-70.54739,-33.38772],[-70.54873,-33.38827],[-70.54824,-33.38941],[-70.54676,-33.38886]]]}},{"type":"Feature","properties":{"ZONA":"U POC"},"geometry":{"type":"Polygon","coordinates":[[[-70.54651,-33.38877],[-70.54554,-33.38842],[-70.5457,-33.38796],[-70.54676,-33.38832],[-70.54651,-33.38877]]]}},{"type":"Feature","properties":{"ZONA":"U-V"},"geometry":{"type":"Polygon","coordinates":[[[-70.54683,-33.38819],[-70.54638,-33.388],[-70.5467,-33.38743],[-70.54715,-33.38761],[-70.54683,-33.38819]]]}},{"type":"Feature","properties":{"ZONA":"U-V"},"geometry":{"type":"Polygon","coordinates":[[[-70.54622,-33.38795],[-70.5458,-33.38778],[-70.54609,-33.38718],[-70.54657,-33.3874],[-70.54622,-33.38795]]]}},{"type":"Feature","properties":{"ZONA":"U-V"},"geometry":{"type":"Polygon","coordinates":[[[-70.54645,-33.38717],[-70.54655,-33.38679],[-70.54781,-33.38737],[-70.54766,-33.38768],[-70.54645,-33.38717]]]}},{"type":"Feature","properties":{"ZONA":"U-V"},"geometry":{"type":"Polygon","coordinates":[[[-70.54706,-33.38688],[-70.54661,-33.38666],[-70.54736,-33.38543],[-70.54783,-33.38554],[-70.54706,-33.38688]]]}},{"type":"Feature","properties":{"ZONA":"U-V"},"geometry":{"type":"Polygon","coordinates":[[[-70.54808,-33.38681],[-70.54788,-33.38722],[-70.54719,-33.38694],[-70.54741,-33.38655],[-70.54808,-33.38681]]]}},{"type":"Feature","properties":{"ZONA":"U-V"},"geometry":{"type":"Polygon","coordinates":[[[-70.54886,-33.38648],[-70.54771,-33.38603],[-70.54795,-33.38559],[-70.54908,-33.38604],[-70.54886,-33.38648]]]}},{"type":"Feature","properties":{"ZONA":"U-V"},"geometry":{"type":"Polygon","coordinates":[[[-70.54619,-33.38706],[-70.54579,-33.38689],[-70.54668,-33.38541],[-70.54723,-33.3854],[-70.54619,-33.38706]]]}},{"type":"Feature","properties":{"ZONA":"U-V"},"geometry":{"type":"Polygon","coordinates":[[[-70.54535,-33.3857],[-70.54543,-33.38533],[-70.54655,-33.3854],[-70.54569,-33.38682],[-70.54532,-33.38638],[-70.54488,-33.38659],[-70.54515,-33.38601],[-70.54564,-33.38617],[-70.54526,-33.38575],[-70.54583,-33.38585],[-70.54535,-33.3857]]]}},{"type":"Feature","properties":{"ZONA":"U-V"},"geometry":{"type":"Polygon","coordinates":[[[-70.54645,-33.38484],[-70.54665,-33.38453],[-70.54754,-33.3849],[-70.54645,-33.38484]]]}},{"type":"Feature","properties":{"ZONA":"U-V"},"geometry":{"type":"Polygon","coordinates":[[[-70.54759,-33.38479],[-70.54671,-33.38442],[-70.54694,-33.38406],[-70.54782,-33.38444],[-70.54759,-33.38479]]]}},{"type":"Feature","properties":{"ZONA":"U-V"},"geometry":{"type":"Polygon","coordinates":[[[-70.5472,-33.38337],[-70.54729,-33.38291],[-70.54775,-33.38302],[-70.54738,-33.38412],[-70.5469,-33.38392],[-70.5462,-33.38519],[-70.54553,-33.38514],[-70.54633,-33.38294],[-70.5472,-33.38337]]]}},{"type":"Feature","properties":{"ZONA":"U-V"},"geometry":{"type":"Polygon","coordinates":[[[-70.5434,-33.38555],[-70.54227,-33.38535],[-70.54272,-33.38456],[-70.54294,-33.38504],[-70.54315,-33.38471],[-70.54337,-33.38517],[-70.54359,-33.38484],[-70.54384,-33.3853],[-70.54401,-33.38498],[-70.54421,-33.3854],[-70.54515,-33.3853],[-70.54489,-33.38599],[-70.5434,-33.38555]]]}},{"type":"Feature","properties":{"ZONA":"U-V"},"geometry":{"type":"Polygon","coordinates":[[[-70.54352,-33.38581],[-70.54483,-33.3861],[-70.54464,-33.3866],[-70.5429,-33.38605],[-70.54312,-33.38555],[-70.54352,-33.38581]]]}},{"type":"Feature","properties":{"ZONA":"U-V"},"geometry":{"type":"Polygon","coordinates":[[[-70.54247,-33.38638],[-70.54357,-33.3864],[-70.54308,-33.38701],[-70.54247,-33.38638]]]}},{"type":"Feature","properties":{"ZONA":"U-V"},"geometry":{"type":"Polygon","coordinates":[[[-70.54161,-33.38644],[-70.5419,-33.38595],[-70.54245,-33.38614],[-70.54218,-33.38666],[-70.54161,-33.38644]]]}},{"type":"Feature","properties":{"ZONA":"U-V"},"geometry":{"type":"Polygon","coordinates":[[[-70.5428,-33.38602],[-70.54202,-33.38582],[-70.54221,-33.38544],[-70.54296,-33.38565],[-70.5428,-33.38602]]]}},{"type":"Feature","properties":{"ZONA":"U-V"},"geometry":{"type":"Polygon","coordinates":[[[-70.54152,-33.38623],[-70.54086,-33.38597],[-70.54099,-33.38563],[-70.54172,-33.38586],[-70.54152,-33.38623]]]}},{"type":"Feature","properties":{"ZONA":"U-V"},"geometry":{"type":"Polygon","coordinates":[[[-70.54019,-33.3857],[-70.53914,-33.38526],[-70.54048,-33.38539],[-70.54019,-33.3857]]]}},{"type":"Feature","properties":{"ZONA":"U-V"},"geometry":{"type":"Polygon","coordinates":[[[-70.54181,-33.38575],[-70.54102,-33.38545],[-70.54134,-33.38482],[-70.5422,-33.38512],[-70.54181,-33.38575]]]}},{"type":"Feature","properties":{"ZONA":"U-V"},"geometry":{"type":"Polygon","coordinates":[[[-70.54006,-33.3851],[-70.53999,-33.38432],[-70.54128,-33.38479],[-70.54095,-33.38542],[-70.54006,-33.3851]]]}},{"type":"Feature","properties":{"ZONA":"U-V"},"geometry":{"type":"Polygon","coordinates":[[[-70.54224,-33.38499],[-70.54056,-33.38437],[-70.54083,-33.38384],[-70.54255,-33.3845],[-70.54224,-33.38499]]]}},{"type":"Feature","properties":{"ZONA":"U-V"},"geometry":{"type":"Polygon","coordinates":[[[-70.54286,-33.38441],[-70.54316,-33.38389],[-70.54385,-33.38414],[-70.54366,-33.38466],[-70.54286,-33.38441]]]}},{"type":"Feature","properties":{"ZONA":"U-V"},"geometry":{"type":"Polygon","coordinates":[[[-70.54461,-33.38267],[-70.54602,-33.38322],[-70.5447,-33.38331],[-70.54588,-33.38355],[-70.54525,-33.38512],[-70.54374,-33.38471],[-70.54396,-33.38412],[-70.5432,-33.38383],[-70.54343,-33.38345],[-70.54419,-33.38374],[-70.54461,-33.38267]]]}},{"type":"Feature","properties":{"ZONA":"U-V"},"geometry":{"type":"Polygon","coordinates":[[[-70.54384,-33.38352],[-70.5435,-33.38335],[-70.54403,-33.38247],[-70.5445,-33.38263],[-70.54384,-33.38352]]]}},{"type":"Feature","properties":{"ZONA":"U-V"},"geometry":{"type":"Polygon","coordinates":[[[-70.54606,-33.38307],[-70.54513,-33.38268],[-70.54542,-33.38224],[-70.54623,-33.38249],[-70.54606,-33.38307]]]}},{"type":"Feature","properties":{"ZONA":"U-V"},"geometry":{"type":"Polygon","coordinates":[[[-70.54451,-33.38249],[-70.54412,-33.38233],[-70.54443,-33.38184],[-70.54478,-33.38199],[-70.54451,-33.38249]]]}},{"type":"Feature","properties":{"ZONA":"U-V"},"geometry":{"type":"Polygon","coordinates":[[[-70.54029,-33.38372],[-70.5408,-33.38381],[-70.54047,-33.38434],[-70.53998,-33.38415],[-70.54029,-33.38372]]]}},{"type":"Feature","properties":{"ZONA":"U-V"},"geometry":{"type":"Polygon","coordinates":[[[-70.54153,-33.3836],[-70.54197,-33.38304],[-70.54321,-33.38352],[-70.54267,-33.38435],[-70.54049,-33.38344],[-70.54086,-33.38309],[-70.54153,-33.3836]]]}},{"type":"Feature","properties":{"ZONA":"U-V"},"geometry":{"type":"Polygon","coordinates":[[[-70.54152,-33.38343],[-70.54099,-33.38308],[-70.54136,-33.38273],[-70.54187,-33.38299],[-70.54152,-33.38343]]]}},{"type":"Feature","properties":{"ZONA":"U-V"},"geometry":{"type":"Polygon","coordinates":[[[-70.54244,-33.38248],[-70.54278,-33.38203],[-70.54387,-33.38241],[-70.54362,-33.38285],[-70.54316,-33.38263],[-70.54354,-33.38293],[-70.54327,-33.38341],[-70.54206,-33.38292],[-70.54244,-33.38248]]]}},{"type":"Feature","properties":{"ZONA":"U-V"},"geometry":{"type":"Polygon","coordinates":[[[-70.54189,-33.38286],[-70.54148,-33.38264],[-70.54185,-33.38213],[-70.54237,-33.3824],[-70.54189,-33.38286]]]}},{"type":"Feature","properties":{"ZONA":"U-V"},"geometry":{"type":"Polygon","coordinates":[[[-70.54192,-33.38206],[-70.54269,-33.38199],[-70.54244,-33.38232],[-70.54192,-33.38206]]]}},{"type":"Feature","properties":{"ZONA":"U-V"},"geometry":{"type":"Polygon","coordinates":[[[-70.54276,-33.38188],[-70.54223,-33.38167],[-70.54252,-33.38127],[-70.54305,-33.38153],[-70.54276,-33.38188]]]}},{"type":"Feature","properties":{"ZONA":"U PVO"},"geometry":{"type":"Polygon","coordinates":[[[-70.54267,-33.38124],[-70.5444,-33.38156],[-70.54374,-33.3814],[-70.54325,-33.38204],[-70.54287,-33.38192],[-70.54326,-33.38146],[-70.54267,-33.38124]]]}},{"type":"Feature","properties":{"ZONA":"U-V"},"geometry":{"type":"Polygon","coordinates":[[[-70.5436,-33.38175],[-70.54427,-33.38177],[-70.54394,-33.38229],[-70.54337,-33.38208],[-70.5436,-33.38175]]]}},{"type":"Feature","properties":{"ZONA":"U POCsz"},"geometry":{"type":"Polygon","coordinates":[[[-70.54921,-33.38238],[-70.54984,-33.38308],[-70.54857,-33.3826],[-70.54921,-33.38238]]]}},{"type":"Feature","properties":{"ZONA":"U-V"},"geometry":{"type":"Polygon","coordinates":[[[-70.54895,-33.38202],[-70.55026,-33.38223],[-70.55004,-33.38267],[-70.54895,-33.38202]]]}},{"type":"Feature","properties":{"ZONA":"U-V"},"geometry":{"type":"Polygon","coordinates":[[[-70.54882,-33.38072],[-70.54932,-33.38089],[-70.54911,-33.38147],[-70.54932,-33.38112],[-70.55057,-33.38159],[-70.55031,-33.38213],[-70.54845,-33.38167],[-70.54882,-33.38072]]]}},{"type":"Feature","properties":{"ZONA":"U PVEV"},"geometry":{"type":"Polygon","coordinates":[[[-70.5502,-33.38089],[-70.5502,-33.38136],[-70.54948,-33.38121],[-70.54962,-33.38067],[-70.5502,-33.38089]]]}},{"type":"Feature","properties":{"ZONA":"U-V"},"geometry":{"type":"Polygon","coordinates":[[[-70.54809,-33.37856],[-70.54887,-33.3755],[-70.55296,-33.37666],[-70.55234,-33.37795],[-70.55063,-33.37759],[-70.54809,-33.37856]]]}},{"type":"Feature","properties":{"ZONA":"U-V"},"geometry":{"type":"Polygon","coordinates":[[[-70.55116,-33.38042],[-70.55063,-33.38147],[-70.55075,-33.38058],[-70.54958,-33.38011],[-70.54943,-33.38076],[-70.54892,-33.38056],[-70.54939,-33.37964],[-70.54809,-33.37856],[-70.54956,-33.37982],[-70.55116,-33.38042]]]}},{"type":"Feature","properties":{"ZONA":"U-V"},"geometry":{"type":"Polygon","coordinates":[[[-70.54753,-33.38172],[-70.54641,-33.38131],[-70.5468,-33.38107],[-70.54773,-33.38146],[-70.54753,-33.38172]]]}},{"type":"Feature","properties":{"ZONA":"U POC"},"geometry":{"type":"Polygon","coordinates":[[[-70.547,-33.38201],[-70.54764,-33.38181],[-70.54754,-33.38222],[-70.547,-33.38201]]]}},{"type":"Feature","properties":{"ZONA":"U-V"},"geometry":{"type":"Polygon","coordinates":[[[-70.54628,-33.38121],[-70.54586,-33.38118],[-70.54656,-33.38099],[-70.54628,-33.38121]]]}},{"type":"Feature","properties":{"ZONA":"U-V"},"geometry":{"type":"Polygon","coordinates":[[[-70.54562,-33.38121],[-70.54557,-33.38068],[-70.54611,-33.38085],[-70.54562,-33.38121]]]}},{"type":"Feature","properties":{"ZONA":"U-V"},"geometry":{"type":"Polygon","coordinates":[[[-70.54481,-33.38053],[-70.54416,-33.38037],[-70.54422,-33.37989],[-70.54487,-33.38001],[-70.54481,-33.38053]]]}},{"type":"Feature","properties":{"ZONA":"U-V"},"geometry":{"type":"Polygon","coordinates":[[[-70.5433,-33.37821],[-70.54483,-33.37797],[-70.54431,-33.37837],[-70.54487,-33.37868],[-70.54423,-33.37874],[-70.54488,-33.37877],[-70.54492,-33.37936],[-70.54441,-33.37912],[-70.54441,-33.37947],[-70.54491,-33.37949],[-70.5449,-33.37996],[-70.54413,-33.37982],[-70.54407,-33.38033],[-70.54313,-33.37998],[-70.54317,-33.37953],[-70.54387,-33.37974],[-70.54394,-33.37849],[-70.5433,-33.37821]]]}},{"type":"Feature","properties":{"ZONA":"U-V"},"geometry":{"type":"Polygon","coordinates":[[[-70.54357,-33.37948],[-70.5432,-33.37936],[-70.54329,-33.37833],[-70.54377,-33.37852],[-70.54357,-33.37948]]]}},{"type":"Feature","properties":{"ZONA":"U-V"},"geometry":{"type":"Polygon","coordinates":[[[-70.54239,-33.3782],[-70.54316,-33.37811],[-70.54262,-33.37857],[-70.54309,-33.37887],[-70.54242,-33.37886],[-70.54304,-33.37925],[-70.54296,-33.38],[-70.54196,-33.37969],[-70.54201,-33.37935],[-70.54129,-33.37951],[-70.54116,-33.37822],[-70.54239,-33.3782]]]}},{"type":"Feature","properties":{"ZONA":"U-V"},"geometry":{"type":"Polygon","coordinates":[[[-70.54116,-33.37822],[-70.54296,-33.37723],[-70.54239,-33.3782],[-70.54116,-33.37822]]]}},{"type":"Feature","properties":{"ZONA":"U-V"},"geometry":{"type":"Polygon","coordinates":[[[-70.5426,-33.3775],[-70.54302,-33.37734],[-70.54318,-33.37799],[-70.54271,-33.37803],[-70.5426,-33.3775]]]}},{"type":"Feature","properties":{"ZONA":"U-V"},"geometry":{"type":"Polygon","coordinates":[[[-70.54312,-33.37737],[-70.54354,-33.37721],[-70.5437,-33.37791],[-70.54324,-33.37797],[-70.54312,-33.37737]]]}},{"type":"Feature","properties":{"ZONA":"U-V"},"geometry":{"type":"Polygon","coordinates":[[[-70.5438,-33.37785],[-70.54363,-33.37718],[-70.54423,-33.37718],[-70.54429,-33.3778],[-70.5438,-33.37785]]]}},{"type":"Feature","properties":{"ZONA":"U-V"},"geometry":{"type":"Polygon","coordinates":[[[-70.54433,-33.37718],[-70.54477,-33.37719],[-70.54481,-33.37778],[-70.54439,-33.37785],[-70.54433,-33.37718]]]}},{"type":"Feature","properties":{"ZONA":"U-V"},"geometry":{"type":"Polygon","coordinates":[[[-70.54433,-33.37642],[-70.54469,-33.37707],[-70.54301,-33.37711],[-70.54433,-33.37642]]]}},{"type":"Feature","properties":{"ZONA":"U-V"},"geometry":{"type":"Polygon","coordinates":[[[-70.5456,-33.38],[-70.54508,-33.37951],[-70.54613,-33.37973],[-70.5459,-33.38037],[-70.5462,-33.37976],[-70.54664,-33.37992],[-70.54645,-33.38055],[-70.54671,-33.37994],[-70.54716,-33.38009],[-70.54685,-33.3807],[-70.54724,-33.38013],[-70.54768,-33.38029],[-70.54747,-33.38093],[-70.54777,-33.38032],[-70.5482,-33.38048],[-70.54798,-33.38113],[-70.54827,-33.38052],[-70.5487,-33.38066],[-70.5483,-33.38161],[-70.54502,-33.38057],[-70.54506,-33.37998],[-70.5456,-33.38]]]}},{"type":"Feature","properties":{"ZONA":"U-V"},"geometry":{"type":"Polygon","coordinates":[[[-70.54835,-33.38038],[-70.5488,-33.37946],[-70.54919,-33.37969],[-70.54876,-33.38053],[-70.54835,-33.38038]]]}},{"type":"Feature","properties":{"ZONA":"U-V"},"geometry":{"type":"Polygon","coordinates":[[[-70.54818,-33.37954],[-70.54837,-33.37911],[-70.54876,-33.37935],[-70.54818,-33.37954]]]}},{"type":"Feature","properties":{"ZONA":"U-V"},"geometry":{"type":"Polygon","coordinates":[[[-70.54854,-33.37981],[-70.54825,-33.38037],[-70.54783,-33.38019],[-70.5481,-33.37964],[-70.54854,-33.37981]]]}},{"type":"Feature","properties":{"ZONA":"U-V"},"geometry":{"type":"Polygon","coordinates":[[[-70.54802,-33.37962],[-70.54775,-33.38018],[-70.54731,-33.38],[-70.54758,-33.37946],[-70.54802,-33.37962]]]}},{"type":"Feature","properties":{"ZONA":"U-V"},"geometry":{"type":"Polygon","coordinates":[[[-70.54763,-33.37935],[-70.5479,-33.37882],[-70.54831,-33.37902],[-70.54805,-33.3795],[-70.54763,-33.37935]]]}},{"type":"Feature","properties":{"ZONA":"U-V"},"geometry":{"type":"Polygon","coordinates":[[[-70.54703,-33.37931],[-70.54735,-33.37867],[-70.5478,-33.37883],[-70.54748,-33.37947],[-70.54703,-33.37931]]]}},{"type":"Feature","properties":{"ZONA":"U-V"},"geometry":{"type":"Polygon","coordinates":[[[-70.54662,-33.37897],[-70.54683,-33.37845],[-70.54728,-33.3786],[-70.54704,-33.37912],[-70.54662,-33.37897]]]}},{"type":"Feature","properties":{"ZONA":"U-V"},"geometry":{"type":"Polygon","coordinates":[[[-70.54697,-33.37927],[-70.54669,-33.37978],[-70.5463,-33.37964],[-70.54651,-33.37908],[-70.54697,-33.37927]]]}},{"type":"Feature","properties":{"ZONA":"U-V"},"geometry":{"type":"Polygon","coordinates":[[[-70.54643,-33.37905],[-70.5462,-33.3796],[-70.54578,-33.37946],[-70.54584,-33.37895],[-70.54643,-33.37905]]]}},{"type":"Feature","properties":{"ZONA":"U-V"},"geometry":{"type":"Polygon","coordinates":[[[-70.54607,-33.37877],[-70.5463,-33.37827],[-70.54677,-33.37842],[-70.54649,-33.37892],[-70.54607,-33.37877]]]}},{"type":"Feature","properties":{"ZONA":"U-V"},"geometry":{"type":"Polygon","coordinates":[[[-70.54499,-33.37726],[-70.54833,-33.37728],[-70.54824,-33.37759],[-70.54498,-33.37762],[-70.54499,-33.37726]]]}},{"type":"Feature","properties":{"ZONA":"U POCsz"},"geometry":{"type":"Polygon","coordinates":[[[-70.54064,-33.37933],[-70.54112,-33.37938],[-70.54107,-33.37977],[-70.54023,-33.37946],[-70.54064,-33.37933]]]}},{"type":"Feature","properties":{"ZONA":"U POC"},"geometry":{"type":"Polygon","coordinates":[[[-70.54011,-33.37847],[-70.54106,-33.37815],[-70.54112,-33.3793],[-70.54012,-33.37942],[-70.54011,-33.37847]]]}},{"type":"Feature","properties":{"ZONA":"U-V"},"geometry":{"type":"Polygon","coordinates":[[[-70.54012,-33.37942],[-70.53908,-33.37875],[-70.54011,-33.37847],[-70.54012,-33.37942]]]}},{"type":"Feature","properties":{"ZONA":"U-V"},"geometry":{"type":"Polygon","coordinates":[[[-70.53912,-33.38495],[-70.53782,-33.38426],[-70.53803,-33.38387],[-70.53941,-33.38455],[-70.53912,-33.38495]]]}},{"type":"Feature","properties":{"ZONA":"U-V"},"geometry":{"type":"Polygon","coordinates":[[[-70.53946,-33.38449],[-70.53814,-33.38379],[-70.53841,-33.38337],[-70.5398,-33.38406],[-70.53946,-33.38449]]]}},{"type":"Feature","properties":{"ZONA":"U-V"},"geometry":{"type":"Polygon","coordinates":[[[-70.53985,-33.38393],[-70.53854,-33.38323],[-70.53883,-33.3828],[-70.54017,-33.38352],[-70.53985,-33.38393]]]}},{"type":"Feature","properties":{"ZONA":"U-V"},"geometry":{"type":"Polygon","coordinates":[[[-70.53839,-33.38228],[-70.53871,-33.38189],[-70.53973,-33.38262],[-70.54025,-33.38205],[-70.5406,-33.38229],[-70.54015,-33.38288],[-70.54071,-33.383],[-70.54034,-33.3834],[-70.53839,-33.38228]]]}},{"type":"Feature","properties":{"ZONA":"U-V"},"geometry":{"type":"Polygon","coordinates":[[[-70.54077,-33.38294],[-70.5404,-33.38269],[-70.54068,-33.38234],[-70.54111,-33.3826],[-70.54077,-33.38294]]]}},{"type":"Feature","properties":{"ZONA":"U-V"},"geometry":{"type":"Polygon","coordinates":[[[-70.54079,-33.38223],[-70.54113,-33.38175],[-70.54165,-33.38201],[-70.54126,-33.38249],[-70.54079,-33.38223]]]}},{"type":"Feature","properties":{"ZONA":"U-V"},"geometry":{"type":"Polygon","coordinates":[[[-70.54053,-33.38207],[-70.54132,-33.38102],[-70.54199,-33.38155],[-70.5417,-33.38195],[-70.54124,-33.3817],[-70.5414,-33.38127],[-70.54053,-33.38207]]]}},{"type":"Feature","properties":{"ZONA":"U-V"},"geometry":{"type":"Polygon","coordinates":[[[-70.54075,-33.38031],[-70.53982,-33.38163],[-70.53943,-33.38141],[-70.54003,-33.38071],[-70.53931,-33.38132],[-70.53889,-33.38111],[-70.53997,-33.38004],[-70.54075,-33.38031]]]}},{"type":"Feature","properties":{"ZONA":"U POC"},"geometry":{"type":"Polygon","coordinates":[[[-70.53997,-33.38004],[-70.5402,-33.37974],[-70.54095,-33.38002],[-70.53997,-33.38004]]]}},{"type":"Feature","properties":{"ZONA":"U-V"},"geometry":{"type":"Polygon","coordinates":[[[-70.53852,-33.38166],[-70.53755,-33.38111],[-70.53787,-33.3807],[-70.53885,-33.38125],[-70.53852,-33.38166]]]}},{"type":"Feature","properties":{"ZONA":"U-V"},"geometry":{"type":"Polygon","coordinates":[[[-70.53937,-33.38001],[-70.53874,-33.38098],[-70.53803,-33.38062],[-70.53863,-33.37978],[-70.53937,-33.38001]]]}},{"type":"Feature","properties":{"ZONA":"U POC"},"geometry":{"type":"MultiPolygon","coordinates":[[[[-70.53786,-33.37959],[-70.53848,-33.37962],[-70.53757,-33.38037],[-70.53786,-33.37959]]]]}},{"type":"Feature","properties":{"ZONA":"U-V"},"geometry":{"type":"Polygon","coordinates":[[[-70.53848,-33.37962],[-70.53912,-33.37967],[-70.53782,-33.38051],[-70.53848,-33.37962]]]}},{"type":"Feature","properties":{"ZONA":"U-V"},"geometry":{"type":"Polygon","coordinates":[[[-70.53556,-33.38322],[-70.53759,-33.38429],[-70.53709,-33.38489],[-70.53495,-33.38398],[-70.53556,-33.38322]]]}},{"type":"Feature","properties":{"ZONA":"U-V"},"geometry":{"type":"Polygon","coordinates":[[[-70.53763,-33.38416],[-70.5368,-33.38372],[-70.53705,-33.38335],[-70.53793,-33.3838],[-70.53763,-33.38416]]]}},{"type":"Feature","properties":{"ZONA":"U-V"},"geometry":{"type":"Polygon","coordinates":[[[-70.53798,-33.38371],[-70.53716,-33.38327],[-70.53743,-33.38284],[-70.53832,-33.38327],[-70.53798,-33.38371]]]}},{"type":"Feature","properties":{"ZONA":"U-V"},"geometry":{"type":"Polygon","coordinates":[[[-70.53574,-33.38298],[-70.53631,-33.3822],[-70.53596,-33.38296],[-70.53735,-33.38276],[-70.53668,-33.38367],[-70.53574,-33.38298]]]}},{"type":"Feature","properties":{"ZONA":"U-V"},"geometry":{"type":"Polygon","coordinates":[[[-70.53645,-33.38291],[-70.53616,-33.38277],[-70.53653,-33.38231],[-70.53682,-33.38251],[-70.53645,-33.38291]]]}},{"type":"Feature","properties":{"ZONA":"U POC"},"geometry":{"type":"Polygon","coordinates":[[[-70.53603,-33.38205],[-70.53631,-33.3822],[-70.53536,-33.38297],[-70.53603,-33.38205]]]}},{"type":"Feature","properties":{"ZONA":"U-V"},"geometry":{"type":"Polygon","coordinates":[[[-70.53646,-33.38213],[-70.53684,-33.38163],[-70.53744,-33.38198],[-70.5371,-33.38245],[-70.53646,-33.38213]]]}},{"type":"Feature","properties":{"ZONA":"U POC"},"geometry":{"type":"Polygon","coordinates":[[[-70.53612,-33.38194],[-70.53669,-33.38155],[-70.53646,-33.38213],[-70.53612,-33.38194]]]}},{"type":"Feature","properties":{"ZONA":"U POCsz"},"geometry":{"type":"Polygon","coordinates":[[[-70.53729,-33.38037],[-70.53765,-33.38063],[-70.53683,-33.38141],[-70.53729,-33.38037]]]}},{"type":"Feature","properties":{"ZONA":"U-V"},"geometry":{"type":"Polygon","coordinates":[[[-70.52997,-33.37827],[-70.53082,-33.37868],[-70.53145,-33.37814],[-70.53411,-33.38023],[-70.53337,-33.38113],[-70.5342,-33.38029],[-70.5348,-33.38058],[-70.53404,-33.38167],[-70.53492,-33.38064],[-70.53548,-33.38091],[-70.53443,-33.38236],[-70.53152,-33.38025],[-70.5315,-33.37971],[-70.52997,-33.37827]]]}},{"type":"Feature","properties":{"ZONA":"U POC"},"geometry":{"type":"Polygon","coordinates":[[[-70.53474,-33.38312],[-70.53433,-33.38271],[-70.53463,-33.3825],[-70.53506,-33.38289],[-70.53474,-33.38312]]]}},{"type":"Feature","properties":{"ZONA":"U PCsz"},"geometry":{"type":"Polygon","coordinates":[[[-70.53463,-33.3825],[-70.53433,-33.38271],[-70.53474,-33.38312],[-70.53362,-33.38317],[-70.52914,-33.3788],[-70.52997,-33.37827],[-70.5315,-33.37971],[-70.53152,-33.38025],[-70.53463,-33.3825]]]}},{"type":"Feature","properties":{"ZONA":"U POC"},"geometry":{"type":"Polygon","coordinates":[[[-70.53474,-33.38193],[-70.53548,-33.38091],[-70.53621,-33.38128],[-70.53549,-33.38229],[-70.53474,-33.38193]]]}},{"type":"Feature","properties":{"ZONA":"U PVO"},"geometry":{"type":"Polygon","coordinates":[[[-70.5185,-33.37154],[-70.51906,-33.37099],[-70.52512,-33.37338],[-70.52675,-33.3747],[-70.52603,-33.37576],[-70.52336,-33.3742],[-70.5237,-33.37368],[-70.52163,-33.37278],[-70.52142,-33.37312],[-70.5185,-33.37154]]]}},{"type":"Feature","properties":{"ZONA":"U POC"},"geometry":{"type":"Polygon","coordinates":[[[-70.53679,-33.37909],[-70.53722,-33.37984],[-70.53659,-33.38082],[-70.53555,-33.38074],[-70.53679,-33.37909]]]}},{"type":"Feature","properties":{"ZONA":"U PCsz"},"geometry":{"type":"Polygon","coordinates":[[[-70.52948,-33.37836],[-70.52898,-33.37865],[-70.52603,-33.37616],[-70.5263,-33.37575],[-70.52834,-33.37688],[-70.52948,-33.37836]]]}},{"type":"Feature","properties":{"ZONA":"U-V"},"geometry":{"type":"Polygon","coordinates":[[[-70.52744,-33.37644],[-70.52828,-33.3756],[-70.52857,-33.37585],[-70.52791,-33.37638],[-70.5298,-33.37816],[-70.52948,-33.37836],[-70.52744,-33.37644]]]}},{"type":"Feature","properties":{"ZONA":"U-V"},"geometry":{"type":"Polygon","coordinates":[[[-70.53031,-33.37805],[-70.53085,-33.37765],[-70.53135,-33.37807],[-70.53077,-33.37845],[-70.53031,-33.37805]]]}},{"type":"Feature","properties":{"ZONA":"U-V"},"geometry":{"type":"Polygon","coordinates":[[[-70.53877,-33.3818],[-70.5391,-33.38139],[-70.54012,-33.38195],[-70.53979,-33.38237],[-70.53877,-33.3818]]]}},{"type":"Feature","properties":{"ZONA":"U-V"},"geometry":{"type":"Polygon","coordinates":[[[-70.5371,-33.38133],[-70.53768,-33.38059],[-70.53721,-33.3813],[-70.53845,-33.38177],[-70.53813,-33.38214],[-70.5371,-33.38133]]]}},{"type":"Feature","properties":{"ZONA":"U-V"},"geometry":{"type":"Polygon","coordinates":[[[-70.54482,-33.37695],[-70.5445,-33.37632],[-70.54548,-33.37584],[-70.54877,-33.37547],[-70.54841,-33.37691],[-70.54482,-33.37695]]]}},{"type":"Feature","properties":{"ZONA":"U-V"},"geometry":{"type":"Polygon","coordinates":[[[-70.55342,-33.3744],[-70.55498,-33.37325],[-70.56087,-33.37229],[-70.56093,-33.37482],[-70.55762,-33.37501],[-70.561,-33.37518],[-70.5597,-33.37537],[-70.55966,-33.37497],[-70.55665,-33.3749],[-70.55661,-33.37451],[-70.55403,-33.37506],[-70.55348,-33.375],[-70.55342,-33.3744]]]}},{"type":"Feature","properties":{"ZONA":"U-V"},"geometry":{"type":"Polygon","coordinates":[[[-70.55054,-33.37374],[-70.55159,-33.37366],[-70.55249,-33.37418],[-70.5518,-33.37441],[-70.55054,-33.37374]]]}},{"type":"Feature","properties":{"ZONA":"U-V"},"geometry":{"type":"Polygon","coordinates":[[[-70.56089,-33.36711],[-70.56131,-33.36753],[-70.56405,-33.36761],[-70.56135,-33.36742],[-70.56022,-33.36626],[-70.56305,-33.36603],[-70.56571,-33.36666],[-70.56598,-33.36955],[-70.56492,-33.37002],[-70.56526,-33.37148],[-70.56455,-33.37227],[-70.56544,-33.37289],[-70.56689,-33.37285],[-70.56716,-33.37342],[-70.56592,-33.3739],[-70.56458,-33.3734],[-70.56577,-33.37391],[-70.56406,-33.37438],[-70.56102,-33.37374],[-70.56094,-33.37334],[-70.56234,-33.37341],[-70.56092,-33.37325],[-70.56225,-33.37087],[-70.56179,-33.37031],[-70.56077,-33.37044],[-70.56101,-33.36942],[-70.56042,-33.36803],[-70.56089,-33.36711]]]}},{"type":"Feature","properties":{"ZONA":"U-V"},"geometry":{"type":"Polygon","coordinates":[[[-70.55738,-33.36921],[-70.55599,-33.36843],[-70.55652,-33.36766],[-70.55955,-33.36711],[-70.55859,-33.36751],[-70.55823,-33.3688],[-70.55738,-33.36921]]]}},{"type":"Feature","properties":{"ZONA":"U-V"},"geometry":{"type":"Polygon","coordinates":[[[-70.56071,-33.36937],[-70.56062,-33.37046],[-70.55833,-33.37037],[-70.56006,-33.3701],[-70.56071,-33.36937]]]}},{"type":"Feature","properties":{"ZONA":"U-V"},"geometry":{"type":"Polygon","coordinates":[[[-70.5507,-33.36155],[-70.55202,-33.36042],[-70.55654,-33.36223],[-70.55811,-33.36376],[-70.559,-33.36374],[-70.55816,-33.3641],[-70.55598,-33.36337],[-70.55346,-33.36322],[-70.5507,-33.36155]]]}},{"type":"Feature","properties":{"ZONA":"U-V"},"geometry":{"type":"Polygon","coordinates":[[[-70.55352,-33.36092],[-70.55691,-33.36206],[-70.55853,-33.36207],[-70.55731,-33.36264],[-70.55352,-33.36092]]]}},{"type":"Feature","properties":{"ZONA":"U-V"},"geometry":{"type":"Polygon","coordinates":[[[-70.55197,-33.36914],[-70.54987,-33.36867],[-70.54998,-33.36718],[-70.55235,-33.36748],[-70.55278,-33.3683],[-70.55197,-33.36914]]]}},{"type":"Feature","properties":{"ZONA":"U-V"},"geometry":{"type":"Polygon","coordinates":[[[-70.55594,-33.37055],[-70.55252,-33.36753],[-70.55698,-33.36905],[-70.55729,-33.3698],[-70.55594,-33.37055]]]}},{"type":"Feature","properties":{"ZONA":"U-V"},"geometry":{"type":"Polygon","coordinates":[[[-70.55012,-33.37205],[-70.55251,-33.37218],[-70.55305,-33.3728],[-70.55263,-33.37215],[-70.55327,-33.37159],[-70.55313,-33.37105],[-70.55038,-33.37021],[-70.54953,-33.3694],[-70.54982,-33.36879],[-70.55227,-33.36926],[-70.55293,-33.36835],[-70.55593,-33.37069],[-70.55733,-33.36993],[-70.55825,-33.37058],[-70.56166,-33.37052],[-70.56197,-33.37086],[-70.56098,-33.37219],[-70.55571,-33.373],[-70.55485,-33.37288],[-70.55489,-33.3723],[-70.55476,-33.37289],[-70.55551,-33.37303],[-70.55401,-33.37362],[-70.55324,-33.37292],[-70.55053,-33.37302],[-70.55012,-33.37205]]]}},{"type":"Feature","properties":{"ZONA":"U-V"},"geometry":{"type":"Polygon","coordinates":[[[-70.54463,-33.36723],[-70.54755,-33.36742],[-70.54783,-33.36898],[-70.54943,-33.36953],[-70.55046,-33.37123],[-70.55174,-33.37148],[-70.55049,-33.3711],[-70.55036,-33.37037],[-70.55268,-33.37093],[-70.55307,-33.37166],[-70.55077,-33.37215],[-70.54817,-33.37061],[-70.54621,-33.37024],[-70.54733,-33.37233],[-70.54669,-33.37336],[-70.54523,-33.37376],[-70.54463,-33.37307],[-70.54534,-33.37163],[-70.5447,-33.36968],[-70.54463,-33.36884],[-70.54507,-33.36881],[-70.54463,-33.36723]]]}},{"type":"Feature","properties":{"ZONA":"U PVO"},"geometry":{"type":"Polygon","coordinates":[[[-70.54523,-33.37376],[-70.54645,-33.37343],[-70.54656,-33.37413],[-70.54408,-33.37476],[-70.54029,-33.37656],[-70.5389,-33.37627],[-70.54032,-33.37524],[-70.5423,-33.37497],[-70.5444,-33.37332],[-70.54523,-33.37376]]]}},{"type":"Feature","properties":{"ZONA":"U POC"},"geometry":{"type":"Polygon","coordinates":[[[-70.54857,-33.37188],[-70.54904,-33.37335],[-70.54806,-33.37338],[-70.54906,-33.37358],[-70.54908,-33.37417],[-70.54656,-33.37413],[-70.54645,-33.37343],[-70.54733,-33.37233],[-70.54694,-33.37147],[-70.54857,-33.37188]]]}},{"type":"Feature","properties":{"ZONA":"U PVEV"},"geometry":{"type":"Polygon","coordinates":[[[-70.54694,-33.37147],[-70.54621,-33.37024],[-70.54901,-33.37111],[-70.54814,-33.37124],[-70.54857,-33.37188],[-70.54694,-33.37147]]]}},{"type":"Feature","properties":{"ZONA":"U PVO"},"geometry":{"type":"Polygon","coordinates":[[[-70.54463,-33.36884],[-70.54463,-33.36723],[-70.54507,-33.36881],[-70.54463,-33.36884]]]}},{"type":"Feature","properties":{"ZONA":"U-V"},"geometry":{"type":"Polygon","coordinates":[[[-70.54297,-33.36871],[-70.54415,-33.36762],[-70.54499,-33.37158],[-70.54443,-33.37284],[-70.54228,-33.37127],[-70.54323,-33.37049],[-70.54297,-33.36871]]]}},{"type":"Feature","properties":{"ZONA":"U-V"},"geometry":{"type":"Polygon","coordinates":[[[-70.54038,-33.37492],[-70.54,-33.37326],[-70.54029,-33.3723],[-70.54137,-33.37248],[-70.54261,-33.37182],[-70.54418,-33.37311],[-70.54191,-33.37484],[-70.54038,-33.37492]]]}},{"type":"Feature","properties":{"ZONA":"U-V"},"geometry":{"type":"Polygon","coordinates":[[[-70.52533,-33.37176],[-70.52582,-33.37101],[-70.52641,-33.37098],[-70.53015,-33.37178],[-70.5292,-33.37342],[-70.53059,-33.37212],[-70.53096,-33.37258],[-70.53191,-33.37197],[-70.53229,-33.37422],[-70.53348,-33.37222],[-70.53444,-33.37309],[-70.53342,-33.37498],[-70.53495,-33.37329],[-70.53589,-33.37325],[-70.53662,-33.37549],[-70.53699,-33.37534],[-70.53717,-33.3732],[-70.53801,-33.37352],[-70.53914,-33.37244],[-70.53971,-33.373],[-70.53999,-33.37509],[-70.53567,-33.37647],[-70.53031,-33.37457],[-70.52533,-33.37176]]]}},{"type":"Feature","properties":{"ZONA":"U-V"},"geometry":{"type":"Polygon","coordinates":[[[-70.53235,-33.373],[-70.53251,-33.37201],[-70.53284,-33.37279],[-70.53235,-33.373]]]}},{"type":"Feature","properties":{"ZONA":"U-V"},"geometry":{"type":"Polygon","coordinates":[[[-70.52993,-33.37809],[-70.52826,-33.37633],[-70.52868,-33.37591],[-70.53065,-33.37755],[-70.52993,-33.37809]]]}},{"type":"Feature","properties":{"ZONA":"U-V"},"geometry":{"type":"Polygon","coordinates":[[[-70.55147,-33.37346],[-70.55324,-33.37319],[-70.55246,-33.37395],[-70.55147,-33.37346]]]}},{"type":"Feature","properties":{"ZONA":"U-V"},"geometry":{"type":"Polygon","coordinates":[[[-70.55023,-33.37333],[-70.54835,-33.37125],[-70.54911,-33.37128],[-70.55023,-33.37333]]]}},{"type":"Feature","properties":{"ZONA":"U-V"},"geometry":{"type":"Polygon","coordinates":[[[-70.58692,-33.38426],[-70.58767,-33.3839],[-70.58846,-33.38416],[-70.58458,-33.3864],[-70.58345,-33.38562],[-70.58544,-33.38408],[-70.586,-33.38421],[-70.58591,-33.38471],[-70.58611,-33.38422],[-70.58692,-33.38426]]]}},{"type":"Feature","properties":{"ZONA":"U-V"},"geometry":{"type":"Polygon","coordinates":[[[-70.58681,-33.38424],[-70.58547,-33.38395],[-70.58563,-33.38342],[-70.58747,-33.38384],[-70.58681,-33.38424]]]}},{"type":"Feature","properties":{"ZONA":"U-V"},"geometry":{"type":"Polygon","coordinates":[[[-70.59053,-33.39853],[-70.59087,-33.3978],[-70.59135,-33.39795],[-70.59158,-33.39896],[-70.59053,-33.39853]]]}},{"type":"Feature","properties":{"ZONA":"U-V"},"geometry":{"type":"Polygon","coordinates":[[[-70.54466,-33.38719],[-70.54489,-33.38673],[-70.54526,-33.3868],[-70.54509,-33.38717],[-70.54533,-33.38683],[-70.54597,-33.3871],[-70.54507,-33.38825],[-70.54542,-33.38744],[-70.54466,-33.38719]]]}},{"type":"Feature","properties":{"ZONA":"U-V"},"geometry":{"type":"Polygon","coordinates":[[[-70.56261,-33.38337],[-70.56312,-33.38421],[-70.56279,-33.38439],[-70.56244,-33.38386],[-70.56265,-33.38449],[-70.56219,-33.3847],[-70.56144,-33.38392],[-70.56261,-33.38337]]]}},{"type":"Feature","properties":{"ZONA":"U PC"},"geometry":{"type":"Polygon","coordinates":[[[-70.55125,-33.38327],[-70.54998,-33.38314],[-70.55013,-33.38284],[-70.55125,-33.38327]]]}},{"type":"Feature","properties":{"ZONA":"U-V"},"geometry":{"type":"Polygon","coordinates":[[[-70.5568,-33.38746],[-70.5565,-33.38885],[-70.55598,-33.38863],[-70.55623,-33.38736],[-70.5568,-33.38746]]]}},{"type":"Feature","properties":{"ZONA":"U-V"},"geometry":{"type":"Polygon","coordinates":[[[-70.58372,-33.39022],[-70.58232,-33.38807],[-70.58279,-33.38745],[-70.58446,-33.3897],[-70.58372,-33.39022]]]}},{"type":"Feature","properties":{"ZONA":"U-V"},"geometry":{"type":"Polygon","coordinates":[[[-70.56158,-33.39129],[-70.56141,-33.39163],[-70.55957,-33.39089],[-70.55979,-33.39045],[-70.56158,-33.39129]]]}},{"type":"Feature","properties":{"ZONA":"U-V"},"geometry":{"type":"Polygon","coordinates":[[[-70.5704,-33.38763],[-70.57065,-33.38723],[-70.57078,-33.38764],[-70.5704,-33.38763]]]}},{"type":"Feature","properties":{"ZONA":"U-V"},"geometry":{"type":"Polygon","coordinates":[[[-70.55497,-33.36808],[-70.54995,-33.36695],[-70.55056,-33.36445],[-70.55427,-33.3663],[-70.55715,-33.36712],[-70.55577,-33.36838],[-70.55497,-33.36808]]]}},{"type":"Feature","properties":{"ZONA":"U-V"},"geometry":{"type":"Polygon","coordinates":[[[-70.57742,-33.36293],[-70.57545,-33.36305],[-70.5766,-33.36222],[-70.57742,-33.36293]]]}},{"type":"Feature","properties":{"ZONA":"U-V"},"geometry":{"type":"Polygon","coordinates":[[[-70.56606,-33.36434],[-70.56723,-33.36625],[-70.56724,-33.36729],[-70.56629,-33.36642],[-70.56576,-33.3665],[-70.56606,-33.36434]]]}},{"type":"Feature","properties":{"ZONA":"U POC"},"geometry":{"type":"Polygon","coordinates":[[[-70.59162,-33.38326],[-70.59482,-33.38013],[-70.59686,-33.38181],[-70.59351,-33.38477],[-70.59162,-33.38326]]]}},{"type":"Feature","properties":{"ZONA":"U PVEV"},"geometry":{"type":"MultiPolygon","coordinates":[[[[-70.58235,-33.37885],[-70.58226,-33.37929],[-70.57721,-33.37876],[-70.57773,-33.37764],[-70.57974,-33.3778],[-70.57967,-33.37864],[-70.58235,-33.37885]]]]}},{"type":"Feature","properties":{"ZONA":"U PVEV"},"geometry":{"type":"Polygon","coordinates":[[[-70.57423,-33.37663],[-70.57433,-33.37625],[-70.57563,-33.37666],[-70.57554,-33.37705],[-70.57502,-33.37697],[-70.57488,-33.37817],[-70.57394,-33.37792],[-70.57423,-33.37663]]]}},{"type":"Feature","properties":{"ZONA":"U PVEV"},"geometry":{"type":"Polygon","coordinates":[[[-70.56848,-33.3762],[-70.56839,-33.37676],[-70.5676,-33.37666],[-70.5677,-33.37611],[-70.56848,-33.3762]]]}},{"type":"Feature","properties":{"ZONA":"U PVEV"},"geometry":{"type":"Polygon","coordinates":[[[-70.56282,-33.37487],[-70.5632,-33.37478],[-70.56328,-33.37553],[-70.56374,-33.37571],[-70.5629,-33.37568],[-70.56282,-33.37487]]]}},{"type":"Feature","properties":{"ZONA":"U PVEV"},"geometry":{"type":"Polygon","coordinates":[[[-70.56217,-33.37572],[-70.56238,-33.37503],[-70.56283,-33.37568],[-70.56217,-33.37572]]]}},{"type":"Feature","properties":{"ZONA":"U PVEV"},"geometry":{"type":"MultiPolygon","coordinates":[[[[-70.56101,-33.37523],[-70.56098,-33.37572],[-70.55905,-33.37567],[-70.55505,-33.37553],[-70.55348,-33.375],[-70.55661,-33.37451],[-70.55665,-33.3749],[-70.56101,-33.37523]]]]}},{"type":"Feature","properties":{"ZONA":"U PVEV"},"geometry":{"type":"Polygon","coordinates":[[[-70.54936,-33.37299],[-70.55054,-33.37393],[-70.55138,-33.37389],[-70.55141,-33.3744],[-70.55311,-33.37444],[-70.55325,-33.37534],[-70.54942,-33.3742],[-70.54936,-33.37299]]]}},{"type":"Feature","properties":{"ZONA":"U PCsz"},"geometry":{"type":"Polygon","coordinates":[[[-70.51842,-33.37165],[-70.5237,-33.37368],[-70.52336,-33.3742],[-70.52603,-33.37576],[-70.5258,-33.37605],[-70.5178,-33.37257],[-70.51842,-33.37165]]]}},{"type":"Feature","properties":{"ZONA":"U-V"},"geometry":{"type":"Polygon","coordinates":[[[-70.53372,-33.37854],[-70.53301,-33.37921],[-70.53175,-33.37814],[-70.53372,-33.37854]]]}},{"type":"Feature","properties":{"ZONA":"U-V"},"geometry":{"type":"MultiPolygon","coordinates":[[[[-70.53695,-33.37822],[-70.53733,-33.37894],[-70.5351,-33.37868],[-70.53123,-33.37714],[-70.53695,-33.37822]]]]}},{"type":"Feature","properties":{"ZONA":"U POCsz"},"geometry":{"type":"Polygon","coordinates":[[[-70.53578,-33.38085],[-70.53602,-33.38053],[-70.53659,-33.38082],[-70.53578,-33.38085]]]}},{"type":"Feature","properties":{"ZONA":"U-V"},"geometry":{"type":"Polygon","coordinates":[[[-70.54054,-33.38543],[-70.5409,-33.38561],[-70.54051,-33.38596],[-70.54054,-33.38543]]]}},{"type":"Feature","properties":{"ZONA":"U POC"},"geometry":{"type":"Polygon","coordinates":[[[-70.53932,-33.38589],[-70.53885,-33.38562],[-70.54141,-33.38646],[-70.53932,-33.38589]]]}},{"type":"Feature","properties":{"ZONA":"U POC"},"geometry":{"type":"Polygon","coordinates":[[[-70.54232,-33.38671],[-70.54212,-33.38706],[-70.54142,-33.38677],[-70.54161,-33.38644],[-70.54232,-33.38671]]]}},{"type":"Feature","properties":{"ZONA":"U POCsz"},"geometry":{"type":"Polygon","coordinates":[[[-70.54304,-33.38743],[-70.54325,-33.38706],[-70.54387,-33.38752],[-70.54304,-33.38743]]]}},{"type":"Feature","properties":{"ZONA":"U POC"},"geometry":{"type":"Polygon","coordinates":[[[-70.54946,-33.38619],[-70.54882,-33.3881],[-70.54849,-33.38801],[-70.54946,-33.38619]]]}},{"type":"Feature","properties":{"ZONA":"U POCsz"},"geometry":{"type":"Polygon","coordinates":[[[-70.54984,-33.38527],[-70.55016,-33.38538],[-70.54977,-33.38611],[-70.54938,-33.38596],[-70.54984,-33.38527]]]}},{"type":"Feature","properties":{"ZONA":"U POCsz"},"geometry":{"type":"Polygon","coordinates":[[[-70.55026,-33.38459],[-70.55058,-33.38454],[-70.55022,-33.38526],[-70.55026,-33.38459]]]}},{"type":"Feature","properties":{"ZONA":"U PVO"},"geometry":{"type":"Polygon","coordinates":[[[-70.54974,-33.38398],[-70.5505,-33.38412],[-70.54983,-33.38453],[-70.55026,-33.38459],[-70.55004,-33.3852],[-70.5491,-33.38483],[-70.54974,-33.38398]]]}},{"type":"Feature","properties":{"ZONA":"U-V"},"geometry":{"type":"Polygon","coordinates":[[[-70.54813,-33.38422],[-70.54855,-33.38334],[-70.54865,-33.38382],[-70.54964,-33.38419],[-70.54932,-33.38475],[-70.54936,-33.38436],[-70.54813,-33.38422]]]}},{"type":"Feature","properties":{"ZONA":"U-V"},"geometry":{"type":"Polygon","coordinates":[[[-70.54789,-33.38319],[-70.54846,-33.38332],[-70.54793,-33.38436],[-70.54751,-33.3842],[-70.54789,-33.38319]]]}},{"type":"Feature","properties":{"ZONA":"U POCsz"},"geometry":{"type":"Polygon","coordinates":[[[-70.54749,-33.38273],[-70.54802,-33.38269],[-70.54785,-33.38302],[-70.54749,-33.38273]]]}},{"type":"Feature","properties":{"ZONA":"U POC"},"geometry":{"type":"Polygon","coordinates":[[[-70.54692,-33.38253],[-70.54658,-33.38214],[-70.54734,-33.38245],[-70.54692,-33.38253]]]}},{"type":"Feature","properties":{"ZONA":"U-V"},"geometry":{"type":"Polygon","coordinates":[[[-70.5453,-33.38224],[-70.54463,-33.38253],[-70.54488,-33.38201],[-70.5453,-33.38224]]]}},{"type":"Feature","properties":{"ZONA":"U POCsz"},"geometry":{"type":"Polygon","coordinates":[[[-70.54267,-33.38124],[-70.5429,-33.38075],[-70.54451,-33.38137],[-70.54267,-33.38124]]]}},{"type":"Feature","properties":{"ZONA":"U POC"},"geometry":{"type":"Polygon","coordinates":[[[-70.54199,-33.38043],[-70.54162,-33.38104],[-70.54108,-33.38028],[-70.54199,-33.38043]]]}},{"type":"Feature","properties":{"ZONA":"U POCsz"},"geometry":{"type":"MultiPolygon","coordinates":[[[[-70.54266,-33.38068],[-70.54176,-33.38082],[-70.542,-33.38041],[-70.54266,-33.38068]]]]}},{"type":"Feature","properties":{"ZONA":"U-V"},"geometry":{"type":"Polygon","coordinates":[[[-70.54162,-33.38104],[-70.54236,-33.38108],[-70.54208,-33.38143],[-70.54162,-33.38104]]]}},{"type":"Feature","properties":{"ZONA":"U POC"},"geometry":{"type":"Polygon","coordinates":[[[-70.5394,-33.37943],[-70.54001,-33.37967],[-70.53976,-33.38],[-70.53939,-33.38001],[-70.5394,-33.37943]]]}},{"type":"Feature","properties":{"ZONA":"U POC"},"geometry":{"type":"Polygon","coordinates":[[[-70.5422,-33.37975],[-70.54296,-33.38],[-70.5429,-33.38046],[-70.5419,-33.38009],[-70.5422,-33.37975]]]}},{"type":"Feature","properties":{"ZONA":"U POCsz"},"geometry":{"type":"Polygon","coordinates":[[[-70.5448,-33.38082],[-70.54464,-33.38111],[-70.54307,-33.38034],[-70.5448,-33.38082]]]}},{"type":"Feature","properties":{"ZONA":"U POC"},"geometry":{"type":"Polygon","coordinates":[[[-70.54551,-33.38125],[-70.54478,-33.38116],[-70.54499,-33.3808],[-70.54551,-33.38125]]]}},{"type":"Feature","properties":{"ZONA":"U POCsz"},"geometry":{"type":"MultiPolygon","coordinates":[[[[-70.54637,-33.38125],[-70.54606,-33.38165],[-70.54548,-33.38143],[-70.54637,-33.38125]]]]}},{"type":"Feature","properties":{"ZONA":"U-V"},"geometry":{"type":"Polygon","coordinates":[[[-70.54396,-33.38733],[-70.54325,-33.38706],[-70.54369,-33.38644],[-70.5443,-33.38663],[-70.54396,-33.38733]]]}},{"type":"Feature","properties":{"ZONA":"U-V"},"geometry":{"type":"Polygon","coordinates":[[[-70.55636,-33.3844],[-70.5563,-33.3848],[-70.55539,-33.38463],[-70.55548,-33.3842],[-70.55636,-33.3844]]]}},{"type":"Feature","properties":{"ZONA":"U POC"},"geometry":{"type":"Polygon","coordinates":[[[-70.55625,-33.38511],[-70.55486,-33.38472],[-70.5551,-33.38406],[-70.55519,-33.38462],[-70.55625,-33.38511]]]}},{"type":"Feature","properties":{"ZONA":"U PVO"},"geometry":{"type":"Polygon","coordinates":[[[-70.55679,-33.38506],[-70.55682,-33.38468],[-70.55765,-33.3847],[-70.55679,-33.38506]]]}},{"type":"Feature","properties":{"ZONA":"U-V"},"geometry":{"type":"Polygon","coordinates":[[[-70.55902,-33.38442],[-70.55896,-33.38492],[-70.55843,-33.38489],[-70.55848,-33.38436],[-70.55902,-33.38442]]]}},{"type":"Feature","properties":{"ZONA":"U-V"},"geometry":{"type":"Polygon","coordinates":[[[-70.55777,-33.38482],[-70.55837,-33.38436],[-70.5583,-33.38487],[-70.55777,-33.38482]]]}},{"type":"Feature","properties":{"ZONA":"U PVO"},"geometry":{"type":"Polygon","coordinates":[[[-70.55801,-33.38492],[-70.5589,-33.38535],[-70.55773,-33.38509],[-70.55801,-33.38492]]]}},{"type":"Feature","properties":{"ZONA":"U-V"},"geometry":{"type":"Polygon","coordinates":[[[-70.56103,-33.38464],[-70.56097,-33.38512],[-70.56043,-33.38513],[-70.56053,-33.38459],[-70.56103,-33.38464]]]}},{"type":"Feature","properties":{"ZONA":"U-V"},"geometry":{"type":"Polygon","coordinates":[[[-70.56035,-33.38501],[-70.55978,-33.38495],[-70.55983,-33.38453],[-70.56037,-33.38456],[-70.56035,-33.38501]]]}},{"type":"Feature","properties":{"ZONA":"U-V"},"geometry":{"type":"Polygon","coordinates":[[[-70.55967,-33.3849],[-70.55915,-33.38484],[-70.5592,-33.38446],[-70.55971,-33.3845],[-70.55967,-33.3849]]]}},{"type":"Feature","properties":{"ZONA":"U PC"},"geometry":{"type":"Polygon","coordinates":[[[-70.55906,-33.38542],[-70.5599,-33.38535],[-70.55985,-33.38567],[-70.55906,-33.38542]]]}},{"type":"Feature","properties":{"ZONA":"U PC"},"geometry":{"type":"Polygon","coordinates":[[[-70.55757,-33.38546],[-70.55773,-33.38509],[-70.5589,-33.38535],[-70.55757,-33.38546]]]}},{"type":"Feature","properties":{"ZONA":"U PC"},"geometry":{"type":"Polygon","coordinates":[[[-70.56091,-33.38557],[-70.56171,-33.38591],[-70.56007,-33.38573],[-70.56013,-33.38536],[-70.56091,-33.38557]]]}},{"type":"Feature","properties":{"ZONA":"U PVO"},"geometry":{"type":"Polygon","coordinates":[[[-70.56043,-33.38513],[-70.56097,-33.38512],[-70.56091,-33.38557],[-70.56043,-33.38513]]]}},{"type":"Feature","properties":{"ZONA":"U PVO"},"geometry":{"type":"Polygon","coordinates":[[[-70.55967,-33.3849],[-70.5596,-33.38548],[-70.55906,-33.38542],[-70.55915,-33.38484],[-70.55967,-33.3849]]]}},{"type":"Feature","properties":{"ZONA":"U-V"},"geometry":{"type":"Polygon","coordinates":[[[-70.56233,-33.38512],[-70.56105,-33.38521],[-70.56157,-33.38435],[-70.56233,-33.38512]]]}},{"type":"Feature","properties":{"ZONA":"U PC"},"geometry":{"type":"Polygon","coordinates":[[[-70.56236,-33.38515],[-70.56323,-33.38608],[-70.56181,-33.38591],[-70.56236,-33.38515]]]}},{"type":"Feature","properties":{"ZONA":"U PVO"},"geometry":{"type":"Polygon","coordinates":[[[-70.56183,-33.38577],[-70.56105,-33.38521],[-70.56217,-33.3853],[-70.56183,-33.38577]]]}},{"type":"Feature","properties":{"ZONA":"U PC"},"geometry":{"type":"Polygon","coordinates":[[[-70.55111,-33.38443],[-70.55135,-33.38395],[-70.55199,-33.38418],[-70.55178,-33.38458],[-70.55111,-33.38443]]]}},{"type":"Feature","properties":{"ZONA":"U PC"},"geometry":{"type":"Polygon","coordinates":[[[-70.55246,-33.38468],[-70.55316,-33.3846],[-70.55309,-33.38516],[-70.55246,-33.38468]]]}},{"type":"Feature","properties":{"ZONA":"U POCsz"},"geometry":{"type":"Polygon","coordinates":[[[-70.55096,-33.38659],[-70.55018,-33.38628],[-70.55111,-33.38443],[-70.55157,-33.38462],[-70.55096,-33.38659]]]}},{"type":"Feature","properties":{"ZONA":"U POCsz"},"geometry":{"type":"Polygon","coordinates":[[[-70.55238,-33.38663],[-70.55258,-33.38503],[-70.55309,-33.38516],[-70.55282,-33.38732],[-70.55238,-33.38663]]]}},{"type":"Feature","properties":{"ZONA":"U PVO"},"geometry":{"type":"Polygon","coordinates":[[[-70.55243,-33.38716],[-70.55096,-33.38659],[-70.5512,-33.38618],[-70.55238,-33.38663],[-70.55243,-33.38716]]]}},{"type":"Feature","properties":{"ZONA":"U POCsz"},"geometry":{"type":"Polygon","coordinates":[[[-70.54993,-33.38734],[-70.54985,-33.38689],[-70.5503,-33.38706],[-70.54993,-33.38734]]]}},{"type":"Feature","properties":{"ZONA":"U PC"},"geometry":{"type":"Polygon","coordinates":[[[-70.56378,-33.38538],[-70.56363,-33.38585],[-70.5633,-33.38562],[-70.56378,-33.38538]]]}},{"type":"Feature","properties":{"ZONA":"U PC"},"geometry":{"type":"Polygon","coordinates":[[[-70.56392,-33.38615],[-70.56459,-33.38616],[-70.56505,-33.38682],[-70.56392,-33.38615]]]}},{"type":"Feature","properties":{"ZONA":"U-V"},"geometry":{"type":"Polygon","coordinates":[[[-70.56413,-33.38549],[-70.56498,-33.38523],[-70.56503,-33.38638],[-70.56379,-33.38601],[-70.56407,-33.38552],[-70.56442,-33.38569],[-70.56413,-33.38549]]]}},{"type":"Feature","properties":{"ZONA":"U-V"},"geometry":{"type":"Polygon","coordinates":[[[-70.57038,-33.38714],[-70.57068,-33.38715],[-70.56941,-33.38904],[-70.57038,-33.38714]]]}},{"type":"Feature","properties":{"ZONA":"U PVEV"},"geometry":{"type":"Polygon","coordinates":[[[-70.56949,-33.38665],[-70.57075,-33.3867],[-70.5709,-33.38708],[-70.56949,-33.38665]]]}},{"type":"Feature","properties":{"ZONA":"U PC"},"geometry":{"type":"Polygon","coordinates":[[[-70.56914,-33.38922],[-70.56814,-33.38863],[-70.56838,-33.38828],[-70.56941,-33.38904],[-70.56914,-33.38922]]]}},{"type":"Feature","properties":{"ZONA":"U POC"},"geometry":{"type":"Polygon","coordinates":[[[-70.57113,-33.38917],[-70.57151,-33.38859],[-70.57191,-33.38955],[-70.57141,-33.38964],[-70.57113,-33.38917]]]}},{"type":"Feature","properties":{"ZONA":"U POC"},"geometry":{"type":"Polygon","coordinates":[[[-70.55628,-33.39239],[-70.55348,-33.39106],[-70.55644,-33.3921],[-70.55628,-33.39239]]]}},{"type":"Feature","properties":{"ZONA":"U-V"},"geometry":{"type":"Polygon","coordinates":[[[-70.55834,-33.39316],[-70.55643,-33.39245],[-70.55657,-33.39217],[-70.55851,-33.39287],[-70.55834,-33.39316]]]}},{"type":"Feature","properties":{"ZONA":"U POCsz"},"geometry":{"type":"Polygon","coordinates":[[[-70.55834,-33.39316],[-70.55851,-33.39287],[-70.5618,-33.39404],[-70.56167,-33.39433],[-70.55834,-33.39316]]]}},{"type":"Feature","properties":{"ZONA":"U PVO"},"geometry":{"type":"Polygon","coordinates":[[[-70.56169,-33.39359],[-70.56244,-33.39164],[-70.56282,-33.39166],[-70.56169,-33.39359]]]}},{"type":"Feature","properties":{"ZONA":"U PVO"},"geometry":{"type":"Polygon","coordinates":[[[-70.56464,-33.38838],[-70.5648,-33.38777],[-70.56533,-33.38791],[-70.56464,-33.38838]]]}},{"type":"Feature","properties":{"ZONA":"U PVO"},"geometry":{"type":"Polygon","coordinates":[[[-70.56823,-33.38961],[-70.5681,-33.38931],[-70.56853,-33.38956],[-70.56823,-33.38961]]]}},{"type":"Feature","properties":{"ZONA":"U PC"},"geometry":{"type":"Polygon","coordinates":[[[-70.57059,-33.39043],[-70.57117,-33.39052],[-70.571,-33.39094],[-70.57059,-33.39043]]]}},{"type":"Feature","properties":{"ZONA":"U PVO"},"geometry":{"type":"Polygon","coordinates":[[[-70.57096,-33.39111],[-70.57081,-33.39155],[-70.57012,-33.39152],[-70.57044,-33.39054],[-70.57096,-33.39111]]]}},{"type":"Feature","properties":{"ZONA":"U POC"},"geometry":{"type":"Polygon","coordinates":[[[-70.57218,-33.39236],[-70.57205,-33.39371],[-70.57142,-33.39345],[-70.57158,-33.39233],[-70.57218,-33.39236]]]}},{"type":"Feature","properties":{"ZONA":"U POC"},"geometry":{"type":"Polygon","coordinates":[[[-70.57168,-33.39401],[-70.57203,-33.39382],[-70.57194,-33.3945],[-70.57143,-33.39427],[-70.57168,-33.39401]]]}},{"type":"Feature","properties":{"ZONA":"U-V"},"geometry":{"type":"Polygon","coordinates":[[[-70.57015,-33.39186],[-70.57077,-33.39188],[-70.57074,-33.3934],[-70.57162,-33.39369],[-70.57143,-33.39427],[-70.57024,-33.39366],[-70.57015,-33.39186]]]}},{"type":"Feature","properties":{"ZONA":"U POC"},"geometry":{"type":"Polygon","coordinates":[[[-70.57127,-33.39591],[-70.57155,-33.39453],[-70.5719,-33.39468],[-70.57159,-33.39599],[-70.57127,-33.39591]]]}},{"type":"Feature","properties":{"ZONA":"U-V"},"geometry":{"type":"Polygon","coordinates":[[[-70.56238,-33.39398],[-70.56556,-33.39508],[-70.56544,-33.39544],[-70.56238,-33.39398]]]}},{"type":"Feature","properties":{"ZONA":"U PVO"},"geometry":{"type":"Polygon","coordinates":[[[-70.56312,-33.3928],[-70.56263,-33.39265],[-70.56279,-33.39223],[-70.56312,-33.3928]]]}},{"type":"Feature","properties":{"ZONA":"U POCsz"},"geometry":{"type":"Polygon","coordinates":[[[-70.56544,-33.39544],[-70.56187,-33.3944],[-70.562,-33.39411],[-70.56544,-33.39544]]]}},{"type":"Feature","properties":{"ZONA":"U POCsz"},"geometry":{"type":"Polygon","coordinates":[[[-70.57219,-33.39537],[-70.57229,-33.39489],[-70.57266,-33.39506],[-70.57219,-33.39537]]]}},{"type":"Feature","properties":{"ZONA":"U PVEV"},"geometry":{"type":"Polygon","coordinates":[[[-70.57275,-33.39559],[-70.57278,-33.39658],[-70.5723,-33.39646],[-70.57275,-33.39559]]]}},{"type":"Feature","properties":{"ZONA":"U POCsz"},"geometry":{"type":"Polygon","coordinates":[[[-70.57607,-33.39906],[-70.57592,-33.39942],[-70.57522,-33.39916],[-70.57607,-33.39906]]]}},{"type":"Feature","properties":{"ZONA":"U POC"},"geometry":{"type":"Polygon","coordinates":[[[-70.57504,-33.39909],[-70.57419,-33.39877],[-70.57434,-33.39832],[-70.57522,-33.39879],[-70.57504,-33.39909]]]}},{"type":"Feature","properties":{"ZONA":"U POC"},"geometry":{"type":"Polygon","coordinates":[[[-70.57927,-33.39562],[-70.57932,-33.39512],[-70.58003,-33.39559],[-70.57927,-33.39562]]]}},{"type":"Feature","properties":{"ZONA":"U POCsz"},"geometry":{"type":"Polygon","coordinates":[[[-70.58026,-33.39619],[-70.58015,-33.39567],[-70.58051,-33.39591],[-70.58026,-33.39619]]]}},{"type":"Feature","properties":{"ZONA":"U POC"},"geometry":{"type":"Polygon","coordinates":[[[-70.58611,-33.40159],[-70.58649,-33.40165],[-70.58706,-33.40045],[-70.58666,-33.4019],[-70.58611,-33.40159]]]}},{"type":"Feature","properties":{"ZONA":"U PVO"},"geometry":{"type":"MultiPolygon","coordinates":[[[[-70.574,-33.38461],[-70.57608,-33.38699],[-70.57429,-33.38566],[-70.57362,-33.38463],[-70.574,-33.38461]]]]}},{"type":"Feature","properties":{"ZONA":"U-V"},"geometry":{"type":"Polygon","coordinates":[[[-70.57225,-33.38868],[-70.572,-33.3881],[-70.57378,-33.38827],[-70.57334,-33.38875],[-70.57225,-33.38868]]]}},{"type":"Feature","properties":{"ZONA":"U PVO"},"geometry":{"type":"Polygon","coordinates":[[[-70.57316,-33.38946],[-70.57435,-33.38887],[-70.57345,-33.38968],[-70.57316,-33.38946]]]}},{"type":"Feature","properties":{"ZONA":"U PC"},"geometry":{"type":"Polygon","coordinates":[[[-70.57285,-33.39019],[-70.57241,-33.38993],[-70.57307,-33.38954],[-70.57332,-33.38977],[-70.57285,-33.39019]]]}},{"type":"Feature","properties":{"ZONA":"U PVO"},"geometry":{"type":"Polygon","coordinates":[[[-70.5742,-33.38853],[-70.57597,-33.38732],[-70.57443,-33.38876],[-70.5742,-33.38853]]]}},{"type":"Feature","properties":{"ZONA":"U PVO"},"geometry":{"type":"Polygon","coordinates":[[[-70.57679,-33.3861],[-70.57721,-33.38623],[-70.57632,-33.3868],[-70.57606,-33.38651],[-70.57679,-33.3861]]]}},{"type":"Feature","properties":{"ZONA":"U PVO"},"geometry":{"type":"Polygon","coordinates":[[[-70.57711,-33.3855],[-70.57823,-33.38478],[-70.57848,-33.38511],[-70.57728,-33.38617],[-70.57711,-33.3855]]]}},{"type":"Feature","properties":{"ZONA":"U PVO"},"geometry":{"type":"Polygon","coordinates":[[[-70.57531,-33.38537],[-70.57406,-33.38435],[-70.57454,-33.38433],[-70.57531,-33.38537]]]}},{"type":"Feature","properties":{"ZONA":"U PVO"},"geometry":{"type":"Polygon","coordinates":[[[-70.57365,-33.38386],[-70.5728,-33.38301],[-70.57325,-33.38301],[-70.57365,-33.38386]]]}},{"type":"Feature","properties":{"ZONA":"U POC"},"geometry":{"type":"Polygon","coordinates":[[[-70.57339,-33.3901],[-70.5749,-33.3913],[-70.57451,-33.39163],[-70.57327,-33.39071],[-70.57339,-33.3901]]]}},{"type":"Feature","properties":{"ZONA":"U PVO"},"geometry":{"type":"Polygon","coordinates":[[[-70.57564,-33.38803],[-70.5763,-33.38745],[-70.57695,-33.38784],[-70.57564,-33.38803]]]}},{"type":"Feature","properties":{"ZONA":"U PVO"},"geometry":{"type":"Polygon","coordinates":[[[-70.5798,-33.39158],[-70.58093,-33.39282],[-70.58045,-33.39277],[-70.5798,-33.39158]]]}},{"type":"Feature","properties":{"ZONA":"U PVO"},"geometry":{"type":"Polygon","coordinates":[[[-70.57435,-33.38956],[-70.57463,-33.38897],[-70.57482,-33.38948],[-70.57435,-33.38956]]]}},{"type":"Feature","properties":{"ZONA":"U PVO"},"geometry":{"type":"Polygon","coordinates":[[[-70.58755,-33.39733],[-70.58781,-33.39673],[-70.58833,-33.3969],[-70.58795,-33.39775],[-70.58755,-33.39733]]]}},{"type":"Feature","properties":{"ZONA":"U PVEV"},"geometry":{"type":"Polygon","coordinates":[[[-70.58367,-33.39626],[-70.58389,-33.39592],[-70.5842,-33.39624],[-70.58367,-33.39626]]]}},{"type":"Feature","properties":{"ZONA":"U PVO"},"geometry":{"type":"Polygon","coordinates":[[[-70.59244,-33.39201],[-70.59469,-33.39068],[-70.59532,-33.39083],[-70.59244,-33.39201]]]}},{"type":"Feature","properties":{"ZONA":"U PVO"},"geometry":{"type":"Polygon","coordinates":[[[-70.59227,-33.39211],[-70.59158,-33.39299],[-70.59135,-33.39276],[-70.59227,-33.39211]]]}},{"type":"Feature","properties":{"ZONA":"U PVO"},"geometry":{"type":"Polygon","coordinates":[[[-70.59019,-33.39299],[-70.59049,-33.39271],[-70.59146,-33.39307],[-70.59082,-33.39366],[-70.59019,-33.39299]]]}},{"type":"Feature","properties":{"ZONA":"U PVO"},"geometry":{"type":"Polygon","coordinates":[[[-70.58745,-33.3964],[-70.58814,-33.39631],[-70.58858,-33.39544],[-70.588,-33.39527],[-70.58851,-33.39444],[-70.58939,-33.39393],[-70.59009,-33.39439],[-70.5884,-33.39674],[-70.58745,-33.3964]]]}},{"type":"Feature","properties":{"ZONA":"U POC"},"geometry":{"type":"Polygon","coordinates":[[[-70.58798,-33.4019],[-70.58729,-33.40202],[-70.58793,-33.39967],[-70.58798,-33.4019]]]}},{"type":"Feature","properties":{"ZONA":"U POC"},"geometry":{"type":"Polygon","coordinates":[[[-70.58776,-33.40268],[-70.58781,-33.40337],[-70.58689,-33.40358],[-70.58724,-33.40219],[-70.58776,-33.40268]]]}},{"type":"Feature","properties":{"ZONA":"U-V"},"geometry":{"type":"Polygon","coordinates":[[[-70.58784,-33.40135],[-70.58822,-33.39977],[-70.58857,-33.39987],[-70.58784,-33.40135]]]}},{"type":"Feature","properties":{"ZONA":"U PVO"},"geometry":{"type":"Polygon","coordinates":[[[-70.59333,-33.39305],[-70.59301,-33.39268],[-70.59594,-33.39115],[-70.59614,-33.39154],[-70.59333,-33.39305]]]}},{"type":"Feature","properties":{"ZONA":"U PVO"},"geometry":{"type":"Polygon","coordinates":[[[-70.59202,-33.39387],[-70.59177,-33.39361],[-70.59284,-33.39279],[-70.59309,-33.39307],[-70.59202,-33.39387]]]}},{"type":"Feature","properties":{"ZONA":"U PVO"},"geometry":{"type":"Polygon","coordinates":[[[-70.59114,-33.39486],[-70.59074,-33.3946],[-70.59119,-33.39411],[-70.59151,-33.39434],[-70.59114,-33.39486]]]}},{"type":"Feature","properties":{"ZONA":"U PVO"},"geometry":{"type":"Polygon","coordinates":[[[-70.5903,-33.39508],[-70.5906,-33.39474],[-70.59106,-33.39505],[-70.59041,-33.39646],[-70.58944,-33.39616],[-70.5903,-33.39508]]]}},{"type":"Feature","properties":{"ZONA":"U PVO"},"geometry":{"type":"Polygon","coordinates":[[[-70.58984,-33.3964],[-70.58946,-33.39711],[-70.58901,-33.39695],[-70.58939,-33.39625],[-70.58984,-33.3964]]]}},{"type":"Feature","properties":{"ZONA":"U PVO"},"geometry":{"type":"Polygon","coordinates":[[[-70.58834,-33.39842],[-70.58891,-33.39713],[-70.58938,-33.39726],[-70.58933,-33.39876],[-70.58834,-33.39842]]]}},{"type":"Feature","properties":{"ZONA":"U PVEV"},"geometry":{"type":"Polygon","coordinates":[[[-70.59318,-33.40254],[-70.59297,-33.40284],[-70.59282,-33.40253],[-70.59318,-33.40254]]]}},{"type":"Feature","properties":{"ZONA":"U PVO"},"geometry":{"type":"Polygon","coordinates":[[[-70.58786,-33.40395],[-70.58849,-33.40399],[-70.58843,-33.40433],[-70.58786,-33.40395]]]}},{"type":"Feature","properties":{"ZONA":"U POC"},"geometry":{"type":"Polygon","coordinates":[[[-70.59957,-33.40077],[-70.60109,-33.4004],[-70.60161,-33.40316],[-70.59989,-33.40345],[-70.59916,-33.40087],[-70.59957,-33.40077]]]}},{"type":"Feature","properties":{"ZONA":"U POC"},"geometry":{"type":"Polygon","coordinates":[[[-70.59837,-33.40107],[-70.599,-33.40091],[-70.59882,-33.40203],[-70.5985,-33.40205],[-70.59837,-33.40107]]]}},{"type":"Feature","properties":{"ZONA":"U POC"},"geometry":{"type":"Polygon","coordinates":[[[-70.5964,-33.40394],[-70.59666,-33.40331],[-70.59692,-33.40405],[-70.5964,-33.40394]]]}},{"type":"Feature","properties":{"ZONA":"U PVOsz"},"geometry":{"type":"Polygon","coordinates":[[[-70.59806,-33.40444],[-70.59761,-33.4048],[-70.59756,-33.40445],[-70.59806,-33.40444]]]}},{"type":"Feature","properties":{"ZONA":"U PVEV"},"geometry":{"type":"MultiPolygon","coordinates":[[[[-70.59883,-33.39433],[-70.59983,-33.39658],[-70.59896,-33.39667],[-70.59794,-33.39459],[-70.59883,-33.39433]]]]}},{"type":"Feature","properties":{"ZONA":"U PVEV"},"geometry":{"type":"Polygon","coordinates":[[[-70.59917,-33.39733],[-70.59908,-33.39699],[-70.59992,-33.39674],[-70.60045,-33.39785],[-70.59974,-33.39798],[-70.60026,-33.39845],[-70.59952,-33.3986],[-70.59917,-33.39733]]]}},{"type":"Feature","properties":{"ZONA":"U PVO"},"geometry":{"type":"Polygon","coordinates":[[[-70.60029,-33.39667],[-70.60063,-33.39784],[-70.59992,-33.39674],[-70.60029,-33.39667]]]}},{"type":"Feature","properties":{"ZONA":"U POC"},"geometry":{"type":"Polygon","coordinates":[[[-70.60063,-33.39784],[-70.60072,-33.39834],[-70.60026,-33.39845],[-70.59974,-33.39798],[-70.60063,-33.39784]]]}},{"type":"Feature","properties":{"ZONA":"U POC"},"geometry":{"type":"Polygon","coordinates":[[[-70.59914,-33.39796],[-70.59932,-33.39865],[-70.59805,-33.39891],[-70.59795,-33.39816],[-70.59914,-33.39796]]]}},{"type":"Feature","properties":{"ZONA":"U PVEV"},"geometry":{"type":"Polygon","coordinates":[[[-70.59892,-33.40041],[-70.59859,-33.40043],[-70.59853,-33.39901],[-70.59933,-33.39884],[-70.59966,-33.40026],[-70.59908,-33.40034],[-70.59884,-33.3998],[-70.59892,-33.40041]]]}}]}