{"type":"FeatureCollection","crs":{"type":"name","properties":{"name":"EPSG:4326"}},"features":[{"type":"Feature","geometry":{"type":"MultiPolygon","coordinates":[[[[-70.5388278386456,-33.4271630795481],[-70.5395754341553,-33.4272447769732],[-70.539648288594,-33.4267846376453],[-70.5397233096931,-33.42629521003],[-70.5397926113108,-33.4258347016426],[-70.5398543417937,-33.4254409472266],[-70.539872189667,-33.4253489022562],[-70.5400079606666,-33.4244609946864],[-70.5400842538766,-33.4239574424537],[-70.5395577977673,-33.4238964090893],[-70.5388024485352,-33.4238010441675],[-70.5381712713378,-33.4237254208831],[-70.5380165770969,-33.4237056788776],[-70.5381985501332,-33.4239959380026],[-70.5382549575561,-33.4243706765368],[-70.5382562562842,-33.4243793064387],[-70.5382884774719,-33.4245933615679],[-70.5383365275441,-33.4248991275915],[-70.5383381522309,-33.4249094678599],[-70.5384414695087,-33.4255669179939],[-70.5386715664692,-33.4265593246445],[-70.5387999309744,-33.4270560330127],[-70.5388278386456,-33.4271630795481]]],[[[-70.538963954064,-33.4227363851508],[-70.5401072177751,-33.4227678273102],[-70.5401223875348,-33.4221911961418],[-70.5401300129143,-33.4216761997823],[-70.5401376370698,-33.420981907994],[-70.54015289435,-33.4208674607523],[-70.5401616568956,-33.4207701877809],[-70.5403409614806,-33.4198603559719],[-70.540350354493,-33.4198159667093],[-70.5379513366715,-33.4194108235071],[-70.5379472258682,-33.4194400113916],[-70.5378944685159,-33.4198145970642],[-70.5378410646889,-33.4202952606703],[-70.537780029277,-33.4207225167239],[-70.5389569734089,-33.4207958832532],[-70.5388866481114,-33.421845236809],[-70.538963954064,-33.4227363851508]]]]},"properties":{"ZONA":"UV1/EAm4","NOMBRE":"UV1/EAm4 Zona de Uso de Vivienda N°1 Equipamiento en (Baja Intensidad)/ Edificación Aislada Media"}},{"type":"Feature","geometry":{"type":"Polygon","coordinates":[[[-70.5374447162116,-33.4071317609937],[-70.5372305693994,-33.4076645033633],[-70.5368193698366,-33.4086644659564],[-70.5364981284449,-33.4094612751412],[-70.5370856235123,-33.409663456527],[-70.5376044509753,-33.4098160431423],[-70.538436100942,-33.4100907031287],[-70.5386344712681,-33.4096405565599],[-70.5388175823804,-33.4092400049884],[-70.5390334149607,-33.4093045989353],[-70.5386516107421,-33.4101580469351],[-70.5386827411208,-33.410167775019],[-70.5391685628709,-33.4103195856833],[-70.5397179067975,-33.4104950622709],[-70.5402443679338,-33.4106667234274],[-70.540218057905,-33.410814754938],[-70.5414727666318,-33.4111740843924],[-70.5416100995914,-33.4108383816054],[-70.5416406184419,-33.4107697152248],[-70.5418084707787,-33.4103424587079],[-70.5421136571228,-33.4096443478433],[-70.5423098003352,-33.4091575514979],[-70.542234048664,-33.4091494144328],[-70.5421302467072,-33.4091290145974],[-70.5419178730848,-33.4090843355792],[-70.541610343098,-33.4090171030704],[-70.5417037504066,-33.408742450175],[-70.54171374755,-33.4087130537107],[-70.541098865289,-33.4085603312209],[-70.5405437177052,-33.4083931845476],[-70.5408625141996,-33.4076193442386],[-70.5408159758383,-33.4076020260189],[-70.5410643138176,-33.4069636297842],[-70.5411356351715,-33.4069746742882],[-70.5411799347806,-33.4066639247356],[-70.5412294747696,-33.4064485563709],[-70.5412970825054,-33.4064506987801],[-70.541374382002,-33.4061962104321],[-70.541615406477,-33.406246961944],[-70.5424549954351,-33.4064237489791],[-70.5424603307648,-33.4064048781819],[-70.5425915049313,-33.4059409077771],[-70.5424818307237,-33.405910492202],[-70.5420905725106,-33.4058237468138],[-70.541602425347,-33.4057303834466],[-70.5411751570914,-33.4056350154473],[-70.5408596854921,-33.4055669569075],[-70.5404575799207,-33.4067808332681],[-70.5396034492067,-33.4065837619439],[-70.5396339472218,-33.4065009814229],[-70.5398246883569,-33.4060546504645],[-70.5400612060716,-33.4053946907382],[-70.5392262080243,-33.4052049238849],[-70.5383212774492,-33.4049657178916],[-70.5383043357336,-33.4050069639589],[-70.5378943507459,-33.4059974402165],[-70.537543387907,-33.4068862873095],[-70.5374817445382,-33.4070396416449],[-70.5374537886187,-33.4071091888806],[-70.5374447162116,-33.4071317609937]],[[-70.5374192065025,-33.4088370241168],[-70.5378104367802,-33.4078552386988],[-70.5378333279614,-33.4078628713486],[-70.538382674781,-33.4080497923355],[-70.5384055628028,-33.4080574231132],[-70.5381766773077,-33.4085647904564],[-70.5379935630371,-33.4089767874596],[-70.5374192065025,-33.4088370241168]]]},"properties":{"ZONA":"UV1/EAb3","NOMBRE":"UV1/EAb3 Zona de Uso de Vivienda N°1 Equipamiento en (Baja Intensidad)/ Edificación Aislada Baja N"}},{"type":"Feature","geometry":{"type":"Polygon","coordinates":[[[-70.5407564228282,-33.3910710450688],[-70.5405084661268,-33.3912539215196],[-70.5404703409175,-33.3912880411452],[-70.5404360883755,-33.3913064502243],[-70.5403557886108,-33.3913410907102],[-70.5400514079392,-33.391492216314],[-70.5400090880527,-33.3915076609188],[-70.5398543570879,-33.3915893365613],[-70.5395218007856,-33.3917600515655],[-70.5392728871683,-33.3918872021421],[-70.539059479414,-33.3919926443436],[-70.5389948200661,-33.3920255685308],[-70.5389122827538,-33.3920685608448],[-70.5383854342272,-33.3923297113716],[-70.5383228143704,-33.3923613220832],[-70.5383603695645,-33.3924253514758],[-70.5385741468363,-33.3927297478434],[-70.5388627860715,-33.3931314774576],[-70.5390503860018,-33.393402424154],[-70.5391212471755,-33.3934813779298],[-70.5392032365841,-33.3935957914874],[-70.5392455472208,-33.3936653097756],[-70.5393072419612,-33.3937528455393],[-70.5394619240735,-33.3939969036056],[-70.5395161024446,-33.3940845289084],[-70.5396412725315,-33.3943604897482],[-70.5397355955063,-33.3945926831363],[-70.5397991821688,-33.3947874135221],[-70.5398554747609,-33.3949948494868],[-70.5398888812046,-33.3951836477327],[-70.5399070305161,-33.3953600211397],[-70.5399183746899,-33.3955952373017],[-70.5399188866339,-33.3956058520468],[-70.5399287716098,-33.3958494617995],[-70.539945489149,-33.3962614578986],[-70.5399607604419,-33.3966719694353],[-70.5400305445594,-33.3987127759826],[-70.5400461850501,-33.399323050763],[-70.5400448547454,-33.3995238227986],[-70.5400419558936,-33.3999130811958],[-70.5400315701807,-33.4002934915656],[-70.5400241644957,-33.400564740132],[-70.5400128906801,-33.4006960469934],[-70.5400167810359,-33.4007957514594],[-70.5400011348658,-33.4009208149722],[-70.5399854005514,-33.4010408851288],[-70.5399584752547,-33.4012010497718],[-70.5399095107737,-33.4014613850252],[-70.5398314939488,-33.4017620355324],[-70.5398151425978,-33.4018471521934],[-70.5397867189824,-33.4019224216837],[-70.5397639737497,-33.4019826454665],[-70.5397129820146,-33.4021281254125],[-70.5396556940793,-33.4022537056946],[-70.5395522981055,-33.4024647628494],[-70.5394606227181,-33.4026656946001],[-70.5393399929333,-33.402911926564],[-70.5392705695545,-33.4030490115464],[-70.5391362177342,-33.4033451271628],[-70.5389210181595,-33.4037591199618],[-70.5385371629261,-33.4045181002456],[-70.5385217217291,-33.4045486317909],[-70.5385141439672,-33.4045641014132],[-70.5383413833188,-33.4049167668588],[-70.5383212774492,-33.4049657178916],[-70.5392262080243,-33.4052049238849],[-70.5400612060716,-33.4053946907382],[-70.5401685442719,-33.405417848736],[-70.5408596854921,-33.4055669569075],[-70.5411751570914,-33.4056350154473],[-70.541602425347,-33.4057303834466],[-70.5420905725106,-33.4058237468138],[-70.5424818307237,-33.405910492202],[-70.5425915049313,-33.4059409077771],[-70.5426508923898,-33.4059573783457],[-70.5426614442241,-33.4059603043933],[-70.5428086594642,-33.4060021951977],[-70.5429933505322,-33.4060581944669],[-70.5432354376305,-33.4061322189523],[-70.543462367434,-33.4062085851669],[-70.5435065500347,-33.4062220375285],[-70.543698275859,-33.4054715996115],[-70.543839985386,-33.4049184167042],[-70.5441453882379,-33.4036881358941],[-70.5443116199678,-33.4029535197487],[-70.5443232238589,-33.4028054341354],[-70.54433933459,-33.402590479809],[-70.5443914082278,-33.4025956980732],[-70.5445177242741,-33.4026096300646],[-70.5447013656305,-33.4026341338821],[-70.5451613633659,-33.4026974805931],[-70.5452152736786,-33.4027038561532],[-70.545310480367,-33.4027052332877],[-70.5457758962663,-33.4027090467943],[-70.5460734574079,-33.4026937860165],[-70.546195533995,-33.4026823405927],[-70.5463039154135,-33.4026786728517],[-70.5463540984113,-33.4026699045329],[-70.5467219888599,-33.4025907821982],[-70.5469356222591,-33.4025259296346],[-70.5471874049123,-33.4024534474601],[-70.5484997244564,-33.4019689618291],[-70.5483089773209,-33.4015989286994],[-70.5481563794283,-33.4013547826113],[-70.5475993971472,-33.4005002742615],[-70.5470500452833,-33.3996686543036],[-70.5468249627578,-33.3993386767056],[-70.546599881969,-33.3990086986331],[-70.546134458901,-33.3983029658572],[-70.5458569989326,-33.3978673714044],[-70.5458435110559,-33.3978461971917],[-70.5457529667167,-33.397704047578],[-70.5450132489956,-33.3965801450079],[-70.54490239922,-33.3964183437358],[-70.5447692906599,-33.3962290100526],[-70.5447591774578,-33.3962121054352],[-70.5446961261308,-33.3961067057362],[-70.5446255193989,-33.3959905264579],[-70.5445818518608,-33.3959085526192],[-70.5445701244327,-33.3958905263384],[-70.5445647617644,-33.395882517032],[-70.5445590039597,-33.395874840918],[-70.5445495847561,-33.3958645237738],[-70.5445377592195,-33.3958532265134],[-70.5445234926143,-33.3958412949772],[-70.5445162088974,-33.3958370062678],[-70.5445085086891,-33.3958330591328],[-70.5444976016786,-33.3958294982289],[-70.544462044372,-33.3958208195577],[-70.5445035511583,-33.3956878868903],[-70.5445250399194,-33.3956277103695],[-70.5446008482202,-33.3954495142584],[-70.544676477919,-33.3953147110459],[-70.5462939666619,-33.394557552598],[-70.5462428875472,-33.3945341621008],[-70.5455147410142,-33.3942007209123],[-70.5454763257454,-33.3942456209714],[-70.5452594916691,-33.3944939334678],[-70.5451179369724,-33.3946699771732],[-70.5436876565398,-33.3934352675631],[-70.5436160471881,-33.3934962190451],[-70.5434411023385,-33.3936451274705],[-70.5434029546144,-33.393744312281],[-70.5431196149768,-33.3934975964639],[-70.5430396359761,-33.3935594372272],[-70.542719619872,-33.3930766418502],[-70.5426098094308,-33.3928990456929],[-70.5424613832345,-33.3924678050249],[-70.5422637273741,-33.3921481308069],[-70.5420762140236,-33.3919998992413],[-70.54201232265,-33.3919257648064],[-70.5418940460589,-33.3917518526022],[-70.5418305635996,-33.3917812752635],[-70.5411755391376,-33.3908632127891],[-70.54096139802,-33.3909786066166],[-70.5407564228282,-33.3910710450688]],[[-70.5393244454307,-33.39252547834],[-70.5399979478215,-33.3921853169321],[-70.5407869391802,-33.3917940384406],[-70.5408682161657,-33.3919183142929],[-70.540090352199,-33.3923160323892],[-70.5394135320853,-33.3926537337309],[-70.5393244454307,-33.39252547834]],[[-70.5410529615137,-33.3953984032345],[-70.5410094805591,-33.3953322739783],[-70.5409945205521,-33.3952818217656],[-70.5409517885127,-33.3950130183488],[-70.5409004539294,-33.3947695789806],[-70.5408491204252,-33.3945517665621],[-70.5407635658312,-33.3943040570529],[-70.5407020130853,-33.3941067316445],[-70.5409385347793,-33.3940266211172],[-70.5410911307223,-33.3940037316224],[-70.5411826880202,-33.3939922870979],[-70.5412666156796,-33.3939961010078],[-70.5414192109239,-33.3940113594161],[-70.5415107687332,-33.3940380620369],[-70.5416252165316,-33.394072394819],[-70.5417396636625,-33.3941258007468],[-70.5415641804658,-33.3944119109473],[-70.5414192172593,-33.3946980214147],[-70.5412971423131,-33.3949688712448],[-70.5412289708469,-33.3951789186506],[-70.5411964504708,-33.3952812660413],[-70.5411734228074,-33.3953464204182],[-70.5411497103289,-33.3953949540699],[-70.5411064023728,-33.3954609799212],[-70.5410529615137,-33.3953984032345]],[[-70.541802962127,-33.4009559206019],[-70.5418160185388,-33.4007635290128],[-70.5422127678884,-33.4007864159928],[-70.542578997264,-33.4007978579457],[-70.5425687480642,-33.4009888664158],[-70.541802962127,-33.4009559206019]]]},"properties":{"ZONA":"UV1/EAb2","NOMBRE":"UV1/EAb2 Zona de Uso de Vivienda N°1 Equipamiento en (Baja Intensidad)/ Edificación Aislada Baja N"}},{"type":"Feature","geometry":{"type":"Polygon","coordinates":[[[-70.5443094824284,-33.4098516886955],[-70.5442661857367,-33.4098092988443],[-70.544256384906,-33.4097998648746],[-70.544224349778,-33.4098252566145],[-70.5441042742003,-33.4099310249159],[-70.5440423216739,-33.4099864607394],[-70.5439980800139,-33.4100265989781],[-70.5439628927089,-33.4100703897178],[-70.5439344140306,-33.4101122174941],[-70.5439147240107,-33.4101426212843],[-70.5438778899695,-33.4102203636401],[-70.5437388085505,-33.4105408150662],[-70.5434946615091,-33.4111740721792],[-70.5432505126497,-33.4117691797482],[-70.5427609542289,-33.4130088024503],[-70.5424188833061,-33.4138749475476],[-70.5423196972458,-33.4138444304608],[-70.5420576273312,-33.4145188632395],[-70.5420433463472,-33.4145556143361],[-70.5419953274783,-33.4146791900322],[-70.5419704573792,-33.4147487476229],[-70.5419650009448,-33.4147775889197],[-70.5419671635163,-33.4147991838422],[-70.5419751140153,-33.4148154355074],[-70.542128961567,-33.4149736071181],[-70.5418872489163,-33.4152754755814],[-70.5418397284728,-33.4153649208927],[-70.5417776870988,-33.4154816986278],[-70.5415862541368,-33.4159437689614],[-70.5415033288942,-33.4161523806717],[-70.5414615655394,-33.4162630144523],[-70.5414202713603,-33.4163891280191],[-70.5413782834125,-33.416548529284],[-70.5413492455157,-33.4166652736242],[-70.5413415590544,-33.4167051685964],[-70.5410488988838,-33.4166643495132],[-70.5410425039747,-33.4166635902503],[-70.5410038360775,-33.4166590032019],[-70.5409936979941,-33.4167016034963],[-70.540658017946,-33.418316132263],[-70.5405404479152,-33.4188662732558],[-70.5404450359016,-33.4193685438915],[-70.540350354493,-33.4198159667093],[-70.5403409614806,-33.4198603559719],[-70.5401616568956,-33.4207701877809],[-70.54015289435,-33.4208674607523],[-70.5401376370698,-33.420981907994],[-70.5401300129143,-33.4216761997823],[-70.5401223875348,-33.4221911961418],[-70.5401072177751,-33.4227678273102],[-70.5400918787312,-33.423350891605],[-70.5400842538766,-33.4239574424537],[-70.5400079606666,-33.4244609946864],[-70.539872189667,-33.4253489022562],[-70.5398543417937,-33.4254409472266],[-70.5397926113108,-33.4258347016426],[-70.5397233096931,-33.42629521003],[-70.539648288594,-33.4267846376453],[-70.5395754341553,-33.4272447769732],[-70.5408396332789,-33.4273869312066],[-70.5414652762794,-33.4274517789086],[-70.5420832899258,-33.4275204411305],[-70.542701303395,-33.4275891029613],[-70.5429141903995,-33.4276174743213],[-70.5430580781743,-33.4276312724069],[-70.5435389677326,-33.4276791252253],[-70.5438610302942,-33.4277111719035],[-70.5438413026464,-33.4277703369062],[-70.5436361082658,-33.4290648171779],[-70.5436249771494,-33.4291312089419],[-70.5441580509742,-33.4291937572205],[-70.5446998608351,-33.4292570096398],[-70.5452348128114,-33.4293162723982],[-70.5457678800434,-33.4293788137944],[-70.5463087225904,-33.429441255929],[-70.5468378825175,-33.4295022144897],[-70.5474623240866,-33.429571746074],[-70.5475636370975,-33.4295873615843],[-70.5480486282537,-33.4296443857885],[-70.549186662616,-33.429760534423],[-70.5497492620373,-33.4298193465105],[-70.5498847916882,-33.4298330787108],[-70.5499195016422,-33.4298365958625],[-70.5503128805025,-33.4298764523319],[-70.5508709195706,-33.4299344045498],[-70.5515154305826,-33.4300057992653],[-70.5516225857278,-33.4300128068923],[-70.5522067029702,-33.4300757909248],[-70.5527537097274,-33.4301325776669],[-70.553328108439,-33.4301813730277],[-70.55343797423,-33.4302008681305],[-70.5537104124347,-33.4302642391664],[-70.5539425127198,-33.4302988971532],[-70.5541394778838,-33.430317299219],[-70.5543060056554,-33.4302980742757],[-70.5542833432712,-33.4296909808662],[-70.5542680811558,-33.4293476507599],[-70.5542604499384,-33.4292141328023],[-70.5536729555768,-33.4291454703675],[-70.5529176052699,-33.4290729938963],[-70.5529786406099,-33.4286724410552],[-70.553489836781,-33.4287258448291],[-70.5537034717191,-33.428744917217],[-70.553962884214,-33.4287563604652],[-70.5542375571181,-33.4287563586928],[-70.5542299229098,-33.428222288476],[-70.5542057096613,-33.4277187631408],[-70.5541917667994,-33.4274288127767],[-70.5541612422296,-33.4268184474012],[-70.5541675583415,-33.4267110758163],[-70.5541688714734,-33.4266887450232],[-70.5541536079565,-33.4262653030048],[-70.5540925623512,-33.4254641983812],[-70.5524903049204,-33.4252849133543],[-70.5525605338348,-33.4251237474616],[-70.5526327840513,-33.4249885311598],[-70.5528683951543,-33.4245475848195],[-70.5530860625276,-33.4241035033854],[-70.5532304524428,-33.423767040241],[-70.5534188661044,-33.4233932987654],[-70.5534240070424,-33.4233831003385],[-70.5534969847229,-33.4232383392239],[-70.5535111672793,-33.4232381615653],[-70.5535269629551,-33.4232290426474],[-70.5535391594759,-33.4232169945289],[-70.553552970217,-33.4231960069411],[-70.5536573717025,-33.4229850561818],[-70.5536357798606,-33.4228678658744],[-70.5535279303126,-33.4222330779489],[-70.553291395012,-33.4208177934425],[-70.5532150927833,-33.4203905375356],[-70.5532046001459,-33.4203306664601],[-70.5531773464583,-33.4201188522373],[-70.5530402700051,-33.4194463409819],[-70.5529531932162,-33.4194607019943],[-70.5527973840206,-33.4194704916893],[-70.5527278013903,-33.419463044231],[-70.5526306816364,-33.4194413784651],[-70.5525658738456,-33.4194234701539],[-70.5525086535096,-33.4194137881602],[-70.5523073450794,-33.4193913466531],[-70.5520265354965,-33.4193615819903],[-70.5519892267381,-33.4193558089925],[-70.5519567679632,-33.419343735423],[-70.5517158953052,-33.4191886710716],[-70.5513763065307,-33.4195207772792],[-70.5507354007551,-33.4191049691001],[-70.5507800519503,-33.4190485982541],[-70.55081555275,-33.4189832475948],[-70.5508347631452,-33.4189180997237],[-70.5508607527867,-33.4187760045457],[-70.5508862868624,-33.4186082936109],[-70.5509349688519,-33.4183579312128],[-70.549213885444,-33.4181228281138],[-70.5491902055047,-33.4182437963565],[-70.5491636609429,-33.4183725364127],[-70.5490721043388,-33.4188646478418],[-70.5487135031239,-33.4188150578528],[-70.5487265144263,-33.4187358774015],[-70.5488204971757,-33.4182558936833],[-70.5488980568565,-33.4178546739213],[-70.5489193942622,-33.4177880540938],[-70.5492672198701,-33.4178326791245],[-70.5492949465479,-33.4177102038312],[-70.5494033020309,-33.4177231670651],[-70.5494164558897,-33.4176950364829],[-70.5494301873956,-33.4175724744598],[-70.549479150765,-33.4173362274271],[-70.551840912169,-33.4176584374641],[-70.5518462045489,-33.4176301624035],[-70.5518627051343,-33.4175419970982],[-70.5518968413241,-33.4174654271123],[-70.5519332607156,-33.4173959368984],[-70.5522155643067,-33.4171784917073],[-70.5522771034724,-33.4171262567825],[-70.5523505835381,-33.4170804026419],[-70.5523965075989,-33.4170574764915],[-70.5524439621255,-33.4170406628188],[-70.5525131247915,-33.4170220884527],[-70.5528848384248,-33.4169642802053],[-70.5528320972818,-33.4166884814574],[-70.5527349346636,-33.4166968558391],[-70.5523874273588,-33.4150594751609],[-70.5528030380488,-33.4149964318602],[-70.552726737741,-33.4146416574215],[-70.5526763129642,-33.414345434228],[-70.5526351755887,-33.4141037727808],[-70.5524673128723,-33.4132759650844],[-70.5524291581611,-33.4128715992156],[-70.5524152895576,-33.4127051954175],[-70.5523681161987,-33.4121391591872],[-70.552346776402,-33.411784446772],[-70.5519328959238,-33.4117961777512],[-70.5519405884194,-33.4119406818139],[-70.5513362720249,-33.4119706776017],[-70.5512628452366,-33.4113478524391],[-70.5501841766116,-33.4113018430116],[-70.5498468609524,-33.4113728706243],[-70.5496756041113,-33.4115074132315],[-70.5494945054128,-33.4114307865669],[-70.549339466327,-33.4113263927206],[-70.5492693978315,-33.4112773362308],[-70.5493357611101,-33.4112190569448],[-70.5493940643438,-33.4111668782941],[-70.5494300923681,-33.4111252670441],[-70.549499304837,-33.4110138143372],[-70.5495756020766,-33.4108841116846],[-70.5496366374585,-33.4106132612383],[-70.5496595238748,-33.4103004482299],[-70.5497831605125,-33.4090965605493],[-70.5505551486268,-33.4091489546805],[-70.5505573094877,-33.4091158875886],[-70.5507418860304,-33.4091278970409],[-70.5507413461385,-33.4091615913965],[-70.5510347477693,-33.4091815027423],[-70.5512226948096,-33.4101831212748],[-70.5521752816788,-33.4101104356679],[-70.5521322888622,-33.4099057628706],[-70.552101054611,-33.4097244044686],[-70.5520822736426,-33.4096618168026],[-70.5520247526449,-33.4094688107532],[-70.5519804983775,-33.4092133715458],[-70.551973737253,-33.4091743457336],[-70.5517504830027,-33.4091837132664],[-70.5477044334768,-33.4088433908454],[-70.5476986557191,-33.4089042483856],[-70.5458522458163,-33.4087592977811],[-70.5457835790157,-33.4088737412832],[-70.5456944431424,-33.4089864710786],[-70.5456538738846,-33.4090377786148],[-70.5455317985042,-33.409182741355],[-70.5452290965566,-33.4094570156164],[-70.5445170431675,-33.410018186536],[-70.5443094824284,-33.4098516886955]],[[-70.5523071125687,-33.4162438703298],[-70.5514449398943,-33.4154503995014],[-70.5517501289873,-33.4152176957706],[-70.5518569456781,-33.415152844115],[-70.5519713921152,-33.415122324885],[-70.5521239881946,-33.4150994348518],[-70.5521926591924,-33.415435136406],[-70.5523605216389,-33.4162782025196],[-70.5523071125687,-33.4162438703298]],[[-70.542304604206,-33.4158630134929],[-70.5419663193648,-33.4158106367103],[-70.5420013267889,-33.4157090385011],[-70.5420527165989,-33.4156089519192],[-70.5420765786227,-33.4155709327501],[-70.5421026381851,-33.4155414592209],[-70.5421268941827,-33.4155257270216],[-70.5423321437775,-33.4156860648755],[-70.5424006918173,-33.4157469385351],[-70.5424194526994,-33.4157672808898],[-70.5424218906631,-33.4157895415454],[-70.5424123066758,-33.4158256661033],[-70.542361900195,-33.4158657307403],[-70.5423312689166,-33.4158678251568],[-70.542304604206,-33.4158630134929]],[[-70.5463304001832,-33.4183376376073],[-70.5463473861931,-33.4179796072571],[-70.5457654201774,-33.4179085083855],[-70.545767240754,-33.4177655961517],[-70.5457773849428,-33.4173176873273],[-70.5463748269067,-33.4173938384026],[-70.5466821923035,-33.417434632795],[-70.5465785445479,-33.417995231794],[-70.5464761917395,-33.4185358287071],[-70.5463267595799,-33.4185422245673],[-70.5463304001832,-33.4183376376073]],[[-70.5451503872869,-33.4183992672324],[-70.5456512955015,-33.4184626663934],[-70.5456523829271,-33.4189571355085],[-70.545260337344,-33.4189072064681],[-70.545193506748,-33.418897455935],[-70.5451682878988,-33.4188977701268],[-70.5451557325875,-33.4189009513413],[-70.5451351328821,-33.4189142640178],[-70.5451503872869,-33.4183992672324]],[[-70.5411704076854,-33.4189411787153],[-70.5411914102877,-33.4183868784313],[-70.5414575693766,-33.4184221788634],[-70.5414575739637,-33.4189753225396],[-70.5411704076854,-33.4189411787153]],[[-70.5430064226785,-33.4191813127616],[-70.5430081228081,-33.4186180374425],[-70.5432617994465,-33.4186485282069],[-70.5433344998552,-33.4186624986383],[-70.5433116154449,-33.4192232724704],[-70.5430064226785,-33.4191813127616]],[[-70.5420832070037,-33.4178329461392],[-70.5420832053597,-33.4176782919135],[-70.5420848476316,-33.4176361443864],[-70.5427166689543,-33.417706990424],[-70.5427164788212,-33.4177774721747],[-70.5427138927394,-33.4179139295234],[-70.5420832070037,-33.4178329461392]],[[-70.5433344957285,-33.4181513171809],[-70.5433438849761,-33.4177457342574],[-70.5439605862696,-33.4178046646891],[-70.5439525086747,-33.4182237941622],[-70.5433344957285,-33.4181513171809]],[[-70.547988681368,-33.4197153518955],[-70.5480802338695,-33.4192461328347],[-70.548621950023,-33.4193033514065],[-70.5485303971206,-33.4197840152514],[-70.547988681368,-33.4197153518955]],[[-70.5445341200594,-33.4197635133939],[-70.5445400127078,-33.4193796716477],[-70.545072828677,-33.4194432790202],[-70.5451351372262,-33.4194445193045],[-70.5451255521651,-33.4198385708482],[-70.5445341200594,-33.4197635133939]],[[-70.5432983835851,-33.4201257559745],[-70.543303384212,-33.4197846719733],[-70.5439263738888,-33.4198538547308],[-70.5439196001557,-33.4202011366352],[-70.5432983835851,-33.4201257559745]],[[-70.5451125730777,-33.4203721866655],[-70.5451130329271,-33.4203532827371],[-70.5451160686142,-33.4202284581797],[-70.5451206887147,-33.4200385140677],[-70.5457092410976,-33.4200970764264],[-70.5457043864757,-33.4202718345585],[-70.545700937143,-33.4203960275674],[-70.5456999878694,-33.4204391305346],[-70.5451125730777,-33.4203721866655]],[[-70.5466326599382,-33.4195692373125],[-70.5466877852912,-33.4195612990158],[-70.5467603209515,-33.4195618454818],[-70.5468519112157,-33.4195650509851],[-70.5473554064853,-33.4196238006123],[-70.5472562242686,-33.4201197233463],[-70.5472118400231,-33.4203882589263],[-70.5463824177582,-33.420285883416],[-70.5463826840866,-33.4202019776995],[-70.5463879507987,-33.4197165156295],[-70.5463948001732,-33.4195805201311],[-70.5464947098687,-33.4195811042111],[-70.546520609507,-33.4195807812572],[-70.5466326599382,-33.4195692373125]],[[-70.5408331331803,-33.420186628186],[-70.5408395720626,-33.4199290238196],[-70.541427063762,-33.4200015000867],[-70.5414248300213,-33.420244104068],[-70.5408331331803,-33.420186628186]],[[-70.5420665514427,-33.4198092147489],[-70.5420755924149,-33.4195627969917],[-70.5420755915275,-33.4195135399008],[-70.542691840529,-33.4195963296131],[-70.5426861626841,-33.4198833346742],[-70.5420665514427,-33.4198092147489]],[[-70.5507735705755,-33.4216608766611],[-70.5506591238808,-33.4216418033133],[-70.5505599369405,-33.4216150997495],[-70.5503691906892,-33.4215082871224],[-70.5512694989445,-33.4206346960579],[-70.5511703172432,-33.4212793953689],[-70.5511092821239,-33.4216990218452],[-70.5507735705755,-33.4216608766611]],[[-70.5420208102548,-33.4215331008665],[-70.5420244649371,-33.4212973017543],[-70.5426552961797,-33.4213752394457],[-70.5426522063765,-33.4216066395247],[-70.5420208102548,-33.4215331008665]],[[-70.5438833044654,-33.4216558671238],[-70.5438876061726,-33.4213661412701],[-70.5444881370038,-33.4214381329618],[-70.5444866222686,-33.4214930634702],[-70.5444808546467,-33.4217267451639],[-70.5438833044654,-33.4216558671238]],[[-70.5450848835481,-33.4219319697467],[-70.5450893763403,-33.4215655412957],[-70.5456997607393,-33.4216380184729],[-70.5456932763978,-33.4219905408994],[-70.5450848835481,-33.4219319697467]],[[-70.5408166940766,-33.4217486761478],[-70.5408197625526,-33.4214658186988],[-70.5414086207734,-33.42153013872],[-70.5414041876918,-33.4218173392712],[-70.5408166940766,-33.4217486761478]],[[-70.5462840330082,-33.4246119726924],[-70.5462169076175,-33.424605988068],[-70.5462608700962,-33.4244319166415],[-70.5463361598847,-33.4243586534348],[-70.5463262475032,-33.4240695081024],[-70.5463288943725,-33.4239489397615],[-70.546335131114,-33.4234908459119],[-70.5463422322928,-33.4230809530502],[-70.5463489496594,-33.4229201602956],[-70.546352672625,-33.422859852509],[-70.5465688966668,-33.4228513925687],[-70.5466452852599,-33.4228478732843],[-70.5467550270895,-33.4228285416566],[-70.5467798380646,-33.4228234803834],[-70.5474257407909,-33.4233175454728],[-70.5473380442893,-33.4234024157611],[-70.5470221123492,-33.4237016396208],[-70.547668334176,-33.4241960807528],[-70.5476606385955,-33.4242396908525],[-70.5475767151731,-33.4247546874593],[-70.5462840330082,-33.4246119726924]],[[-70.5486296190154,-33.4238543918893],[-70.5492552566055,-33.4232783545693],[-70.5493620749619,-33.4233622797061],[-70.5494835666601,-33.4234345932282],[-70.5493784257312,-33.4234889137108],[-70.5493023139471,-33.4239335275344],[-70.5486296190154,-33.4238543918893]],[[-70.5420082222419,-33.4232113349882],[-70.5420145832216,-33.4229655864771],[-70.5426249666585,-33.4230380633469],[-70.5426185081467,-33.4232859829155],[-70.5420082222419,-33.4232113349882]],[[-70.5438469034648,-33.4234362265666],[-70.5438533644145,-33.4231906472578],[-70.544448488464,-33.4232631255841],[-70.544441955939,-33.4235090015912],[-70.5438469034648,-33.4234362265666]],[[-70.5407861901489,-33.4234309974728],[-70.5407891601748,-33.4232066062624],[-70.5407895912218,-33.423174089318],[-70.5410524711161,-33.4232054611701],[-70.541384623553,-33.4232451000028],[-70.5413813147992,-33.4235149196407],[-70.5407861901489,-33.4234309974728]],[[-70.549774104736,-33.4259258136025],[-70.549854848632,-33.4254371416123],[-70.5499190634461,-33.4250026344387],[-70.5510253843429,-33.4251247008933],[-70.5508880550967,-33.4260440656222],[-70.549774104736,-33.4259258136025]],[[-70.5459860544725,-33.4265051839067],[-70.5459140482884,-33.4264982481186],[-70.5459300544901,-33.4264712610589],[-70.5460000524259,-33.4260076531415],[-70.5460639193662,-33.4260153586269],[-70.5466687813956,-33.4260822366209],[-70.5466077474102,-33.4265705320133],[-70.5459860544725,-33.4265051839067]],[[-70.5484694178564,-33.426772704674],[-70.5479197013846,-33.4267087510286],[-70.5478415358864,-33.4267031801808],[-70.5479192793154,-33.4262102449673],[-70.5479950287583,-33.4262175738684],[-70.5485609693616,-33.426284412559],[-70.5490950568592,-33.4263378149476],[-70.5490263935858,-33.4268261082953],[-70.5484694178564,-33.426772704674]],[[-70.5506057700191,-33.4279362014051],[-70.5511474852684,-33.4280086789028],[-70.5517398137343,-33.4280757273886],[-70.5517662989433,-33.4280729348366],[-70.5517943502843,-33.4280610852959],[-70.5518137697716,-33.4280524677564],[-70.5518341667232,-33.4280353786795],[-70.5517578724507,-33.428542746198],[-70.5514221611681,-33.4285084153388],[-70.5510864511885,-33.4284740835493],[-70.55052947549,-33.4284130498656],[-70.5506057700191,-33.4279362014051]]]},"properties":{"ZONA":"UV1/EAb3","NOMBRE":"UV1/EAb3 Zona de Uso de Vivienda N°1 Equipamiento en (Baja Intensidad)/ Edificación Aislada Baja N"}},{"type":"Feature","geometry":{"type":"MultiPolygon","coordinates":[[[[-70.5530097579879,-33.4192966460264],[-70.5530288184645,-33.4193901614167],[-70.5550858597903,-33.4190700391067],[-70.555034415115,-33.4188578414309],[-70.5558478946705,-33.4187413225595],[-70.5558094672428,-33.4185880093399],[-70.5543739621309,-33.4188185210873],[-70.552975222527,-33.4190650931122],[-70.5530097579879,-33.4192966460264]]],[[[-70.5545985496357,-33.4172400558321],[-70.5546093726326,-33.417402845795],[-70.5555176031397,-33.4172579383339],[-70.5553895500509,-33.4165909962669],[-70.5544739792772,-33.416739780639],[-70.5545116307325,-33.4168088870378],[-70.5545243440753,-33.4168552800666],[-70.5545757824502,-33.4170740895666],[-70.5545930535094,-33.4171536701938],[-70.5545985496357,-33.4172400558321]]]]},"properties":{"ZONA":"UV1/EAa+ca","NOMBRE":"UV1/EAa+ca Zona de Uso de Vivienda N°1 Equipamiento en (baja intensidad)/ Edificación Aislada Alta"}},{"type":"Feature","geometry":{"type":"Polygon","coordinates":[[[-70.5458522458163,-33.4087592977811],[-70.5476986557191,-33.4089042483856],[-70.5477044334768,-33.4088433908454],[-70.5517504830027,-33.4091837132664],[-70.551973737253,-33.4091743457336],[-70.5519706682498,-33.4091566303688],[-70.5519408184145,-33.4089843298632],[-70.5515822201505,-33.4090224836356],[-70.5510252457787,-33.4089843388477],[-70.5505293088162,-33.4089423794556],[-70.5498044786704,-33.4088889765875],[-70.5484257856045,-33.4087696636482],[-70.5459217465258,-33.4085842648993],[-70.5458522458163,-33.4087592977811]]]},"properties":{"ZONA":"UV1/EAm1p","NOMBRE":"UV1/EAm1p Zona de Uso de Vivienda N°1 Equipamiento en (baja Intensidad)/ Edificación Aislada Media"}},{"type":"Feature","geometry":{"type":"Polygon","coordinates":[[[-70.5566560109612,-33.4071150580337],[-70.5566781140341,-33.40715281514],[-70.55697498265,-33.4070741729359],[-70.5573022041998,-33.4069583085454],[-70.5565459236424,-33.4055286129053],[-70.5557535419451,-33.4040943702633],[-70.5557164896313,-33.4041080542122],[-70.5551620582304,-33.4030641392027],[-70.5552215808693,-33.4030408774793],[-70.5546068454408,-33.4018912614968],[-70.5544280705301,-33.4015569294039],[-70.5537795383715,-33.4017972642917],[-70.5540350142829,-33.4022906649082],[-70.5545577899144,-33.4033002852964],[-70.5548553566621,-33.4038305389766],[-70.5551147729446,-33.4043302745141],[-70.5553894504843,-33.4048490842333],[-70.5551224080698,-33.4049558993396],[-70.5552673763992,-33.4052381926076],[-70.5553818243439,-33.4053297471248],[-70.5554657527063,-33.4053831537082],[-70.5555725704261,-33.405451819243],[-70.5556641285861,-33.405543373734],[-70.5558167260516,-33.4057875189866],[-70.5561142911307,-33.4062452913811],[-70.5565263069617,-33.4068976171444],[-70.5566560109612,-33.4071150580337]]]},"properties":{"ZONA":"UV1/EAm1p","NOMBRE":"UV1/EAm1p Zona de Uso de Vivienda N°1 Equipamiento en (baja Intensidad)/ Edificación Aislada Media"}},{"type":"Feature","geometry":{"type":"MultiPolygon","coordinates":[[[[-70.5558478946705,-33.4187413225595],[-70.55589313736,-33.4189218283747],[-70.5564501114648,-33.4188340850536],[-70.5571596806667,-33.4187081927567],[-70.5575640585759,-33.4186395241618],[-70.5574896694528,-33.4183035173532],[-70.5558094672428,-33.4185880093399],[-70.5558478946705,-33.4187413225595]]],[[[-70.5587390434381,-33.4183038158995],[-70.5587771934477,-33.4184602222433],[-70.5609211622102,-33.4180939894163],[-70.560749872782,-33.4177514312327],[-70.5586923031366,-33.4180998730359],[-70.5587390434381,-33.4183038158995]]]]},"properties":{"ZONA":"UV1/EAa1","NOMBRE":"UV1/EAa1 Zona de Uso de Vivienda N°1 Equipamiento en (baja intensidad)/ Edificación Aislada Alta N"}},{"type":"Feature","geometry":{"type":"Polygon","coordinates":[[[-70.5570681020881,-33.4163010633248],[-70.5553895500509,-33.4165909962669],[-70.5555176031397,-33.4172579383339],[-70.5560728499724,-33.4171722620989],[-70.5591014432821,-33.4166501040603],[-70.562765742258,-33.4160541640733],[-70.5630155992592,-33.4159993498798],[-70.5627306683457,-33.4147834805603],[-70.5624776107127,-33.4148247084845],[-70.5616688548266,-33.4149544155319],[-70.5608906164622,-33.4150879376914],[-70.5595630353337,-33.4153320920335],[-70.5598148230164,-33.4158318279207],[-70.5589297689367,-33.4159806102021],[-70.5570681020881,-33.4163010633248]]]},"properties":{"ZONA":"UV1/EAm4","NOMBRE":"UV1/EAm4 Zona de Uso de Vivienda N°1 Equipamiento en (baja Intensidad)/ Edificación Aislada Media"}},{"type":"Feature","geometry":{"type":"Polygon","coordinates":[[[-70.5544739792772,-33.416739780639],[-70.5553895500509,-33.4165909962669],[-70.5570681020881,-33.4163010633248],[-70.5569392119201,-33.4158017360034],[-70.556937438688,-33.4157810158181],[-70.5569414727442,-33.4157536158151],[-70.5569518152497,-33.415717971314],[-70.5569831555216,-33.4156786280949],[-70.5571678438765,-33.4155615659317],[-70.5572988324176,-33.4154779607324],[-70.5573286146976,-33.4154429820814],[-70.5573342826799,-33.415395554111],[-70.5573106833852,-33.4152902136616],[-70.5572615417975,-33.4150923056239],[-70.5572096770971,-33.4148634677828],[-70.5571825359859,-33.414794222135],[-70.5558931099603,-33.4157174079496],[-70.555427694937,-33.4160569265296],[-70.5544739792772,-33.416739780639]]]},"properties":{"ZONA":"UV1/EAm2","NOMBRE":"UV1/EAm2 Zona de Uso de Vivienda N°1 Equipamiento en (baja Intensidad)/ Edificación Aislada Media"}},{"type":"Feature","geometry":{"type":"Polygon","coordinates":[[[-70.560749872782,-33.4177514312327],[-70.5609211622102,-33.4180939894163],[-70.5587771934477,-33.4184602222433],[-70.5587390434381,-33.4183038158995],[-70.5586923031366,-33.4180998730359],[-70.5574896694528,-33.4183035173532],[-70.5575640585759,-33.4186395241618],[-70.5571596806667,-33.4187081927567],[-70.5564501114648,-33.4188340850536],[-70.55589313736,-33.4189218283747],[-70.5558478946705,-33.4187413225595],[-70.555034415115,-33.4188578414309],[-70.5550858597903,-33.4190700391067],[-70.5530288184645,-33.4193901614167],[-70.5530402700051,-33.4194463409819],[-70.5531773464583,-33.4201188522373],[-70.5532046001459,-33.4203306664601],[-70.5532150927833,-33.4203905375356],[-70.5534019514963,-33.4203612798538],[-70.5538254755127,-33.4202837203649],[-70.5540696292809,-33.4202455704194],[-70.5543599691805,-33.4201988490061],[-70.5547334189449,-33.4201387523554],[-70.5553209128544,-33.4200395648412],[-70.5561144088506,-33.4199022275716],[-70.5569536850961,-33.4197648904408],[-70.5578082205067,-33.4196199229988],[-70.5589984661608,-33.4194253620316],[-70.5598987798628,-33.4192765798332],[-70.5608219832795,-33.419112537876],[-70.5613636980445,-33.4190171654212],[-70.5615925954528,-33.4194444199536],[-70.5617920836037,-33.4193749397806],[-70.5621659627729,-33.419253828255],[-70.562343610633,-33.419202213668],[-70.5624460872635,-33.4191762311285],[-70.5625588669316,-33.4191479299239],[-70.5626617845118,-33.419127598018],[-70.5627723332556,-33.4191114022245],[-70.5629834285423,-33.4190833633367],[-70.5631141599422,-33.419069030421],[-70.5632601211072,-33.4190608480738],[-70.5634790095168,-33.4190575108239],[-70.5634704392518,-33.4181910884482],[-70.5634806801318,-33.4180935169128],[-70.5635326682899,-33.4176675140243],[-70.5636458288687,-33.417260949318],[-70.560749872782,-33.4177514312327]],[[-70.553733548802,-33.4197328660129],[-70.5539250020725,-33.4197039531309],[-70.5539498055989,-33.4197017475805],[-70.5539600169251,-33.4197044613522],[-70.5539657629561,-33.4197100700808],[-70.5539704644115,-33.4197204292911],[-70.5539882942081,-33.4198338384051],[-70.5539862892863,-33.419848066689],[-70.5539819083761,-33.4198556979838],[-70.5539752020036,-33.4198595679599],[-70.5539538190781,-33.4198636245326],[-70.5538208874514,-33.4198813888778],[-70.5537605887591,-33.4198878250387],[-70.553733548802,-33.4197328660129]]]},"properties":{"ZONA":"UV1/EAm4","NOMBRE":"UV1/EAm4 Zona de Uso de Vivienda N°1 Equipamiento en (baja Intensidad)/ Edificación Aislada Media"}},{"type":"Feature","geometry":{"type":"MultiPolygon","coordinates":[[[[-70.5642011967276,-33.4309023959444],[-70.5642349819411,-33.4309035389687],[-70.563297194657,-33.4271445153182],[-70.5632614566952,-33.4271406748681],[-70.5627829083144,-33.4270892456066],[-70.562904988941,-33.4276080559577],[-70.5629174995861,-33.4276565319593],[-70.56299411702,-33.4279667155809],[-70.5630381397917,-33.4281433141846],[-70.5630808330239,-33.4282850976538],[-70.5630869108801,-33.4283186886346],[-70.5631580644231,-33.4286065410091],[-70.5632559716082,-33.4289661177916],[-70.5633933122479,-33.429519260287],[-70.5634162023465,-33.4296260745071],[-70.5635153936275,-33.4300418854182],[-70.5637225289159,-33.4308432731688],[-70.5637529129118,-33.4308872182609],[-70.5642011967276,-33.4309023959444]]],[[[-70.5631185616291,-33.420440069755],[-70.5631414542605,-33.4208329931937],[-70.5634390201496,-33.420829174721],[-70.5635185512554,-33.4208283263214],[-70.5634790095168,-33.4190575108239],[-70.5632601211072,-33.4190608480738],[-70.5631219870097,-33.419083733738],[-70.5630194094881,-33.4191230915467],[-70.5629073309656,-33.4191942895573],[-70.5628626751081,-33.4192329164144],[-70.5628185191705,-33.4192990242577],[-70.5627794698727,-33.4193693018962],[-70.562768128395,-33.419439230391],[-70.5627669015937,-33.4195111480616],[-70.5627758944062,-33.4195913899407],[-70.5629964821525,-33.4200700369752],[-70.5630422609885,-33.4201577766974],[-70.5631033013163,-33.4203561453196],[-70.5631185616291,-33.420440069755]]]]},"properties":{"ZONA":"UV1/EAm2","NOMBRE":"UV1/EAm2 Zona de Uso de Vivienda N°1 Equipamiento en (baja Intensidad)/ Edificación Aislada Media"}},{"type":"Feature","geometry":{"type":"MultiPolygon","coordinates":[[[[-70.5423098003352,-33.4091575514979],[-70.5421136571228,-33.4096443478433],[-70.5418084707787,-33.4103424587079],[-70.5416406184419,-33.4107697152248],[-70.5416100995914,-33.4108383816054],[-70.5414727666318,-33.4111740843924],[-70.5414346183942,-33.4112732685043],[-70.5413049151399,-33.4115937117062],[-70.541266766894,-33.4116776373899],[-70.5408161842547,-33.4127493503018],[-70.5406433579382,-33.4130777218483],[-70.5406002728006,-33.4131690316598],[-70.540326395317,-33.4135700608061],[-70.5403691821166,-33.4135908789119],[-70.5404779514671,-33.4136434685372],[-70.5405900742463,-33.4136969263779],[-70.5407902152843,-33.4137968199764],[-70.5409595858881,-33.4138824666449],[-70.5410150021929,-33.4139054742263],[-70.5412896760394,-33.4140733232442],[-70.5413201957385,-33.4140923968599],[-70.5413659750498,-33.414100025772],[-70.5414772025795,-33.4143509301342],[-70.5418097304213,-33.4145434351354],[-70.5418384863055,-33.4144463355279],[-70.5420576273312,-33.4145188632395],[-70.5423196972458,-33.4138444304608],[-70.5424188833061,-33.4138749475476],[-70.5427609542289,-33.4130088024503],[-70.5432505126497,-33.4117691797482],[-70.5434946615091,-33.4111740721792],[-70.5437388085505,-33.4105408150662],[-70.5438778899695,-33.4102203636401],[-70.5439147240107,-33.4101426212843],[-70.5439344140306,-33.4101122174941],[-70.5439628927089,-33.4100703897178],[-70.5439980800139,-33.4100265989781],[-70.5440423216739,-33.4099864607394],[-70.5441042742003,-33.4099310249159],[-70.544224349778,-33.4098252566145],[-70.544256384906,-33.4097998648746],[-70.5439416586048,-33.4094968998625],[-70.5438591269312,-33.4093686994247],[-70.5438088332739,-33.4093722356438],[-70.543633678034,-33.4093846108614],[-70.5435399725694,-33.4093808546422],[-70.543429724751,-33.4093822264744],[-70.5432819276016,-33.4093803669046],[-70.5431804332455,-33.4093779284218],[-70.5430237179508,-33.4093706286133],[-70.5428712819301,-33.4093558802209],[-70.5428071091356,-33.4093437314599],[-70.5424945468443,-33.4092565869126],[-70.5424118284316,-33.4092319858621],[-70.5423573507476,-33.4092090023482],[-70.5423287625932,-33.4091876674467],[-70.5423098003352,-33.4091575514979]]],[[[-70.5443094824284,-33.4098516886955],[-70.5445170431675,-33.410018186536],[-70.5452290965566,-33.4094570156164],[-70.5455317985042,-33.409182741355],[-70.5456538738846,-33.4090377786148],[-70.5456944431424,-33.4089864710786],[-70.5457835790157,-33.4088737412832],[-70.5458522458163,-33.4087592977811],[-70.5459217465258,-33.4085842648993],[-70.5457073990185,-33.4085700435377],[-70.5456134684747,-33.4087788627289],[-70.5454737072523,-33.4089839032548],[-70.5452527593463,-33.4092314752211],[-70.5450255235723,-33.40941326585],[-70.5448280190722,-33.4095388514721],[-70.5444767238426,-33.4097522519162],[-70.5443094824284,-33.4098516886955]]],[[[-70.543698275859,-33.4054715996115],[-70.5435065500347,-33.4062220375285],[-70.5435491682844,-33.4062350133225],[-70.543767106161,-33.4063098071045],[-70.543945328614,-33.4063788188478],[-70.544150784535,-33.406462807429],[-70.5443415254179,-33.4061690663298],[-70.5444025623587,-33.4060660674416],[-70.5444346697383,-33.405947266673],[-70.5445233124067,-33.4059952524584],[-70.5447353315972,-33.4061114418428],[-70.5450763542171,-33.4063792157548],[-70.5453266739194,-33.4066338018035],[-70.545519373644,-33.4069120112718],[-70.5456968355094,-33.4073156274323],[-70.5464506390966,-33.4073493505452],[-70.5464580765448,-33.4072624477083],[-70.5464473557436,-33.4071723433186],[-70.5460277175863,-33.4071837896321],[-70.5459514190271,-33.4071837899902],[-70.545890381515,-33.4071723459499],[-70.5458598613386,-33.4071494577018],[-70.5458293421418,-33.4071036805198],[-70.5458064520099,-33.4070617177735],[-70.5457301527467,-33.4068824233072],[-70.5456309637592,-33.4066878697301],[-70.5455622946364,-33.4065734266933],[-70.5454783661456,-33.4064627982561],[-70.5451731719278,-33.4061690613897],[-70.5451197631604,-33.4060965813067],[-70.5450463491435,-33.4061608767378],[-70.5447906890253,-33.4059821172836],[-70.5444733026187,-33.405798620932],[-70.5437438094243,-33.405486067701],[-70.543698275859,-33.4054715996115]]]]},"properties":{"ZONA":"UV1/EAm2","NOMBRE":"UV1/EAm2 Zona de Uso de Vivienda N°1 Equipamiento en (baja Intensidad)/ Edificación Aislada Media"}},{"type":"Feature","geometry":{"type":"Polygon","coordinates":[[[-70.5468249627578,-33.3993386767056],[-70.5470500452833,-33.3996686543036],[-70.5475993971472,-33.4005002742615],[-70.5481563794283,-33.4013547826113],[-70.5483089773209,-33.4015989286994],[-70.5484997244564,-33.4019689618291],[-70.5471874049123,-33.4024534474601],[-70.5469356222591,-33.4025259296346],[-70.5467219888599,-33.4025907821982],[-70.5463540984113,-33.4026699045329],[-70.5463039154135,-33.4026786728517],[-70.546195533995,-33.4026823405927],[-70.5460734574079,-33.4026937860165],[-70.5457758962663,-33.4027090467943],[-70.545310480367,-33.4027052332877],[-70.5452152736786,-33.4027038561532],[-70.5451613633659,-33.4026974805931],[-70.5447013656305,-33.4026341338821],[-70.5445177242741,-33.4026096300646],[-70.5443914082278,-33.4025956980732],[-70.54433933459,-33.402590479809],[-70.5443232238589,-33.4028054341354],[-70.5443116199678,-33.4029535197487],[-70.5441453882379,-33.4036881358941],[-70.543839985386,-33.4049184167042],[-70.543698275859,-33.4054715996115],[-70.5437438094243,-33.405486067701],[-70.5444733026187,-33.405798620932],[-70.5447906890253,-33.4059821172836],[-70.5450463491435,-33.4061608767378],[-70.5451197631604,-33.4060965813067],[-70.5451731719278,-33.4061690613897],[-70.5454783661456,-33.4064627982561],[-70.5455622946364,-33.4065734266933],[-70.5456309637592,-33.4066878697301],[-70.5457301527467,-33.4068824233072],[-70.5458064520099,-33.4070617177735],[-70.5458293421418,-33.4071036805198],[-70.5458598613386,-33.4071494577018],[-70.545890381515,-33.4071723459499],[-70.5459514190271,-33.4071837899902],[-70.5460277175863,-33.4071837896321],[-70.5464473557436,-33.4071723433186],[-70.5464580765448,-33.4072624477083],[-70.5464506390966,-33.4073493505452],[-70.5482183736907,-33.4074793345447],[-70.5482327278155,-33.4073287379638],[-70.5481116653165,-33.4073198082011],[-70.5481938935125,-33.4068157861195],[-70.5481030169047,-33.4068099282592],[-70.5481213237964,-33.4063334978154],[-70.5480146633333,-33.4063261693459],[-70.5480230915954,-33.4058479502331],[-70.5478898831928,-33.4058400790469],[-70.5477310626884,-33.4058303835824],[-70.5477496783562,-33.4053502706018],[-70.5476070683186,-33.4053450533],[-70.5473384505104,-33.4053247974115],[-70.547341863032,-33.4048630589298],[-70.5466358608323,-33.4043870365751],[-70.5467536907679,-33.4040526996126],[-70.5474414349471,-33.4038508446523],[-70.5475330616077,-33.4039642364348],[-70.5476089056417,-33.4039096023229],[-70.5476909843753,-33.4039908034707],[-70.5476197871635,-33.4040418976236],[-70.5476007384375,-33.4040599936705],[-70.5479645248681,-33.4044356199726],[-70.5478283251525,-33.404528687523],[-70.5477321467174,-33.4046024331268],[-70.54806676355,-33.4049523902314],[-70.547965665465,-33.4050169796176],[-70.5483340781701,-33.4054080055422],[-70.5482192961168,-33.4054859428379],[-70.5485769448456,-33.4058516792042],[-70.5484939014972,-33.4059083517709],[-70.5484091780738,-33.4059612457681],[-70.548800092605,-33.4063464997285],[-70.5489379599793,-33.4062322502221],[-70.5491046960536,-33.4064063685076],[-70.5492929285664,-33.4065925228889],[-70.5495076929779,-33.406830841215],[-70.5495619001802,-33.4069995807148],[-70.5496075143966,-33.4073318306258],[-70.5494534953635,-33.4073439905353],[-70.5494264287317,-33.4075771063601],[-70.5514739507046,-33.4077290628649],[-70.5514642026219,-33.4077117998739],[-70.5513732816208,-33.4075507983654],[-70.5510786406633,-33.4070044596371],[-70.5526386818193,-33.4064070275912],[-70.5528166914769,-33.4063390367039],[-70.5526300774973,-33.4059867282837],[-70.5526105070362,-33.4059497810424],[-70.5541374557268,-33.4053743547656],[-70.5543518064193,-33.4057570095018],[-70.5545883345358,-33.4062224117344],[-70.5548324912054,-33.406687814322],[-70.5551930405758,-33.4073340510834],[-70.5551981534973,-33.4073432155803],[-70.5552368786094,-33.4074126240985],[-70.5557251809015,-33.4073096201152],[-70.5561524474063,-33.4072218744108],[-70.5566560109612,-33.4071150580337],[-70.5565263069617,-33.4068976171444],[-70.5561142911307,-33.4062452913811],[-70.5558167260516,-33.4057875189866],[-70.5556641285861,-33.405543373734],[-70.5555725704261,-33.405451819243],[-70.5554657527063,-33.4053831537082],[-70.5553818243439,-33.4053297471248],[-70.5552673763992,-33.4052381926076],[-70.5551224080698,-33.4049558993396],[-70.5553894504843,-33.4048490842333],[-70.5551147729446,-33.4043302745141],[-70.5548553566621,-33.4038305389766],[-70.5545577899144,-33.4033002852964],[-70.5540350142829,-33.4022906649082],[-70.5537795383715,-33.4017972642917],[-70.5544280705301,-33.4015569294039],[-70.5545139124101,-33.4015232059871],[-70.554409096952,-33.4013543758476],[-70.5529140971584,-33.4003136510015],[-70.5529103614216,-33.4002635883731],[-70.5528105781785,-33.4001235781786],[-70.5527362555631,-33.4000715356661],[-70.5526212060647,-33.40012881171],[-70.5525439554425,-33.4000080848861],[-70.5524778848697,-33.4000361132565],[-70.5524077406059,-33.3999310463898],[-70.5523602639491,-33.3999488206848],[-70.5522919531416,-33.399850888776],[-70.5522698455044,-33.3998554608981],[-70.55198639149,-33.3994652935706],[-70.5519440095602,-33.3994815718347],[-70.5518194630338,-33.3992927153083],[-70.551782149217,-33.3993060676548],[-70.5517085425047,-33.3991981793956],[-70.5516848297527,-33.399208498226],[-70.5510520228412,-33.3985302317023],[-70.5503199715424,-33.397734746777],[-70.5468249627578,-33.3993386767056]],[[-70.5503374702657,-33.4018798512276],[-70.5502042120684,-33.401654674552],[-70.5497738909387,-33.4009275173478],[-70.5502621957291,-33.4006909976237],[-70.5508649575592,-33.4017591336755],[-70.5503766536062,-33.4019460613504],[-70.5503374702657,-33.4018798512276]],[[-70.5533191797552,-33.4011717799587],[-70.5532917902291,-33.4011512721732],[-70.5532753567555,-33.4011321296842],[-70.5532616619004,-33.401112988978],[-70.5532534463428,-33.4010938473058],[-70.5532534461411,-33.4010760736876],[-70.5532561841032,-33.4010596663564],[-70.5532712480257,-33.4010295868979],[-70.5533251678507,-33.4009451815047],[-70.5533952454547,-33.4009839285413],[-70.5534380972912,-33.4010160154122],[-70.5534732971728,-33.4010496311235],[-70.553493193314,-33.4010771345466],[-70.5535084971618,-33.4011199177651],[-70.5535314540243,-33.4012177071534],[-70.5535318290423,-33.4012397418174],[-70.5535289065532,-33.40125918979],[-70.5535200427935,-33.4012906805869],[-70.5533191797552,-33.4011717799587]],[[-70.5509013160894,-33.4031167417318],[-70.550987046338,-33.40308286429],[-70.5511549012672,-33.403014197454],[-70.5513990581149,-33.403483415075],[-70.5513375820156,-33.4035126353754],[-70.5511457896763,-33.4035850242932],[-70.5509013160894,-33.4031167417318]],[[-70.5520970614694,-33.403221823829],[-70.5522535914755,-33.4031591520042],[-70.5524519703865,-33.4035558905677],[-70.5523866498768,-33.4035833783442],[-70.5523113683448,-33.4036119006968],[-70.5520970614694,-33.403221823829]],[[-70.5505388953524,-33.4042459768404],[-70.5505292333779,-33.4042349787215],[-70.5503432002487,-33.4038879458964],[-70.550506663954,-33.4038262501632],[-70.5507057688033,-33.4042062838956],[-70.550680356519,-33.4042156209401],[-70.5505655930002,-33.4042567539085],[-70.5505388953524,-33.4042459768404]],[[-70.5517176203398,-33.4043058724454],[-70.5516873919633,-33.4042030286593],[-70.5515540151252,-33.4039426785342],[-70.5515347996384,-33.403900787236],[-70.5517197077839,-33.4038323455379],[-70.5517439817546,-33.4038768610381],[-70.551954295553,-33.4042737847584],[-70.5518617569196,-33.4043086805584],[-70.5517416503357,-33.4043520188279],[-70.5517176203398,-33.4043058724454]]]},"properties":{"ZONA":"UV1/EAb3","NOMBRE":"UV1/EAb3 Zona de Uso de Vivienda N°1 Equipamiento en (Baja Intensidad)/ Edificación Aislada Baja N"}},{"type":"Feature","geometry":{"type":"Polygon","coordinates":[[[-70.5373870834216,-33.3926151268645],[-70.5373861574287,-33.3927265927946],[-70.5376285164985,-33.3929204466127],[-70.5376792667259,-33.3928947633163],[-70.5387761916018,-33.3936399610593],[-70.5390737237024,-33.3940586193504],[-70.5392851800076,-33.3944353941217],[-70.5394111911987,-33.394806070689],[-70.5395079724655,-33.3952129024602],[-70.5395345376938,-33.3954213657846],[-70.5395819874206,-33.3954152152688],[-70.5399070305161,-33.3953600211397],[-70.5398888812046,-33.3951836477327],[-70.5398554747609,-33.3949948494868],[-70.5397991821688,-33.3947874135221],[-70.5397355955063,-33.3945926831363],[-70.5396412725315,-33.3943604897482],[-70.5395161024446,-33.3940845289084],[-70.5394619240735,-33.3939969036056],[-70.5393072419612,-33.3937528455393],[-70.5392455472208,-33.3936653097756],[-70.5392032365841,-33.3935957914874],[-70.5391212471755,-33.3934813779298],[-70.5390503860018,-33.393402424154],[-70.5388627860715,-33.3931314774576],[-70.5385741468363,-33.3927297478434],[-70.5383603695645,-33.3924253514758],[-70.5383228143704,-33.3923613220832],[-70.5382402611222,-33.3923792219352],[-70.5381778979276,-33.3924031934142],[-70.538022470603,-33.3924676212184],[-70.5378737212712,-33.3925292803441],[-70.5377987300366,-33.3925491892941],[-70.5376011184856,-33.3925938143769],[-70.5374959154286,-33.3926098849958],[-70.5373870834216,-33.3926151268645]]]},"properties":{"ZONA":"UV1/EAb1","NOMBRE":"UV1/EAb1 Zona de Uso de Vivienda N°1 Equipamiento en (baja intensidad)/ Edificación Aislada Baja N"}},{"type":"Feature","geometry":{"type":"Polygon","coordinates":[[[-70.5583413556604,-33.4085586217809],[-70.5576132545406,-33.4087202318913],[-70.5575266696553,-33.4085237471349],[-70.5566044273779,-33.4086908993507],[-70.5563522666004,-33.4087761143173],[-70.5563203162243,-33.4087096405686],[-70.5552521488364,-33.4089690543534],[-70.5547714729821,-33.409079686237],[-70.5543518357973,-33.4091826874718],[-70.5538101220554,-33.4093276526499],[-70.5530776632279,-33.4095069526973],[-70.5529632166383,-33.4095298414208],[-70.552406247713,-33.4096633640043],[-70.5522138790787,-33.4096976498719],[-70.552101054611,-33.4097244044686],[-70.5521322888622,-33.4099057628706],[-70.5521752816788,-33.4101104356679],[-70.552253655064,-33.4104835428413],[-70.5522841776951,-33.410880280132],[-70.5523070691709,-33.4111244266161],[-70.552346776402,-33.411784446772],[-70.5523681161987,-33.4121391591872],[-70.5524152895576,-33.4127051954175],[-70.5524291581611,-33.4128715992156],[-70.5524673128723,-33.4132759650844],[-70.5526351755887,-33.4141037727808],[-70.5526763129642,-33.414345434228],[-70.552726737741,-33.4146416574215],[-70.5528030380488,-33.4149964318602],[-70.5528259287779,-33.4150994310209],[-70.5531886557474,-33.4150373425011],[-70.5534219969306,-33.4160404141936],[-70.5531007936644,-33.4160910828879],[-70.5530319373426,-33.4161027149312],[-70.5531406809262,-33.4166302687879],[-70.5531719818198,-33.416908022335],[-70.5531721784333,-33.4169190638777],[-70.553172209677,-33.4169208184785],[-70.5531729613885,-33.4169630334897],[-70.553258326144,-33.4169466411982],[-70.5544739792772,-33.416739780639],[-70.555427694937,-33.4160569265296],[-70.5558931099603,-33.4157174079496],[-70.5571825359859,-33.414794222135],[-70.5572096770971,-33.4148634677828],[-70.5572615417975,-33.4150923056239],[-70.5573106833852,-33.4152902136616],[-70.5573342826799,-33.415395554111],[-70.5573286146976,-33.4154429820814],[-70.5572988324176,-33.4154779607324],[-70.5571678438765,-33.4155615659317],[-70.5569831555216,-33.4156786280949],[-70.5569518152497,-33.415717971314],[-70.5569414727442,-33.4157536158151],[-70.556937438688,-33.4157810158181],[-70.5569392119201,-33.4158017360034],[-70.5570681020881,-33.4163010633248],[-70.5589297689367,-33.4159806102021],[-70.5598148230164,-33.4158318279207],[-70.5595630353337,-33.4153320920335],[-70.5608906164622,-33.4150879376914],[-70.5616688548266,-33.4149544155319],[-70.5624776107127,-33.4148247084845],[-70.5627306683457,-33.4147834805603],[-70.5627556497366,-33.4147794105263],[-70.5635485293752,-33.4146502320596],[-70.5638357124173,-33.4146034420149],[-70.564129199891,-33.414551842535],[-70.564339731057,-33.4145200912183],[-70.5643916126276,-33.414514144837],[-70.5644467349302,-33.4145134495804],[-70.5645003123281,-33.4145140967919],[-70.5645524084522,-33.4145200537854],[-70.5645756171397,-33.4145249601598],[-70.5646411732571,-33.4142913671915],[-70.5652445224009,-33.4121414233992],[-70.5655809003627,-33.4109427509033],[-70.5653387468245,-33.4108802032659],[-70.565186152964,-33.4108420544938],[-70.5647665135564,-33.4107352433799],[-70.5646139167369,-33.4106894670301],[-70.5644536910864,-33.4106093569786],[-70.5637593746326,-33.4099570326876],[-70.5636897260248,-33.4100067807956],[-70.5631184758426,-33.410414811275],[-70.5629021241499,-33.4102027603661],[-70.5626857734987,-33.4099907081406],[-70.5626254270851,-33.4099082614329],[-70.562587312968,-33.4098448404286],[-70.5625396699377,-33.4097560514956],[-70.562431783926,-33.4094878218638],[-70.5621800034641,-33.4095107118865],[-70.5619434799855,-33.4095145282482],[-70.5614551735906,-33.4095259753227],[-70.5609058291577,-33.4095412386172],[-70.5603520383627,-33.4095577233021],[-70.5601724591131,-33.4093482341817],[-70.5601286478347,-33.4093044171169],[-70.5600664313813,-33.4092421921688],[-70.5600021089501,-33.4090668075174],[-70.5599596706925,-33.409011601746],[-70.5597255129016,-33.4088688819497],[-70.5593619379285,-33.4086472808918],[-70.5590097863528,-33.4084326408037],[-70.5583413556604,-33.4085586217809]],[[-70.5618374770467,-33.4108266131248],[-70.5618999832025,-33.4108565320913],[-70.5619695233118,-33.4108897019832],[-70.5620571230135,-33.4109124400288],[-70.5622133256519,-33.4109155790782],[-70.5623145395113,-33.4109057872717],[-70.5624055346796,-33.4108910259681],[-70.5625496012156,-33.4108401986369],[-70.562511750958,-33.4109339514762],[-70.5624788108525,-33.4110194915764],[-70.5624400578519,-33.4111204281395],[-70.5624292038378,-33.411193768529],[-70.562420683383,-33.4112841063581],[-70.5624238094952,-33.4113453572742],[-70.5624326788922,-33.4113878072287],[-70.5623081247188,-33.4112312330494],[-70.5622613810184,-33.4111758217205],[-70.5621802401225,-33.41109828934],[-70.5620600924969,-33.4109833967886],[-70.5618374770467,-33.4108266131248]],[[-70.5611164976568,-33.413010610715],[-70.5613237923059,-33.4129639950884],[-70.5614974149728,-33.4135096802773],[-70.561346813551,-33.4135405461069],[-70.5612866806213,-33.4135524191877],[-70.5611164976568,-33.413010610715]]]},"properties":{"ZONA":"UV1/EAb2","NOMBRE":"UV1/EAb2 Zona de Uso de Vivienda N°1 Equipamiento en (Baja Intensidad)/ Edificación Aislada Baja N"}},{"type":"Feature","geometry":{"type":"Polygon","coordinates":[[[-70.5532150927833,-33.4203905375356],[-70.553291395012,-33.4208177934425],[-70.5535279303126,-33.4222330779489],[-70.5536357798606,-33.4228678658744],[-70.5536573717025,-33.4229850561818],[-70.5537101034882,-33.4233070666695],[-70.5538636580328,-33.4241595425095],[-70.5539857343465,-33.4241480979972],[-70.5547487122886,-33.4240679828611],[-70.5549318278046,-33.4240489073311],[-70.5553590960077,-33.4240336462551],[-70.5564806758284,-33.4241824162278],[-70.5564501580886,-33.4243006748104],[-70.5564577890085,-33.4244380065868],[-70.5565111990503,-33.4246134862797],[-70.5565874986053,-33.4248042255339],[-70.556747729393,-33.4253955168052],[-70.5562899424516,-33.4254603703885],[-70.5557253386226,-33.4255252249093],[-70.5558880107105,-33.4264758562464],[-70.5541675583415,-33.4267110758163],[-70.5541612422296,-33.4268184474012],[-70.5541917667994,-33.4274288127767],[-70.5542057096613,-33.4277187631408],[-70.5542299229098,-33.428222288476],[-70.5542375571181,-33.4287563586928],[-70.5542604499384,-33.4292141328023],[-70.5542680811558,-33.4293476507599],[-70.5542833432712,-33.4296909808662],[-70.5543060056554,-33.4302980742757],[-70.5543705708145,-33.4303021980636],[-70.5544216692244,-33.4303130488364],[-70.5544867026525,-33.4303368584543],[-70.554534033188,-33.4303559640944],[-70.5545656439954,-33.4303719840749],[-70.5546047778925,-33.430409081418],[-70.5546124473908,-33.430447658134],[-70.5546120245853,-33.4304808864593],[-70.554662268485,-33.4304812070928],[-70.5550452528355,-33.43048364764],[-70.5550584334219,-33.4304837321611],[-70.5554506549566,-33.4305016115178],[-70.556133285035,-33.4305327281103],[-70.5573212052718,-33.4305868674045],[-70.5578699875182,-33.4306101958583],[-70.5584886077954,-33.4306364905228],[-70.5595432981461,-33.4306813119274],[-70.5596596494085,-33.4306862561562],[-70.5601404781914,-33.4307126324084],[-70.5607974819321,-33.4307486694116],[-70.5609209096364,-33.4307544576925],[-70.561684616167,-33.4307902650668],[-70.56221727355,-33.4308152373832],[-70.5635546787402,-33.4308779272818],[-70.5637529129118,-33.4308872182609],[-70.5637225289159,-33.4308432731688],[-70.5635153936275,-33.4300418854182],[-70.5634162023465,-33.4296260745071],[-70.5633933122479,-33.429519260287],[-70.5632559716082,-33.4289661177916],[-70.5631580644231,-33.4286065410091],[-70.5630869108801,-33.4283186886346],[-70.5630808330239,-33.4282850976538],[-70.5630381397917,-33.4281433141846],[-70.56299411702,-33.4279667155809],[-70.5629174995861,-33.4276565319593],[-70.562904988941,-33.4276080559577],[-70.5627829083144,-33.4270892456066],[-70.5627471150384,-33.4269764639832],[-70.5622978883851,-33.4251281178745],[-70.5622640645691,-33.4250483376459],[-70.5626876485824,-33.425109512632],[-70.5628212157544,-33.4251251385567],[-70.5629090769417,-33.424734655998],[-70.5630247627448,-33.4243865303682],[-70.5631552454817,-33.4241803567293],[-70.5633783274484,-33.4238312026099],[-70.5634039995069,-33.4236117076215],[-70.5634732238171,-33.4219297078226],[-70.5635185512554,-33.4208283263214],[-70.5634390201496,-33.420829174721],[-70.5631414542605,-33.4208329931937],[-70.5631185616291,-33.420440069755],[-70.5631033013163,-33.4203561453196],[-70.5630422609885,-33.4201577766974],[-70.5629964821525,-33.4200700369752],[-70.5627758944062,-33.4195913899407],[-70.5625588669316,-33.4191479299239],[-70.5624460872635,-33.4191762311285],[-70.562343610633,-33.419202213668],[-70.5621659627729,-33.419253828255],[-70.5617920836037,-33.4193749397806],[-70.5615925954528,-33.4194444199536],[-70.5613636980445,-33.4190171654212],[-70.5608219832795,-33.419112537876],[-70.5598987798628,-33.4192765798332],[-70.5589984661608,-33.4194253620316],[-70.5578082205067,-33.4196199229988],[-70.5569536850961,-33.4197648904408],[-70.5561144088506,-33.4199022275716],[-70.5553209128544,-33.4200395648412],[-70.5547334189449,-33.4201387523554],[-70.5543599691805,-33.4201988490061],[-70.5540696292809,-33.4202455704194],[-70.5538254755127,-33.4202837203649],[-70.5534019514963,-33.4203612798538],[-70.5532150927833,-33.4203905375356]],[[-70.5540009650707,-33.4209932695993],[-70.5542069713273,-33.4209627498779],[-70.5542860176212,-33.421345015485],[-70.5540776520125,-33.4213845887775],[-70.5540009650707,-33.4209932695993]],[[-70.5582889176195,-33.4219393101221],[-70.5581820963055,-33.4214548332073],[-70.5593723411925,-33.4212602719222],[-70.5594193591782,-33.4214331721148],[-70.5594723814139,-33.421681052765],[-70.559504379212,-33.4217967258687],[-70.5582994105325,-33.421993872433],[-70.5582889176195,-33.4219393101221]],[[-70.5592310291427,-33.4243751530429],[-70.5596680405855,-33.4244375061547],[-70.5603640684522,-33.4245338090752],[-70.5603184652412,-33.4247279067745],[-70.5609135901357,-33.4248232728529],[-70.5608311825396,-33.4248676770088],[-70.5607658648784,-33.4248950259035],[-70.5607121351825,-33.4249108034742],[-70.560639047016,-33.4249268020927],[-70.559944608058,-33.4250216482017],[-70.5590442933722,-33.4251322826959],[-70.5589327752333,-33.4251459785424],[-70.5590559385258,-33.4245522606356],[-70.5591892549747,-33.4245715073415],[-70.5592310291427,-33.4243751530429]]]},"properties":{"ZONA":"UV1/EAb2","NOMBRE":"UV1/EAb2 Zona de Uso de Vivienda N°1 Equipamiento en (Baja Intensidad)/ Edificación Aislada Baja N"}},{"type":"Feature","geometry":{"type":"Polygon","coordinates":[[[-70.5786604956126,-33.4263910431708],[-70.5793548079797,-33.4265474458286],[-70.5794616254654,-33.4265703331589],[-70.5794539957126,-33.4266161112428],[-70.5793166632167,-33.4269327386837],[-70.5791724889162,-33.4271242822069],[-70.5791322586284,-33.4271777298154],[-70.5790496228321,-33.4272875160346],[-70.5788436201158,-33.4274706269465],[-70.5782332331337,-33.4269632638118],[-70.5775007782146,-33.4275431155922],[-70.5788894102998,-33.4287943572066],[-70.5801712247032,-33.4299502303132],[-70.5786132498068,-33.4313039496779],[-70.5785996968133,-33.4313417514736],[-70.579199871133,-33.4313807472046],[-70.5794419887381,-33.4313964785822],[-70.5801394509866,-33.431441790639],[-70.5804970617602,-33.4314646787691],[-70.5809417327747,-33.4314931376493],[-70.5816290128351,-33.4315363219251],[-70.5823286671061,-33.4315802796812],[-70.5825372129537,-33.4315933815622],[-70.5832521393445,-33.4316382935322],[-70.5836263622946,-33.4316568841838],[-70.5837756585782,-33.4316643015173],[-70.5837820135729,-33.4316203963998],[-70.5837926793728,-33.431528707311],[-70.5837920908584,-33.4314963144688],[-70.5837868215187,-33.4314423787675],[-70.5837732358164,-33.4314029507473],[-70.5837554914119,-33.431370777023],[-70.5836889308531,-33.4312492187499],[-70.5833809594647,-33.4305907320766],[-70.5833716625073,-33.430551250141],[-70.5833712049161,-33.4305260558994],[-70.5833751021196,-33.4305044034873],[-70.5833959579035,-33.4304717368134],[-70.5834338418518,-33.4304316515145],[-70.5836704268362,-33.4302306234035],[-70.5837648580213,-33.430140947871],[-70.5838182656498,-33.4300112450589],[-70.5832078813742,-33.4298395826815],[-70.5826966839764,-33.4297098837067],[-70.5828263872677,-33.4293894406909],[-70.5828721653624,-33.429313144256],[-70.583215503647,-33.429027032967],[-70.5828187517131,-33.4287180377039],[-70.5824601490863,-33.4284090421817],[-70.5826233847281,-33.4282473857471],[-70.5824614219365,-33.4280628882643],[-70.5832222870572,-33.4273941510802],[-70.5835700452968,-33.4271129209142],[-70.5840897150131,-33.426637525705],[-70.5838716449425,-33.4265855658736],[-70.5833070392474,-33.4264558666842],[-70.5832383706579,-33.4264406076864],[-70.5827271735134,-33.426326167563],[-70.5822007170859,-33.4262117270011],[-70.5816818906433,-33.4260858426189],[-70.5809036500664,-33.4259294407447],[-70.5806899383643,-33.425879500231],[-70.5802017087085,-33.4257654088452],[-70.5799921901181,-33.4257195621477],[-70.5796371032501,-33.4256433394383],[-70.5789580500362,-33.4254945665095],[-70.5786604956126,-33.4263910431708]]]},"properties":{"ZONA":"UV1/EAb2","NOMBRE":"UV1/EAb2 Zona de Uso de Vivienda N°1 Equipamiento en (Baja Intensidad)/ Edificación Aislada Baja N"}},{"type":"Feature","geometry":{"type":"Polygon","coordinates":[[[-70.5809036500664,-33.4259294407447],[-70.5816818906433,-33.4260858426189],[-70.5822007170859,-33.4262117270011],[-70.5827271735134,-33.426326167563],[-70.5832383706579,-33.4264406076864],[-70.5833070392474,-33.4264558666842],[-70.5838716449425,-33.4265855658736],[-70.5840897150131,-33.426637525705],[-70.5848482595291,-33.4268182625255],[-70.5857485787437,-33.4270128106655],[-70.5863240152127,-33.4271523010203],[-70.5868548995573,-33.4272683942222],[-70.5876331388729,-33.4274476839643],[-70.5886173833517,-33.42768801048],[-70.5893498391428,-33.4271196025574],[-70.5899779897092,-33.4266310526675],[-70.5891737796954,-33.4264461140816],[-70.5880430142644,-33.4261839687129],[-70.5836380449106,-33.4251855557466],[-70.5813124991913,-33.4246635495384],[-70.5812088333582,-33.4249871853804],[-70.5809036500664,-33.4259294407447]]]},"properties":{"ZONA":"UV1/EAm4","NOMBRE":"UV1/EAm4 Zona de Uso de Vivienda N°1 Equipamiento en (baja Intensidad)/ Edificación Aislada Media"}},{"type":"Feature","geometry":{"type":"Polygon","coordinates":[[[-70.5756005649956,-33.4282410458898],[-70.5756066264116,-33.4282458460284],[-70.5756393035185,-33.4282717239959],[-70.5757537758216,-33.4283667952426],[-70.5758276495303,-33.4284178295733],[-70.5759366791994,-33.4284815614077],[-70.5761960927768,-33.4286494120386],[-70.5765775851653,-33.428878296901],[-70.5768598885067,-33.429110996797],[-70.5774244983765,-33.4296793972792],[-70.5777831065192,-33.4294398109845],[-70.5780372165748,-33.4292791279939],[-70.5781645838487,-33.4292101730235],[-70.5782157990947,-33.4291932583353],[-70.5783682670483,-33.4291678861702],[-70.5784263867817,-33.4291480905152],[-70.5784741448711,-33.4291171438089],[-70.5788894102998,-33.4287943572066],[-70.5775007782146,-33.4275431155922],[-70.5782332331337,-33.4269632638118],[-70.5784163464686,-33.4268144861048],[-70.5785079035696,-33.4267153015],[-70.5785842003223,-33.4265894128001],[-70.578629977862,-33.4264825986941],[-70.5786604956126,-33.4263910431708],[-70.5789580500362,-33.4254945665095],[-70.5784850024268,-33.4253801261723],[-70.5784103288639,-33.425363269792],[-70.5782880589779,-33.4257375863876],[-70.5781709399446,-33.4257128297386],[-70.5780057191381,-33.4257802804945],[-70.5774461390047,-33.4262474682581],[-70.5774912514027,-33.4262879290519],[-70.577102574811,-33.4265945924291],[-70.5772252753677,-33.4267075656571],[-70.5768526842209,-33.4269818992312],[-70.5767151425902,-33.4270748349815],[-70.5764889213939,-33.4272800543284],[-70.576410397405,-33.4272180589972],[-70.5761946313441,-33.4273948316285],[-70.5763020031289,-33.4274892919104],[-70.5761832460243,-33.4276237245873],[-70.5760763421613,-33.4277548879409],[-70.5760007158042,-33.4278532036796],[-70.5759720927848,-33.4279070159249],[-70.5760067509192,-33.4279352088969],[-70.5756005649956,-33.4282410458898]]]},"properties":{"ZONA":"UV1/EAm2","NOMBRE":"UV1/EAm2 Zona de Uso de Vivienda N°1 Equipamiento en (baja Intensidad)/ Edificación Aislada Media"}},{"type":"Feature","geometry":{"type":"Polygon","coordinates":[[[-70.5784850024268,-33.4253801261723],[-70.5789580500362,-33.4254945665095],[-70.5796371032501,-33.4256433394383],[-70.5799921901181,-33.4257195621477],[-70.5802017087085,-33.4257654088452],[-70.5806899383643,-33.425879500231],[-70.5809036500664,-33.4259294407447],[-70.5812088333582,-33.4249871853804],[-70.5813124991913,-33.4246635495384],[-70.5795122519827,-33.4242503229374],[-70.579416649002,-33.4245833808491],[-70.5791566941924,-33.4245241387701],[-70.5790223371934,-33.4249575208998],[-70.5785995544262,-33.424867458882],[-70.5785448530725,-33.4250421193089],[-70.5785841863274,-33.4250444242588],[-70.5784850024268,-33.4253801261723]]]},"properties":{"ZONA":"UV1/EAa1","NOMBRE":"UV1/EAa1 Zona de Uso de Vivienda N°1 Equipamiento en (baja intensidad)/ Edificación Aislada Alta N"}},{"type":"Feature","geometry":{"type":"Polygon","coordinates":[[[-70.5846954252213,-33.4276989298279],[-70.5854634307152,-33.4278869837506],[-70.5854834977054,-33.4279051156822],[-70.5854904095825,-33.4279234158057],[-70.5854939065707,-33.4279501710411],[-70.5854903543222,-33.427961778033],[-70.5852221311109,-33.4281839535511],[-70.5846852245985,-33.4277581522839],[-70.5845835998089,-33.4279656185246],[-70.5845344912695,-33.4280208740313],[-70.5844704263945,-33.4280805222896],[-70.5841157772195,-33.4283554660822],[-70.5840745895606,-33.4283873969686],[-70.5839441122846,-33.4284885500163],[-70.5834177932169,-33.4288965747261],[-70.583215503647,-33.429027032967],[-70.5828721653624,-33.429313144256],[-70.5828263872677,-33.4293894406909],[-70.5826966839764,-33.4297098837067],[-70.5832078813742,-33.4298395826815],[-70.5838182656498,-33.4300112450589],[-70.5837648580213,-33.430140947871],[-70.5836704268362,-33.4302306234035],[-70.5834338418518,-33.4304316515145],[-70.5833959579035,-33.4304717368134],[-70.5833751021196,-33.4305044034873],[-70.5833712049161,-33.4305260558994],[-70.5833716625073,-33.430551250141],[-70.5833809594647,-33.4305907320766],[-70.5836889308531,-33.4312492187499],[-70.5837554914119,-33.431370777023],[-70.5837732358164,-33.4314029507473],[-70.5837868215187,-33.4314423787675],[-70.5837920908584,-33.4314963144688],[-70.5837926793728,-33.431528707311],[-70.5837820135729,-33.4316203963998],[-70.5837756585782,-33.4316643015173],[-70.5837773659987,-33.4316643861265],[-70.5841199586897,-33.4316814042466],[-70.5841880654631,-33.4316487605758],[-70.5844668085897,-33.4313158981768],[-70.5848482948718,-33.4308962692487],[-70.5852694216512,-33.4304385239428],[-70.5853442250316,-33.4304003433305],[-70.5855426013202,-33.4303164169463],[-70.5856570467216,-33.4302363060166],[-70.5862597958466,-33.4296907874555],[-70.586702319678,-33.429278788132],[-70.587236401032,-33.4288057513546],[-70.5875263311938,-33.4285768626489],[-70.5878391505296,-33.4283021959783],[-70.5886173833517,-33.42768801048],[-70.5876331388729,-33.4274476839643],[-70.5868548995573,-33.4272683942222],[-70.5863240152127,-33.4271523010203],[-70.5857485787437,-33.4270128106655],[-70.5848482595291,-33.4268182625255],[-70.584791958527,-33.42702167851],[-70.5846954252213,-33.4276989298279]]]},"properties":{"ZONA":"UV1/EAm1","NOMBRE":"UV1/EAm1 Zona de Uso de Vivienda N°1 Equipamiento en (baja Intensidad)/ Edificación Aislada Media"}},{"type":"Feature","geometry":{"type":"Polygon","coordinates":[[[-70.5937926682512,-33.4118644684144],[-70.5949939103827,-33.4121124528141],[-70.5950141363418,-33.4121221463248],[-70.5950375990915,-33.4121318396932],[-70.5950634894843,-33.4121399182083],[-70.5950918058966,-33.4121447639898],[-70.5951209327084,-33.4121447645822],[-70.595157340449,-33.4121423411787],[-70.5952934616307,-33.4121316803479],[-70.5960172188986,-33.412079285111],[-70.5960270119989,-33.4120785765107],[-70.5961936311672,-33.4120702286778],[-70.596338597291,-33.4120664123712],[-70.597566994763,-33.4121694041767],[-70.5978492965426,-33.4121579588075],[-70.5983452326649,-33.412089288984],[-70.5984195227701,-33.4120638746799],[-70.5984901975937,-33.4120396964486],[-70.5992150247768,-33.4116353244458],[-70.5993447303121,-33.4115704719572],[-70.5994286569491,-33.4114522138668],[-70.5994591754083,-33.4113949918706],[-70.599466805068,-33.411314880553],[-70.5994591748961,-33.4112538442006],[-70.599438783153,-33.4110854957756],[-70.5992812127653,-33.4109874189038],[-70.5988258972994,-33.410719778094],[-70.5984520383407,-33.4108609274912],[-70.5983528521282,-33.4108876311911],[-70.5979812355029,-33.4109205611787],[-70.5979089422999,-33.4109269675775],[-70.5978670015755,-33.4105599155654],[-70.5964903074558,-33.411128723161],[-70.5957078465284,-33.411281958777],[-70.5950843267391,-33.4114140573196],[-70.595069284285,-33.4112138160382],[-70.5948851442668,-33.4111016502484],[-70.5944419271657,-33.4111359817872],[-70.5939197607077,-33.4112095047768],[-70.5938272959607,-33.411754728619],[-70.5937926682512,-33.4118644684144]]]},"properties":{"ZONA":"UV1/EAb2","NOMBRE":"UV1/EAb2 Zona de Uso de Vivienda N°1 Equipamiento en (Baja Intensidad)/ Edificación Aislada Baja N"}},{"type":"Feature","geometry":{"type":"Polygon","coordinates":[[[-70.5052385831415,-33.3749834218085],[-70.5051622855953,-33.3749910515832],[-70.5050707273004,-33.3749910517679],[-70.5050020599127,-33.374983423241],[-70.5049333911549,-33.3749681640584],[-70.5040712233523,-33.3747240234253],[-70.5036744780193,-33.3757349466382],[-70.5031732947958,-33.3771116381962],[-70.5031689858768,-33.3771234731825],[-70.5029161001555,-33.3778181053192],[-70.5028420055815,-33.3780097404883],[-70.5042494984591,-33.3781395316041],[-70.5062163787509,-33.3754524888084],[-70.5063825641717,-33.3751939586521],[-70.5066390584967,-33.3747941659045],[-70.5065890505103,-33.3747755119681],[-70.5056124382474,-33.3744112015404],[-70.5053454000056,-33.3749147546215],[-70.5052996215903,-33.3749567178547],[-70.5052385831415,-33.3749834218085]]]},"properties":{"ZONA":"UEe5/Ee5","NOMBRE":"UEe5/Ee5 Zona Especial 5 Uso de Interés Patrimonial/ Edificación Espacial N°5 Áreas de Interé"}},{"type":"Feature","geometry":{"type":"Polygon","coordinates":[[[-70.5004423472476,-33.3733681468394],[-70.5004383105861,-33.3737382777221],[-70.5005098731737,-33.3737560900716],[-70.501026928082,-33.3738847885076],[-70.5014166661925,-33.3739936419341],[-70.5014516423622,-33.3740034107283],[-70.5017055312834,-33.3733534652314],[-70.5024374249998,-33.3735604026792],[-70.5024653340054,-33.3735062454092],[-70.5025376230626,-33.3733659679293],[-70.5028885862236,-33.3726449714303],[-70.5032929601229,-33.3718476753899],[-70.5034652340144,-33.3714812803746],[-70.5036846743159,-33.37103274043],[-70.5018464999976,-33.3701796345191],[-70.5010949135712,-33.3717137335602],[-70.5006958612952,-33.3723151635631],[-70.5006627368884,-33.372456348136],[-70.5005235434089,-33.3727968682316],[-70.5004825147159,-33.3730574581628],[-70.5004423472476,-33.3733681468394]]]},"properties":{"ZONA":"UEe2/Ee2","NOMBRE":"UEe2/Ee2 Zona Especial 2 Equipamiento Recreacional Deportivo/ Edificación Especial N°2, Equipamien"}},{"type":"Feature","geometry":{"type":"Polygon","coordinates":[[[-70.5547138347899,-33.3938821246586],[-70.554844893672,-33.3944438040508],[-70.5549355101244,-33.3948321524716],[-70.5549943478911,-33.3948232605399],[-70.5559403460111,-33.3946802897394],[-70.5561727680972,-33.3941419256887],[-70.5561833511911,-33.3941174105731],[-70.55619924751,-33.3940805880245],[-70.5554050073518,-33.3938782343331],[-70.5552510916407,-33.3938610743604],[-70.5549127863117,-33.3938724725914],[-70.5547138347899,-33.3938821246586]]]},"properties":{"ZONA":"UEe2/Ee2","NOMBRE":"UEe2/Ee2 Zona Especial 2 Equipamiento Recreacional Deportivo/ Edificación Especial N°2, Equipamien"}},{"type":"Feature","geometry":{"type":"Polygon","coordinates":[[[-70.5944312127277,-33.4193984441753],[-70.5940005528694,-33.4199319099545],[-70.5937979242518,-33.4201870550364],[-70.5937944319821,-33.4201914521883],[-70.5937741038932,-33.4202170496739],[-70.5937637183685,-33.4202367079398],[-70.5949648116099,-33.4210852786613],[-70.5949850900088,-33.421099605099],[-70.5952116763901,-33.4212596845217],[-70.5952663973602,-33.4212983440815],[-70.5952508396989,-33.4214044010529],[-70.5966286117659,-33.4214889332121],[-70.5974752130176,-33.4208589726774],[-70.5970639503682,-33.420451408933],[-70.5955626125651,-33.4189635279493],[-70.5955291066265,-33.4189303213314],[-70.594962042372,-33.4194296329818],[-70.5944894070332,-33.4193219938893],[-70.5944312127277,-33.4193984441753]]]},"properties":{"ZONA":"UEe2/Ee2","NOMBRE":"UEe2/Ee2 Zona Especial 2 Equipamiento Recreacional Deportivo/ Edificación Especial N°2, Equipamien"}},{"type":"Feature","geometry":{"type":"Polygon","coordinates":[[[-70.5874925307866,-33.4103069134526],[-70.5875685403637,-33.4103304490639],[-70.5888884364705,-33.4107221583587],[-70.5886916224825,-33.4111697250395],[-70.5887704726816,-33.4111944193501],[-70.5889080918372,-33.411237518598],[-70.5892428847139,-33.4113302043898],[-70.589643321008,-33.411442768689],[-70.5896736438578,-33.4114512929601],[-70.5905540809711,-33.4116987827877],[-70.5906274359877,-33.4117102604546],[-70.5906872928673,-33.4117237761886],[-70.590891069389,-33.4117840101561],[-70.5914326411139,-33.4119405546475],[-70.5920125053811,-33.4120511813815],[-70.5921018582518,-33.4120682282144],[-70.5925923710112,-33.4121618053584],[-70.593632537473,-33.4123719294393],[-70.5937926682512,-33.4118644684144],[-70.5938272959607,-33.411754728619],[-70.5939197607077,-33.4112095047768],[-70.5944419271657,-33.4111359817872],[-70.5948851442668,-33.4111016502484],[-70.595069284285,-33.4112138160382],[-70.5950843267391,-33.4114140573196],[-70.5957078465284,-33.411281958777],[-70.5964903074558,-33.411128723161],[-70.5978670015755,-33.4105599155654],[-70.5979158762231,-33.410539721454],[-70.5989469115524,-33.4102565037235],[-70.5994203294266,-33.4102820907549],[-70.5994606331421,-33.4103078181692],[-70.5999246147379,-33.4103445075382],[-70.600035570123,-33.4103025494915],[-70.600817217352,-33.4100069664295],[-70.600593818082,-33.4094610417214],[-70.6004586539702,-33.4090720587096],[-70.6002820268397,-33.4087492291359],[-70.6003267338773,-33.4087232728047],[-70.6005158078398,-33.4086135018668],[-70.600432863927,-33.4085719060685],[-70.6003662880055,-33.4085495814637],[-70.6003083284547,-33.4085043318406],[-70.6002299204657,-33.4084318444111],[-70.6001747448181,-33.4083680566797],[-70.6001656886984,-33.4083566840769],[-70.6001173559588,-33.408295983418],[-70.600079115635,-33.4082274048537],[-70.6000494685415,-33.4081610809543],[-70.6000283713361,-33.4080948839454],[-70.6000259669482,-33.4080807506757],[-70.5999655572668,-33.4080793032434],[-70.5993210850149,-33.4080561265719],[-70.599160000876,-33.4080503330204],[-70.5989608856333,-33.4080195949285],[-70.5983330135037,-33.407836943313],[-70.598278571984,-33.4078186547632],[-70.5975165943097,-33.4075626829365],[-70.5969506325396,-33.4072944277823],[-70.5969288414776,-33.4072868262401],[-70.5968571407095,-33.407261813276],[-70.5951901998393,-33.4066802907941],[-70.5951795717507,-33.4066765829235],[-70.594856529612,-33.4065638834712],[-70.5947144052395,-33.4065143012826],[-70.5938120683074,-33.4062019554368],[-70.5932255919186,-33.4059989402991],[-70.5929974321934,-33.4059205244934],[-70.5925795712347,-33.4057769094415],[-70.5922040024955,-33.4056478279986],[-70.5921949316583,-33.4056447104254],[-70.5916018081495,-33.4054137092953],[-70.5907675061006,-33.4051401976227],[-70.5907210038473,-33.4051249522068],[-70.5906394133612,-33.4050997756114],[-70.5902244026243,-33.4049717132661],[-70.5899878600128,-33.4048987210456],[-70.5897303520674,-33.4048185072535],[-70.5893409306361,-33.4047276936918],[-70.5890940030752,-33.4046659552022],[-70.5890319779122,-33.4046535440746],[-70.5887353712836,-33.4045941925996],[-70.5877942830299,-33.4044077157675],[-70.5877174551167,-33.4043939386691],[-70.5875859788902,-33.4043703625808],[-70.5875390351199,-33.4043619440362],[-70.5873237731086,-33.4043233420171],[-70.5872665746169,-33.4043130849629],[-70.5871177630105,-33.4047281587513],[-70.5869135232586,-33.4049956317703],[-70.5873169658,-33.4060606475581],[-70.5874082888017,-33.406027734127],[-70.5874611156735,-33.4060086948037],[-70.5874803722107,-33.406042948318],[-70.5876948576122,-33.406424468891],[-70.5880415173423,-33.4071823984646],[-70.5881091635301,-33.4073819666399],[-70.5881809881288,-33.4078892922765],[-70.5881977935588,-33.4084999256334],[-70.5881000622223,-33.4089139766043],[-70.5879263547318,-33.4093743365762],[-70.5874925307866,-33.4103069134526]]]},"properties":{"ZONA":"UEe2/Ee2","NOMBRE":"UEe2/Ee2 Zona Especial 2 Equipamiento Recreacional Deportivo/ Edificación Especial N°2, Equipamien"}},{"type":"Feature","geometry":{"type":"Polygon","coordinates":[[[-70.5604776046385,-33.4074809171888],[-70.5604191544206,-33.4077127468815],[-70.560300418703,-33.4081836846107],[-70.5602593394114,-33.4081775204487],[-70.5601544234438,-33.4085472594296],[-70.5594447560882,-33.408477918318],[-70.5593852554294,-33.4085995966599],[-70.5593619379285,-33.4086472808918],[-70.5597255129016,-33.4088688819497],[-70.5599596706925,-33.409011601746],[-70.5600021089501,-33.4090668075174],[-70.5600664313813,-33.4092421921688],[-70.5601286478347,-33.4093044171169],[-70.5601724591131,-33.4093482341817],[-70.5603520383627,-33.4095577233021],[-70.5609058291577,-33.4095412386172],[-70.5614551735906,-33.4095259753227],[-70.5619434799855,-33.4095145282482],[-70.5621800034641,-33.4095107118865],[-70.562431783926,-33.4094878218638],[-70.5625478173631,-33.409439430025],[-70.56270655464,-33.409353027521],[-70.5628524100155,-33.4091730150527],[-70.5629216596806,-33.4090186448565],[-70.5629384398099,-33.4089812395239],[-70.5629845860882,-33.4088524986391],[-70.5631086151855,-33.4084959351792],[-70.5631866361154,-33.4082716343409],[-70.5633429830149,-33.4078386206748],[-70.5632362521572,-33.4078097548439],[-70.5628273555159,-33.4077083297666],[-70.5628066198363,-33.4077031862509],[-70.5625327812249,-33.4076352611966],[-70.5619569046454,-33.4074995956888],[-70.5616296452783,-33.4074706444595],[-70.5613236568623,-33.4074625657024],[-70.5611864006319,-33.4074642932287],[-70.5608258839294,-33.4074688300191],[-70.5604776046385,-33.4074809171888]]]},"properties":{"ZONA":"UEe2/Ee2","NOMBRE":"UEe2/Ee2 Zona Especial 2 Equipamiento Recreacional Deportivo/ Edificación Especial N°2, Equipamien"}},{"type":"Feature","geometry":{"type":"Polygon","coordinates":[[[-70.5343950696376,-33.3873068989532],[-70.5353914571498,-33.3881793148972],[-70.5359555922218,-33.3877616094496],[-70.5349382215613,-33.386866086043],[-70.5349185686922,-33.3868815623487],[-70.5343950696376,-33.3873068989532]]]},"properties":{"ZONA":"UEe1/Ee1","NOMBRE":"UEe1/Ee1 Zona Especial 1 Equipamientos Intercomunales y Comunal/ Edificación Especial N°1, Equipam"}},{"type":"Feature","geometry":{"type":"Polygon","coordinates":[[[-70.5448374173226,-33.388656895081],[-70.5444917397922,-33.3885410032514],[-70.5441592045155,-33.3884238222813],[-70.5436261712299,-33.388223638431],[-70.5434474661372,-33.3881525454542],[-70.5430625818572,-33.3879994263316],[-70.542666717439,-33.3878494844462],[-70.5419986603249,-33.3875942898036],[-70.5414928888752,-33.3874128292656],[-70.5408371379936,-33.3871871183296],[-70.540347013963,-33.3870021678646],[-70.5400227462773,-33.3868711485692],[-70.5396865845335,-33.3867408189087],[-70.5395722494118,-33.3866964911112],[-70.5390876836314,-33.3865367491319],[-70.538736543861,-33.3864098970909],[-70.5386989176972,-33.386396303794],[-70.5385986968622,-33.386379324596],[-70.5389715377012,-33.3867744308238],[-70.5399876924304,-33.387540306974],[-70.540089328625,-33.3876583533446],[-70.5408048447541,-33.3887142914545],[-70.5409448491357,-33.3887901030701],[-70.541262830055,-33.3890784573522],[-70.5413722631189,-33.3892351808481],[-70.5416119352581,-33.3895185420834],[-70.5420999206609,-33.3901716531241],[-70.5424920094874,-33.3906290963687],[-70.5425351894565,-33.3905775553639],[-70.5437564121691,-33.3913592624397],[-70.5448374173226,-33.388656895081]]]},"properties":{"ZONA":"UEe2/Ee2","NOMBRE":"UEe2/Ee2 Zona Especial 2 Equipamiento Recreacional Deportivo/ Edificación Especial N°2, Equipamien"}},{"type":"Feature","geometry":{"type":"Polygon","coordinates":[[[-70.5204559891266,-33.3756387637064],[-70.522555432843,-33.3768899817587],[-70.5229031773007,-33.3770578631386],[-70.5238810461949,-33.3776248927314],[-70.5244015769373,-33.3768987781733],[-70.5246128554591,-33.3766040526573],[-70.5250677022861,-33.3759695474772],[-70.5249061957582,-33.3758797185801],[-70.5246235986717,-33.375727005318],[-70.5244129610085,-33.3756373572523],[-70.5232596838268,-33.3751465061095],[-70.5228464443235,-33.3749706208054],[-70.522675292901,-33.3748977737931],[-70.5220262317856,-33.3746387317226],[-70.5218999378755,-33.3745883263265],[-70.5218297969078,-33.3745603324178],[-70.5216326046884,-33.3744816309399],[-70.5214412924954,-33.3744052749373],[-70.5214240073507,-33.3743983756925],[-70.5212028672175,-33.374681741608],[-70.5204559891266,-33.3756387637064]]]},"properties":{"ZONA":"UEe2/Ee2","NOMBRE":"UEe2/Ee2 Zona Especial 2 Equipamiento Recreacional Deportivo/ Edificación Especial N°2, Equipamien"}},{"type":"Feature","geometry":{"type":"Polygon","coordinates":[[[-70.5336289408944,-33.391964434378],[-70.5327607228846,-33.392573711714],[-70.5328013504518,-33.392582773958],[-70.5330493190208,-33.3926380863414],[-70.5333926609627,-33.39272200956],[-70.5335223716694,-33.3927677834505],[-70.5337841871764,-33.3927683584243],[-70.5342215386182,-33.3927486351645],[-70.5345680512969,-33.3927348038062],[-70.5347497464344,-33.3927230094248],[-70.5350161010252,-33.3926767519886],[-70.5354070671648,-33.3926050880766],[-70.5355544933654,-33.3925841704879],[-70.5356566263249,-33.3925733603315],[-70.5357816587445,-33.3925718127497],[-70.5362879643242,-33.3925941839055],[-70.5368682403371,-33.3926204066552],[-70.5370388264903,-33.3926230706448],[-70.5371723059178,-33.3926096658874],[-70.5372828259387,-33.3925985665074],[-70.5374069584495,-33.3925498246093],[-70.5375494530183,-33.3925122111623],[-70.5376969584207,-33.3924745282375],[-70.5378318446047,-33.3924327899001],[-70.5379626322155,-33.3923824399356],[-70.5379790154856,-33.392376132221],[-70.5381658439318,-33.3922894561102],[-70.5382429775393,-33.3922484332845],[-70.5381768382284,-33.3921664452162],[-70.5378362860784,-33.3916841229742],[-70.5375582719915,-33.3912892240646],[-70.5375203645373,-33.3912304033537],[-70.5372304288649,-33.3908374821227],[-70.5371312408973,-33.3907497423397],[-70.5368794588869,-33.3908451135459],[-70.5364598214764,-33.3910167817644],[-70.5362990447413,-33.3910858667777],[-70.5358877480551,-33.3906101478655],[-70.5357457739446,-33.3904788774659],[-70.5336289408944,-33.391964434378]]]},"properties":{"ZONA":"UEe2/Ee2","NOMBRE":"UEe2/Ee2 Zona Especial 2 Equipamiento Recreacional Deportivo/ Edificación Especial N°2, Equipamien"}},{"type":"Feature","geometry":{"type":"Polygon","coordinates":[[[-70.5458569989326,-33.3978673714044],[-70.546134458901,-33.3983029658572],[-70.546599881969,-33.3990086986331],[-70.5468249627578,-33.3993386767056],[-70.5503199715424,-33.397734746777],[-70.5507479749187,-33.3975383175104],[-70.5507268302807,-33.3975147603696],[-70.5505029789319,-33.3972653723363],[-70.5502392740679,-33.3969715805968],[-70.5495190556013,-33.3961970629761],[-70.549503970243,-33.3961808404302],[-70.5458569989326,-33.3978673714044]]]},"properties":{"ZONA":"UEe2/Ee2","NOMBRE":"UEe2/Ee2 Zona Especial 2 Equipamiento Recreacional Deportivo/ Edificación Especial N°2, Equipamien"}},{"type":"Feature","geometry":{"type":"Polygon","coordinates":[[[-70.5408596854921,-33.4055669569075],[-70.5401685442719,-33.405417848736],[-70.5400612060716,-33.4053946907382],[-70.5398246883569,-33.4060546504645],[-70.5396339472218,-33.4065009814229],[-70.5396034492067,-33.4065837619439],[-70.5404575799207,-33.4067808332681],[-70.5408596854921,-33.4055669569075]]]},"properties":{"ZONA":"UEe1/Ee1","NOMBRE":"UEe1/Ee1 Zona Especial 1 Equipamientos Intercomunales y Comunal/ Edificación Especial N°1, Equipam"}},{"type":"Feature","geometry":{"type":"Polygon","coordinates":[[[-70.5348702347398,-33.4046784249098],[-70.5351947279715,-33.4049378031591],[-70.5351837202018,-33.4049589371712],[-70.5353130276646,-33.4050642368199],[-70.5354113530197,-33.4052195513416],[-70.535722197856,-33.4058112864232],[-70.5358242440133,-33.4060486382188],[-70.5358266708351,-33.4063158570687],[-70.5357276056725,-33.406635873169],[-70.5363778199754,-33.4068236530855],[-70.5374447162116,-33.4071317609937],[-70.5374537886187,-33.4071091888806],[-70.5374817445382,-33.4070396416449],[-70.537543387907,-33.4068862873095],[-70.5378943507459,-33.4059974402165],[-70.5383043357336,-33.4050069639589],[-70.5383212774492,-33.4049657178916],[-70.5376151268695,-33.4047022527903],[-70.5371243767452,-33.4045071444835],[-70.5369599758133,-33.4044310307218],[-70.5365142267054,-33.4042246583277],[-70.5358724374331,-33.4038726159907],[-70.5354353709654,-33.4042256691048],[-70.535188090544,-33.4044322781085],[-70.5349690773011,-33.4046018820511],[-70.5348702347398,-33.4046784249098]]]},"properties":{"ZONA":"UEe2/Ee2","NOMBRE":"UEe2/Ee2 Zona Especial 2 Equipamiento Recreacional Deportivo/ Edificación Especial N°2, Equipamien"}},{"type":"Feature","geometry":{"type":"Polygon","coordinates":[[[-70.5355825744252,-33.4118722253898],[-70.5364905215643,-33.4121125517596],[-70.5366831122782,-33.4121631450773],[-70.5375074471373,-33.410120928024],[-70.536378644179,-33.4097812216943],[-70.5360250918244,-33.4107201573259],[-70.535773314371,-33.4113457838052],[-70.5355825744252,-33.4118722253898]]]},"properties":{"ZONA":"UEe2/Ee2","NOMBRE":"UEe2/Ee2 Zona Especial 2 Equipamiento Recreacional Deportivo/ Edificación Especial N°2, Equipamien"}},{"type":"Feature","geometry":{"type":"Polygon","coordinates":[[[-70.5081675795706,-33.371010251219],[-70.5086374599372,-33.371078770888],[-70.5099712436885,-33.3712818330123],[-70.5107015268508,-33.371413905042],[-70.511242355452,-33.371472867176],[-70.512560143977,-33.3717932285327],[-70.5128469623195,-33.3718205041856],[-70.5153988354793,-33.3726090228015],[-70.5155731600014,-33.372821649158],[-70.5158598666042,-33.3731188055752],[-70.5161884809053,-33.3733724974401],[-70.51662805003,-33.3736284129451],[-70.517083668087,-33.373825668636],[-70.5175546898243,-33.3739272879632],[-70.5179683265266,-33.3739997793301],[-70.5183312730667,-33.3740192018743],[-70.5187701277693,-33.373988061635],[-70.5192197527609,-33.3742001767674],[-70.5197091130477,-33.3744728900725],[-70.5197182117817,-33.3744768298004],[-70.5202190553096,-33.3738539581506],[-70.5201793567012,-33.3738346982499],[-70.5197350491131,-33.373636873638],[-70.518956038243,-33.3732900178234],[-70.5188336919423,-33.3732355422436],[-70.5178050529469,-33.3728085977321],[-70.5175972646922,-33.3727223525843],[-70.5175942341877,-33.3727210900633],[-70.517242110401,-33.3725744494614],[-70.5167986761942,-33.3723897822563],[-70.5167840489313,-33.3723836903995],[-70.5163700818689,-33.3722106580188],[-70.5163524280552,-33.372203278258],[-70.5162626703521,-33.3721657608898],[-70.5161474934342,-33.372123860707],[-70.5158247859982,-33.3720064637433],[-70.5158056516017,-33.3720007235269],[-70.5154502832259,-33.3718941147687],[-70.5153905130088,-33.371876937265],[-70.5149308901808,-33.3717448435419],[-70.5146380835907,-33.3716563122033],[-70.5142725507963,-33.3715457918526],[-70.5137944386641,-33.3713875959868],[-70.5136382552699,-33.3713359177966],[-70.5133057695693,-33.3712259051014],[-70.5133037342341,-33.3712252481127],[-70.513010900412,-33.3711306689455],[-70.5129711621621,-33.3711178347152],[-70.5125228207407,-33.3710057211931],[-70.5122858850315,-33.370946471202],[-70.5120885789997,-33.3708971309748],[-70.5114047368022,-33.3707371310213],[-70.5113034119428,-33.3707200616248],[-70.5104686803337,-33.3705794366529],[-70.5100513359441,-33.3705091258407],[-70.5098238597105,-33.3704763148625],[-70.5092587181128,-33.3703947970667],[-70.5086393280928,-33.3703054504852],[-70.5086209067623,-33.3703031122129],[-70.5085664399108,-33.3702961986195],[-70.5081675795706,-33.371010251219]]]},"properties":{"ZONA":"UC2/EAm1p","NOMBRE":"UC2/EAm1p Zona de Uso de Comercio N°2 e Instituciones Metropolitanas/ Edificación Aislada Media N"}},{"type":"Feature","geometry":{"type":"Polygon","coordinates":[[[-70.5285502609529,-33.3852132675828],[-70.5287918341458,-33.3853404255423],[-70.528952059744,-33.3854052761104],[-70.5290970266728,-33.3854434230084],[-70.5292954015165,-33.3854891995681],[-70.5294861460999,-33.3855120870065],[-70.5296921505463,-33.3855044557793],[-70.5298447460427,-33.3854891955521],[-70.5300126018829,-33.3854586769959],[-70.5301804568145,-33.3854128979537],[-70.5302872732337,-33.385401452884],[-70.5304093502613,-33.3854014525242],[-70.5305161672044,-33.3854205259895],[-70.5306458738911,-33.3854624874451],[-70.5307450616895,-33.3855235233857],[-70.5308289906598,-33.3856036332113],[-70.5312333730665,-33.3860499611885],[-70.5317687615296,-33.3856433640522],[-70.5310270241759,-33.3850019603656],[-70.5309104620909,-33.3850779132596],[-70.5298804104127,-33.3841480504586],[-70.5294532071252,-33.3844939839734],[-70.5286595133992,-33.3851189748235],[-70.5285502609529,-33.3852132675828]]]},"properties":{"ZONA":"UC2/EAm1p","NOMBRE":"UC2/EAm1p Zona de Uso de Comercio N°2 e Instituciones Metropolitanas/ Edificación Aislada Media N"}},{"type":"Feature","geometry":{"type":"Polygon","coordinates":[[[-70.5059465788473,-33.3710891540805],[-70.5062265142661,-33.3711503619057],[-70.508103761325,-33.3713721493047],[-70.5095688995262,-33.3716034350108],[-70.5110407960347,-33.3718326513361],[-70.5113685828653,-33.3718663416712],[-70.5125398684894,-33.3721712236793],[-70.5127177305647,-33.3721780042178],[-70.5152195030704,-33.3729468541792],[-70.5161149656814,-33.3737442340959],[-70.5162877427186,-33.3738673968142],[-70.5165213033704,-33.3740106963782],[-70.5170940714616,-33.374239330028],[-70.5174402830524,-33.3743186140073],[-70.5180641609151,-33.3746241689032],[-70.5186372478692,-33.3748706878325],[-70.5192151927135,-33.3751023956128],[-70.5197182117817,-33.3744768298004],[-70.5197091130477,-33.3744728900725],[-70.5192197527609,-33.3742001767674],[-70.5187701277693,-33.373988061635],[-70.5183312730667,-33.3740192018743],[-70.5179683265266,-33.3739997793301],[-70.5175546898243,-33.3739272879632],[-70.517083668087,-33.373825668636],[-70.51662805003,-33.3736284129451],[-70.5161884809053,-33.3733724974401],[-70.5158598666042,-33.3731188055752],[-70.5155731600014,-33.372821649158],[-70.5153988354793,-33.3726090228015],[-70.5128469623195,-33.3718205041856],[-70.512560143977,-33.3717932285327],[-70.511242355452,-33.371472867176],[-70.5107015268508,-33.371413905042],[-70.5099712436885,-33.3712818330123],[-70.5086374599372,-33.371078770888],[-70.5081675795706,-33.371010251219],[-70.507991543007,-33.371325395896],[-70.507815444511,-33.3712559502627],[-70.5078898046679,-33.3711154561327],[-70.5075891586747,-33.3709974132204],[-70.5076268175568,-33.3709313932874],[-70.5074908222499,-33.3709115610464],[-70.5063393309314,-33.3707749337085],[-70.5057117512673,-33.3706632399354],[-70.5055818663139,-33.3706304375649],[-70.5054666629576,-33.3708597233049],[-70.5059648505626,-33.3710541178789],[-70.5059465788473,-33.3710891540805]]]},"properties":{"ZONA":"UV/EAm1p","NOMBRE":"UV/EAm1p Zona de Uso de Suelo de Vivienda/ Edificación Aislada Media Nº1 Prima"}},{"type":"Feature","geometry":{"type":"Polygon","coordinates":[[[-70.4772354429355,-33.3645250034339],[-70.4773230903074,-33.3645294526816],[-70.4776711251679,-33.3645371452008],[-70.4778927071492,-33.36452376959],[-70.4781011926688,-33.3644926529189],[-70.4785084565217,-33.3644632448124],[-70.4786408250864,-33.3644501981571],[-70.4788294345285,-33.3644628654046],[-70.4793376421501,-33.3644568097137],[-70.4797207072285,-33.364407502288],[-70.479990550499,-33.3643893719763],[-70.4806698505113,-33.3644110981507],[-70.4808701323965,-33.3644832769143],[-70.4811028538406,-33.3645819131926],[-70.4813797395372,-33.3647695040901],[-70.4816005217558,-33.3650025055297],[-70.4817789113992,-33.3652509258593],[-70.4818542879361,-33.3655035582176],[-70.4819004246956,-33.3657088165338],[-70.4818970947324,-33.3661413526736],[-70.4821136337095,-33.3661238540464],[-70.4824267871892,-33.3661439759729],[-70.4828823019725,-33.3661743281061],[-70.4830521453384,-33.3659187659002],[-70.4831712084196,-33.3658129479602],[-70.4833817630339,-33.3656523467684],[-70.4836318655202,-33.365518117428],[-70.4840614970041,-33.3652803284215],[-70.4846871399484,-33.3652817940217],[-70.4850004427679,-33.3653108569032],[-70.4854909708554,-33.3654508747803],[-70.4855219526522,-33.3654597183439],[-70.4856190240538,-33.3655241771003],[-70.4858051463838,-33.3655995006151],[-70.4859634981126,-33.3657139310419],[-70.4861033182624,-33.3657838425628],[-70.4862333398888,-33.3659045785442],[-70.4862884978467,-33.3659081433214],[-70.4867760914222,-33.3665704361078],[-70.4869533844697,-33.3665444499253],[-70.4880442502107,-33.3658930722542],[-70.4886629419714,-33.3659035502541],[-70.4893346348881,-33.3656867013565],[-70.4895684835241,-33.3656421371958],[-70.4898866093805,-33.3655369063889],[-70.4904114720816,-33.3654649857564],[-70.4908882069596,-33.3654890869795],[-70.4913585461959,-33.365555023079],[-70.4918233059516,-33.3657105054865],[-70.4922901041126,-33.3659852708642],[-70.4928036271038,-33.3664980909493],[-70.4930098195849,-33.3671840351994],[-70.4940528623228,-33.3671714845623],[-70.4941434604725,-33.3674805977021],[-70.4941448048546,-33.3675828022096],[-70.4941383375985,-33.3676254191053],[-70.4941395294298,-33.3676577229967],[-70.4941490584336,-33.3676995710432],[-70.4941676952738,-33.3677392081099],[-70.4941854722125,-33.3677605486211],[-70.4942134748629,-33.3677773559226],[-70.4943202916462,-33.3678116881325],[-70.4944194801069,-33.3678383912509],[-70.4945110378327,-33.3678727239339],[-70.4945644467007,-33.3679108708384],[-70.4946102251577,-33.3679528333905],[-70.4946331146976,-33.3680024253341],[-70.4946483753018,-33.3680634617814],[-70.4946254870893,-33.36817790594],[-70.494564449611,-33.3682465727914],[-70.4944423729277,-33.36829998003],[-70.4930766424813,-33.368528875216],[-70.4924433713291,-33.3686738414593],[-70.4924662610177,-33.3687425073021],[-70.4925272991755,-33.3687463214317],[-70.492756193583,-33.3687615798822],[-70.4929240485669,-33.3687959114851],[-70.4930919042929,-33.3688455023613],[-70.4932263809085,-33.368910419501],[-70.4933131694878,-33.3689523157261],[-70.4935268052158,-33.3691125349822],[-70.4938854084894,-33.369505456308],[-70.4939979541562,-33.3696117776851],[-70.4941677129228,-33.3697267120243],[-70.4943050488986,-33.3697877479901],[-70.4945492044585,-33.3699479677216],[-70.4947246904387,-33.3701158166963],[-70.4948543985318,-33.3703065558815],[-70.4949459584648,-33.3705392571869],[-70.4949993685867,-33.3707643291378],[-70.495022261062,-33.3711076600259],[-70.4949829358358,-33.3713464245233],[-70.4949688549666,-33.3714319165617],[-70.4948467807633,-33.3717409154288],[-70.4947404358461,-33.3719168002506],[-70.4946178903653,-33.3720766177071],[-70.4941601062603,-33.3725038762853],[-70.49406854989,-33.3725954324999],[-70.4939464741367,-33.3727365796285],[-70.4938549178188,-33.3728700984128],[-70.4938243995424,-33.3729082456266],[-70.4938091399485,-33.3729502089375],[-70.493801509807,-33.372980726882],[-70.4938015106453,-33.3730188747202],[-70.4935405055392,-33.3732594048336],[-70.4937497927978,-33.3732718155376],[-70.4938215914245,-33.3733127093781],[-70.4938799891822,-33.3734014882902],[-70.4939036593344,-33.3735384089989],[-70.4938766534431,-33.3736222500548],[-70.4937641405015,-33.3736951895494],[-70.493537177965,-33.3737277482791],[-70.4934695926172,-33.3737221267956],[-70.4926904811121,-33.3746366108363],[-70.4927306971344,-33.3746599894982],[-70.4926389828117,-33.3747851734006],[-70.4927523494425,-33.3747967876901],[-70.4927684653756,-33.3748072863213],[-70.492786868601,-33.3748170864535],[-70.492823603084,-33.3748299578838],[-70.4928463189793,-33.374835551256],[-70.4928641831408,-33.3748387769765],[-70.4930549134056,-33.3748716110009],[-70.4931666249402,-33.3748908412],[-70.4931971741786,-33.3748965873729],[-70.4932302179622,-33.374904138813],[-70.4932573124354,-33.3749113929644],[-70.4932812451214,-33.3749186184149],[-70.4933119323825,-33.374929042658],[-70.4933411242731,-33.3749402108851],[-70.4933697846384,-33.3749524172305],[-70.4933972010757,-33.3749652996018],[-70.4934046675612,-33.374969020122],[-70.4934596241753,-33.3750004497493],[-70.4935862775174,-33.3750822603013],[-70.4939882252858,-33.3754106051419],[-70.4943023797029,-33.3756674094961],[-70.4944415735315,-33.3757915620419],[-70.4944625019424,-33.3758144211242],[-70.4944870855395,-33.3758444700158],[-70.4945057160739,-33.3758700470131],[-70.4945284489642,-33.3759054526912],[-70.4945471498658,-33.3759391627203],[-70.494567652016,-33.3759830321652],[-70.4945850854533,-33.3760294872217],[-70.4946001433803,-33.3760827934628],[-70.494606798532,-33.3761147925163],[-70.4947255124675,-33.3768272642981],[-70.4948993245548,-33.3778703951282],[-70.4949086928231,-33.377927501745],[-70.4949175633252,-33.3780007468431],[-70.4949231468834,-33.3780780249736],[-70.4949248436133,-33.3781651116647],[-70.4949180286401,-33.3782984130289],[-70.4949032130325,-33.3784115017615],[-70.4948670224433,-33.3787894448949],[-70.4944482202177,-33.378800815451],[-70.4938214928565,-33.3787415484762],[-70.493365483156,-33.3786572753615],[-70.4933690518841,-33.3788660231578],[-70.4933789639492,-33.3788769579906],[-70.4934975282486,-33.3788738726581],[-70.4936932285461,-33.378883448059],[-70.4940787429569,-33.3789742549046],[-70.4944212989372,-33.3790476804243],[-70.4949149107894,-33.3790148914758],[-70.4950820219202,-33.3790158607973],[-70.4953849172641,-33.3790569517487],[-70.495543276962,-33.3790866608756],[-70.4957187084044,-33.3791167601725],[-70.4958302823648,-33.3791547870021],[-70.4959423466954,-33.3792214418898],[-70.496169759737,-33.3792974445169],[-70.4966050116526,-33.3793029338374],[-70.4967710551696,-33.3792830347795],[-70.4970809551619,-33.379193394492],[-70.4973704486564,-33.3791576883063],[-70.4975162075793,-33.3791988815175],[-70.4976701286648,-33.3792184991529],[-70.4978015054076,-33.379250320303],[-70.4980363157818,-33.3793429326491],[-70.4982591798086,-33.3794022829704],[-70.4984759462753,-33.379437845099],[-70.4987657468839,-33.3794200284555],[-70.499129315875,-33.379391774748],[-70.4995941895532,-33.379300256032],[-70.5002669452628,-33.3790582797522],[-70.5015613742396,-33.3785005869681],[-70.5017802711327,-33.3784100249568],[-70.5021009889721,-33.3782057051604],[-70.5023838660802,-33.3781163788294],[-70.5027078655936,-33.3781029107732],[-70.5027546750391,-33.3781787017069],[-70.502763809935,-33.3783790302722],[-70.5022730542563,-33.3786685472484],[-70.5023451760564,-33.3786944909684],[-70.5024039980079,-33.3787410254823],[-70.5024439524758,-33.3787820615824],[-70.5024604161046,-33.378846288399],[-70.5024783391659,-33.3788961814257],[-70.5025030375321,-33.3789431281139],[-70.5025090171491,-33.3789931657354],[-70.5025343311106,-33.3790758979608],[-70.5025759185985,-33.3791126186848],[-70.5025969585911,-33.3791452935291],[-70.5026004134994,-33.3792469029785],[-70.5025522398381,-33.3793233660014],[-70.5024650961539,-33.3794160499904],[-70.5023626702973,-33.3795132144851],[-70.502275624697,-33.3796116239645],[-70.5021694179399,-33.3796873589964],[-70.5021769317997,-33.3797273556953],[-70.5022184948383,-33.3797626446763],[-70.5022578096444,-33.3797664643204],[-70.5023443068931,-33.3797353510248],[-70.5029190966825,-33.3795193628374],[-70.5030161012462,-33.3795038709985],[-70.503135629972,-33.3795081500885],[-70.5032299365509,-33.3795342096576],[-70.5033015207922,-33.3795290478748],[-70.5035018615666,-33.3794693527847],[-70.5036511152404,-33.3794160031878],[-70.5038114004662,-33.3793095463303],[-70.5040307588247,-33.3791651491084],[-70.504166288587,-33.3791076696733],[-70.5042700183825,-33.3790863685438],[-70.5044098476291,-33.3790803788824],[-70.5045161458114,-33.3791091555096],[-70.5046809716071,-33.3791672886041],[-70.5048991066196,-33.3792491144035],[-70.5050188076618,-33.3792634119524],[-70.5051416496998,-33.3792619221259],[-70.5054468271196,-33.3792453346514],[-70.5054916307931,-33.379270561752],[-70.5055644975533,-33.3793398315636],[-70.5055701592894,-33.3793712602984],[-70.505536653253,-33.3794074597642],[-70.5053378188821,-33.3795544731582],[-70.5052588146286,-33.3796241540164],[-70.5051835421006,-33.3797124003247],[-70.5051194977399,-33.3797589915298],[-70.5049925225218,-33.3798177995134],[-70.5048604045589,-33.3798752384818],[-70.5046201078661,-33.3798939013284],[-70.5045268360202,-33.3799279608338],[-70.5043342327979,-33.3800405371816],[-70.5042069361587,-33.3800807357027],[-70.5039609970958,-33.3801681873358],[-70.5037985120326,-33.3802460370265],[-70.5036156759338,-33.380331291146],[-70.5035093698881,-33.3804013008087],[-70.5033842224972,-33.3804672439845],[-70.5033472042378,-33.3804977577155],[-70.5033274939837,-33.3805423796818],[-70.5033436865738,-33.380590861368],[-70.5034330478247,-33.3806270030277],[-70.5034863584156,-33.3806506965339],[-70.5034575994088,-33.38066536197],[-70.5035439866449,-33.3806939035373],[-70.5037270454493,-33.380753726174],[-70.5038584686283,-33.3807879265845],[-70.5041624489229,-33.3807675391242],[-70.5042678683141,-33.3807781919978],[-70.5043710191832,-33.3808222789395],[-70.5044318862197,-33.3808883534736],[-70.5044990562747,-33.3809901445355],[-70.5046029883287,-33.3810795591521],[-70.504674736717,-33.381116868512],[-70.5047542756958,-33.3811111314354],[-70.5048357141957,-33.3810504895583],[-70.5049082101439,-33.3809660946946],[-70.5049900583824,-33.3809293091298],[-70.5050827473436,-33.3808613725999],[-70.5052750036173,-33.3807946137238],[-70.5054818475532,-33.3807491535467],[-70.505769012263,-33.3807432831599],[-70.5058602539369,-33.3807564930241],[-70.5060294265834,-33.3808355703776],[-70.5062536558777,-33.3809736326793],[-70.5064547261392,-33.3810881143274],[-70.5065629076354,-33.381093959975],[-70.506645207915,-33.3810834155297],[-70.5072558909635,-33.3808707890978],[-70.5074256031513,-33.3808162323145],[-70.5075934173214,-33.3808165800503],[-70.5077621385497,-33.3808694119092],[-70.5079145385509,-33.3809653928596],[-70.508135434014,-33.3810748591153],[-70.5084680960373,-33.381233075467],[-70.5086460494134,-33.3813263585529],[-70.5087295034625,-33.3813826119559],[-70.5087422386137,-33.3814612010613],[-70.5087032927839,-33.3815117844971],[-70.5085404626762,-33.3816354580435],[-70.5083663815155,-33.3817664279891],[-70.508259805807,-33.3818536253514],[-70.5081768033339,-33.3819882597576],[-70.5081069064862,-33.3820583078982],[-70.5080030916297,-33.382140699762],[-70.5079076021374,-33.3822110587941],[-70.5079569251064,-33.3822875241244],[-70.5079837953936,-33.3823388740713],[-70.5081599510161,-33.3822666832885],[-70.5081858472883,-33.3822385868207],[-70.5083923638114,-33.3821600609251],[-70.5084937473798,-33.3821273158208],[-70.5086324489427,-33.3820806134399],[-70.5087283149346,-33.3820389382884],[-70.5088240997735,-33.3819927574661],[-70.5089145235833,-33.3819466417581],[-70.5090154402025,-33.3818868957732],[-70.5091321379875,-33.3818089476881],[-70.5092276155272,-33.3817447610949],[-70.5093285316942,-33.3816850148661],[-70.5094135886311,-33.3816389640767],[-70.5095145833495,-33.3815837152115],[-70.5095571874437,-33.3815651949747],[-70.509637034429,-33.381528205248],[-70.5097275341043,-33.3814865937178],[-70.5098660037914,-33.3814263892817],[-70.5099671536124,-33.3813801432188],[-70.5100577264276,-33.3813430290289],[-70.5101428614851,-33.3813014761669],[-70.5101817479483,-33.3812845683885],[-70.510196117776,-33.3812783204033],[-70.5102652339849,-33.3812414680825],[-70.5103555772586,-33.3811908466412],[-70.5104512047064,-33.3811356686644],[-70.5105042282842,-33.3810990048707],[-70.5105787136829,-33.3810620870245],[-70.5106902774084,-33.3809977107306],[-70.5108341106761,-33.3809374336252],[-70.5109993234379,-33.3808724038871],[-70.5110738819342,-33.3808399833253],[-70.5112284961284,-33.380776195233],[-70.5112503259659,-33.3807651539943],[-70.5112775328025,-33.3807463454042],[-70.5113117807029,-33.3807105132679],[-70.5113207415921,-33.3806980820546],[-70.5113465089949,-33.380668338819],[-70.5114779340531,-33.3807098857362],[-70.5115766360561,-33.3807495151329],[-70.5116795730947,-33.380796385282],[-70.5123846055458,-33.3811425000423],[-70.512763785402,-33.3813682433784],[-70.5129951363721,-33.3815213206994],[-70.5132686193055,-33.3817022733707],[-70.5136723253552,-33.3819617544467],[-70.5138198611552,-33.3820565824405],[-70.512936470989,-33.3829815991066],[-70.5131960379124,-33.3832301614655],[-70.5144749490121,-33.3838602567193],[-70.5150036694683,-33.3840384922298],[-70.5151268932294,-33.3840875169749],[-70.5154163698413,-33.3842530992278],[-70.5156025888568,-33.3842767731582],[-70.5157730377833,-33.3844491806267],[-70.5160974711404,-33.3847544646905],[-70.5162318262063,-33.3848258400952],[-70.516455402026,-33.3849247589804],[-70.5165717197351,-33.3849559557799],[-70.5166594692569,-33.3849966554849],[-70.5168787230741,-33.3851377097336],[-70.5170670211409,-33.3853553822587],[-70.5171728526664,-33.3855530946346],[-70.5170495917665,-33.3859012697328],[-70.5170267022239,-33.3859317879054],[-70.5169198237088,-33.3861060443572],[-70.5168512192221,-33.3862178978883],[-70.5167215163588,-33.3866031924424],[-70.5166368654108,-33.3868363251925],[-70.5166125313604,-33.3869040877612],[-70.5165895423592,-33.386955953102],[-70.5165460348692,-33.3870266348228],[-70.5162789948087,-33.3873089307246],[-70.5161035107664,-33.387480596857],[-70.5160424727809,-33.3875340047075],[-70.5160273792332,-33.3875551356268],[-70.5160043248489,-33.3875874115436],[-70.5159906542493,-33.3876263529645],[-70.5159890657823,-33.3876713371115],[-70.5160637683867,-33.3881037274543],[-70.5160627193869,-33.3883709908611],[-70.5160267959533,-33.3884644904879],[-70.5160367943299,-33.3888437682949],[-70.515999348563,-33.3890784594235],[-70.5159752266001,-33.3892296472516],[-70.515948595962,-33.3899571858524],[-70.5155465586492,-33.3900860995814],[-70.5154702607618,-33.3901128038194],[-70.515276522395,-33.3901778074305],[-70.5151906806105,-33.3902066094275],[-70.5148903979719,-33.3903073607478],[-70.5150124774246,-33.3905591365865],[-70.5152413754018,-33.3910436132762],[-70.5157144308133,-33.392069787266],[-70.5160043683416,-33.3926915961015],[-70.5161645969055,-33.3930425558839],[-70.5161940627641,-33.3931088519375],[-70.5163324552604,-33.3934202180974],[-70.5165003137732,-33.3937902512443],[-70.5166605425996,-33.3941373963153],[-70.5169123303039,-33.394721056942],[-70.5170115200847,-33.3949880919193],[-70.5170954498101,-33.3952322376338],[-70.5170801907567,-33.3953161632442],[-70.5171183438428,-33.3958006402829],[-70.5171870167594,-33.3963118213399],[-70.5172096016922,-33.3967465105619],[-70.5172328023305,-33.3971930371762],[-70.5173091095205,-33.3982611767166],[-70.5173548935624,-33.398837209243],[-70.5173548947609,-33.3989898002739],[-70.5173396358689,-33.3990928000919],[-70.5173091184008,-33.3991996137813],[-70.5172633402676,-33.3993445767533],[-70.5172577000808,-33.399490816468],[-70.5172578142907,-33.3994913868469],[-70.5172965923437,-33.3996855832402],[-70.5173362248035,-33.3997882715453],[-70.5173957468341,-33.3999424920149],[-70.5174665420761,-33.4001567273288],[-70.517484735556,-33.4002954904319],[-70.5174785154997,-33.4003915355154],[-70.5174681765362,-33.4004777006634],[-70.517445660015,-33.4005441595412],[-70.5174041109102,-33.4006505643524],[-70.5173702198799,-33.4007436362664],[-70.5173359283394,-33.4008135507516],[-70.5172976318736,-33.4008802062087],[-70.5172791189293,-33.4009499240911],[-70.5172565425105,-33.401013075666],[-70.517258153011,-33.4011057169634],[-70.5172435830838,-33.4011753866158],[-70.5172086752298,-33.4012402320667],[-70.5173015057506,-33.4012519698013],[-70.5174617314177,-33.4012672273507],[-70.5174229702837,-33.4014536682629],[-70.517381324753,-33.4016487400101],[-70.5173579442971,-33.4017841453444],[-70.5173477090341,-33.401935598013],[-70.5173437188103,-33.4020761709871],[-70.5173582755373,-33.4021732768235],[-70.517427770327,-33.4024696832432],[-70.5174811382212,-33.402677980957],[-70.5174829862123,-33.4026851957286],[-70.5175667090895,-33.4030046380992],[-70.5175761938259,-33.4030754366345],[-70.5175826151553,-33.4031162436201],[-70.5175609647554,-33.4032499774078],[-70.5175436600399,-33.4034105846755],[-70.5175154241666,-33.4035206685351],[-70.517487044826,-33.403622320007],[-70.5174195005899,-33.4037835417948],[-70.5173420545222,-33.403953325107],[-70.5171378064797,-33.4043441415035],[-70.5169728679327,-33.4046838305857],[-70.5168665964612,-33.4049299445527],[-70.5167422855144,-33.4052944623945],[-70.5166283143408,-33.4056757336883],[-70.5165647308721,-33.4058503992179],[-70.5164870560956,-33.4059773918464],[-70.5162429425239,-33.4064027048302],[-70.5161189334809,-33.4066003069179],[-70.5156687818702,-33.4073251198746],[-70.5155067861086,-33.4075560228847],[-70.5151575921953,-33.4080537467079],[-70.5146616616356,-33.4087175222767],[-70.5143534693716,-33.409112036559],[-70.5142403047318,-33.4092768077296],[-70.5139967217415,-33.40915032081],[-70.5139190441584,-33.409299528166],[-70.5138655022208,-33.4094444682538],[-70.5138291822157,-33.4095794698493],[-70.513797835622,-33.4098895019758],[-70.5137859471524,-33.4100494906572],[-70.5137516874991,-33.4106228850537],[-70.5137404119604,-33.4108993992106],[-70.5137117749491,-33.4111019775555],[-70.5136855791004,-33.4112135209897],[-70.5136321327501,-33.4113759539428],[-70.5135819429021,-33.4114945323992],[-70.513535310567,-33.4115861065242],[-70.5134840184648,-33.4116953380564],[-70.5133902025222,-33.4118269610494],[-70.5133511065942,-33.4118818116811],[-70.5131027105865,-33.4122257371218],[-70.5127429763233,-33.4127238137635],[-70.5130757617121,-33.4129811586616],[-70.5132419110242,-33.4130459446533],[-70.5134248791078,-33.4130962073873],[-70.5140376949203,-33.4133225719186],[-70.5143141783496,-33.4135148618445],[-70.5145044954554,-33.4136604799233],[-70.5145973478528,-33.4137643371363],[-70.5146934037395,-33.4137249851292],[-70.5146858914593,-33.4136200867756],[-70.5148853506313,-33.4136367395032],[-70.5150455641589,-33.4136872786129],[-70.5150928198641,-33.4137869197757],[-70.5151904501183,-33.4138382222263],[-70.5152670641953,-33.4139900006171],[-70.5153810169361,-33.4139981527772],[-70.5154995000402,-33.4139394375337],[-70.5156304379313,-33.4139426102328],[-70.5157551897573,-33.413917224571],[-70.5159313944609,-33.413905525958],[-70.5165763326867,-33.4136876600938],[-70.5169347623883,-33.4136832770854],[-70.5171382510646,-33.4136044320588],[-70.5174490081153,-33.4134765502144],[-70.5176536578972,-33.4134645020739],[-70.517745517579,-33.4135111005],[-70.5178479255032,-33.4135098473619],[-70.5180141621582,-33.4135793984116],[-70.5180752499156,-33.4134927484483],[-70.518153406609,-33.413405890442],[-70.5183507055135,-33.4132984845001],[-70.518668061859,-33.4132230147691],[-70.5188967144847,-33.4132822552143],[-70.5189661492981,-33.4133482168361],[-70.5191473772356,-33.4132982749581],[-70.5193291035232,-33.4132769596144],[-70.5194601234896,-33.4132848989755],[-70.5195630308021,-33.4133122721086],[-70.5197450884027,-33.4133100415982],[-70.5198404773941,-33.4132325157162],[-70.5199814633967,-33.4131592036128],[-70.5200703299223,-33.4130340350879],[-70.5203322050667,-33.4130403698352],[-70.5206558293195,-33.4129982246246],[-70.5209356861589,-33.413056832637],[-70.5217949378955,-33.413055838743],[-70.5219385023038,-33.4131304343561],[-70.5220523710445,-33.4131338088236],[-70.5224023325423,-33.4132965449804],[-70.522505657044,-33.4133477717222],[-70.5225692383626,-33.4134042597375],[-70.5227473562852,-33.413502291419],[-70.522828173462,-33.4135681110876],[-70.523015837708,-33.4135610352352],[-70.5232266760762,-33.4135775347922],[-70.5233750156912,-33.4135995750975],[-70.5235134758886,-33.4137076370067],[-70.5238394344034,-33.413799079394],[-70.5242232887759,-33.4139470770124],[-70.5243492049872,-33.4139884802686],[-70.5245093407575,-33.414034234502],[-70.5246744148078,-33.4140369780679],[-70.5247878688283,-33.414016493924],[-70.52495879935,-33.4140287094059],[-70.5251760795798,-33.4140880779758],[-70.5252495409102,-33.4140585408793],[-70.5255567655187,-33.414054762575],[-70.5256938115322,-33.4140817106783],[-70.5256868701188,-33.4140102116467],[-70.5255930867234,-33.4138538794731],[-70.5254931978802,-33.4136737602347],[-70.5252796049357,-33.4134998117809],[-70.5252383623253,-33.4134191893198],[-70.5252571145887,-33.4131898885567],[-70.5252162058365,-33.4131283514585],[-70.5251304495014,-33.4131055447554],[-70.5250307282535,-33.412934967325],[-70.5248856258822,-33.4129166580258],[-70.5248557421306,-33.4128531481894],[-70.5245345138228,-33.4122812494335],[-70.5245178638689,-33.4122464730653],[-70.5245078172775,-33.4122223791308],[-70.5244971688136,-33.4121551038338],[-70.5253772152104,-33.4121483428067],[-70.5256309534573,-33.4126568026299],[-70.5258107958491,-33.413010543869],[-70.5259319158283,-33.4132192022918],[-70.5260942656724,-33.4134487876002],[-70.5261236369364,-33.413477713831],[-70.5260899931021,-33.4136330125501],[-70.526177837032,-33.4137751014437],[-70.5262429235477,-33.413917469396],[-70.5263349550247,-33.4139736044465],[-70.5264331772457,-33.414058297002],[-70.5264630429348,-33.4141390590487],[-70.5264704024454,-33.4142344140464],[-70.5265225250651,-33.4142862684003],[-70.5265364082592,-33.4144292663354],[-70.5268051453117,-33.4145023155809],[-70.5272117642874,-33.4146500235723],[-70.5274906277056,-33.4146513613382],[-70.5277070754451,-33.4146630124438],[-70.5278663783804,-33.4146610502268],[-70.5280608205105,-33.4147159224058],[-70.5283130766039,-33.4148225777248],[-70.5285545390336,-33.4149627709744],[-70.528709156086,-33.415018132905],[-70.5288939772154,-33.415173341338],[-70.5291012224589,-33.4153091826693],[-70.5293648599715,-33.4154156954763],[-70.5295649493467,-33.4154468265595],[-70.5295786630759,-33.4149494025544],[-70.5295925461408,-33.41473774208],[-70.5297275803751,-33.4140770136652],[-70.5298068386511,-33.4136995425317],[-70.5298602451594,-33.4134286930927],[-70.5299517987637,-33.4130281397518],[-70.5300891323491,-33.4126504751324],[-70.5302264655646,-33.4123872533712],[-70.5303714299648,-33.4121431061378],[-70.5307071364698,-33.4117044044747],[-70.5309818068004,-33.4113954045647],[-70.5308826190316,-33.4114144790938],[-70.5306842459182,-33.4115060354671],[-70.530616388391,-33.411545280837],[-70.5301627662515,-33.4115254553384],[-70.5287770797605,-33.4102435977503],[-70.5288095947913,-33.4102133502529],[-70.528842847296,-33.4101824172695],[-70.529029500078,-33.4099705742481],[-70.5292154493243,-33.4097188264121],[-70.5293655380942,-33.4094575387591],[-70.5294918386155,-33.4091965478538],[-70.5296050161906,-33.4088658711904],[-70.5296608996657,-33.4086030617991],[-70.529661583143,-33.4085998481925],[-70.529670963884,-33.4085557303027],[-70.5296895063665,-33.4082561547537],[-70.529685133941,-33.4080067503664],[-70.5296550486444,-33.4076479050627],[-70.5295913774806,-33.4074092099423],[-70.5295226604089,-33.4072204538714],[-70.529446527983,-33.4069944354047],[-70.5294242467546,-33.4069480537479],[-70.5294240737352,-33.4069476915332],[-70.529340563654,-33.4067738494633],[-70.5292527956291,-33.4065631244985],[-70.5291531015745,-33.4063575887219],[-70.5290603905119,-33.4062074423622],[-70.52897350617,-33.406047137801],[-70.5289050773464,-33.4059118187695],[-70.5288791991367,-33.4058062314927],[-70.52887160494,-33.4057155519334],[-70.5288759307043,-33.4056196832116],[-70.5289017375347,-33.4054789667101],[-70.528972945138,-33.405279063064],[-70.5289760453495,-33.4052703598632],[-70.5290503538865,-33.4050617520603],[-70.5290667154221,-33.4049873884292],[-70.5290691003501,-33.4049220938389],[-70.5290647925868,-33.404877651384],[-70.529056898068,-33.4048302824399],[-70.5290455208983,-33.4047859280225],[-70.5289528047866,-33.4045349166896],[-70.5289204745392,-33.404491449996],[-70.5290812223581,-33.4034448412688],[-70.5294129436077,-33.4034664863976],[-70.5299106614813,-33.4035066656338],[-70.5302745001792,-33.4036102541051],[-70.5304527652232,-33.4036286424436],[-70.5307154501444,-33.4036190487788],[-70.530927787985,-33.4037166936703],[-70.5312842536797,-33.403917601428],[-70.5315953568858,-33.4041286169966],[-70.531884283275,-33.4043733237049],[-70.5320754516959,-33.4045619451855],[-70.532324959284,-33.4048310150417],[-70.5325748036751,-33.4051191732855],[-70.5329725046903,-33.4055606799761],[-70.5330144842376,-33.4056819119603],[-70.5330743334378,-33.4058482816691],[-70.5331276932487,-33.4060137773857],[-70.5333241067843,-33.4058830254145],[-70.5339115950971,-33.4054443196826],[-70.5343541207211,-33.4050780976888],[-70.5348702347398,-33.4046784249098],[-70.5349690773011,-33.4046018820511],[-70.535188090544,-33.4044322781085],[-70.5354353709654,-33.4042256691048],[-70.5358724374331,-33.4038726159907],[-70.5363637140376,-33.4034257820607],[-70.5363785422906,-33.4034370519192],[-70.5364069661707,-33.4034586527387],[-70.5369181345281,-33.4030464024788],[-70.5368883757587,-33.4029982732446],[-70.5367947644766,-33.4028468750005],[-70.5366010780762,-33.4025380041091],[-70.5365133278141,-33.4024077346362],[-70.5361776120387,-33.4018393333533],[-70.5360021250666,-33.4015646696145],[-70.5356816689653,-33.4010306016326],[-70.5354146222762,-33.4005842729568],[-70.5352162446402,-33.4002142400397],[-70.5351399447012,-33.3999891676757],[-70.5350712741983,-33.3997297629667],[-70.5350694161041,-33.3997218686056],[-70.5350254938174,-33.3995352084873],[-70.5350026035388,-33.3993978764148],[-70.534987342715,-33.3992872484492],[-70.5349797117339,-33.3991689893061],[-70.5349262982972,-33.3985395500349],[-70.5348805157481,-33.3980512579359],[-70.5348673795276,-33.3979091163973],[-70.5348120570894,-33.3976881879226],[-70.5347355440241,-33.3974599667388],[-70.5346668747227,-33.3972997463851],[-70.5345676857002,-33.3970975633539],[-70.5344532374323,-33.396876306306],[-70.5343769379978,-33.3967199002697],[-70.5342243389184,-33.3964070889362],[-70.5341022601673,-33.396166757911],[-70.5339649218845,-33.3958882794914],[-70.5338275830966,-33.3956174305681],[-70.5337207644441,-33.3953809137675],[-70.5336139449829,-33.3950948058224],[-70.53345371624,-33.3946789951534],[-70.5334064487924,-33.3945559101566],[-70.532835702486,-33.3946866283864],[-70.5328814803159,-33.3945149624879],[-70.5329272584856,-33.3944119627023],[-70.5330493325049,-33.3941220383998],[-70.5330798497357,-33.3939808911838],[-70.5331027377013,-33.3937901515752],[-70.5330493270742,-33.3935765241868],[-70.533049325755,-33.3934124880661],[-70.5330645853649,-33.3933171189098],[-70.5331027326707,-33.393202675042],[-70.5331714003999,-33.3930996755075],[-70.5332476973074,-33.3930119347944],[-70.5333850327545,-33.3928860461857],[-70.5335223716694,-33.3927677834505],[-70.5333926609627,-33.39272200956],[-70.5330493190208,-33.3926380863414],[-70.5328013504518,-33.392582773958],[-70.5327607228846,-33.392573711714],[-70.5325533821784,-33.3925274610695],[-70.5316336353376,-33.3922646757713],[-70.5301194719355,-33.3916691482497],[-70.5299784827603,-33.3916046809199],[-70.5291493678988,-33.3912746083176],[-70.5286632606414,-33.3910645322038],[-70.5284879238616,-33.390969467054],[-70.5282474317965,-33.3908265861501],[-70.5278761403246,-33.3905610806222],[-70.5272802348356,-33.3901110680542],[-70.5272772910511,-33.3901088442433],[-70.5269049083979,-33.3898276261906],[-70.5267577400127,-33.3897267845088],[-70.5265074309181,-33.3895379514855],[-70.5242107062715,-33.3879197340934],[-70.5231730575642,-33.3871880489156],[-70.5231655429585,-33.3871827489687],[-70.523029964896,-33.3870871462844],[-70.5227491583444,-33.3868877681277],[-70.5225123621908,-33.3867654007374],[-70.5220677279715,-33.3865501364146],[-70.5215804398423,-33.3863353943993],[-70.5212764036299,-33.3862363269296],[-70.5211923179941,-33.3862103309739],[-70.5211136487103,-33.3861792885184],[-70.5210310335626,-33.3861328473997],[-70.5206879664589,-33.3860095965529],[-70.5201361323168,-33.3858132141966],[-70.519692752579,-33.3856696756245],[-70.5195790051584,-33.3856214124547],[-70.5195030405984,-33.3855817158972],[-70.5194484237074,-33.3855327285121],[-70.5193772094122,-33.3854568597941],[-70.5193169012944,-33.3853898814684],[-70.5192678156847,-33.3853498556551],[-70.5192025252393,-33.3853055108212],[-70.5191155754497,-33.3852524062404],[-70.519106147012,-33.3852478698925],[-70.5192694573904,-33.3850465756997],[-70.519430707929,-33.3851671121388],[-70.5197326979938,-33.3853737321551],[-70.5199210179944,-33.3854788258089],[-70.520039230028,-33.3855355511009],[-70.520489298023,-33.3856777051075],[-70.5211478363675,-33.3858575762097],[-70.5216736310212,-33.3859862662376],[-70.5218008734201,-33.3860232114158],[-70.5220264503339,-33.3861121904694],[-70.5220458581462,-33.3861198463537],[-70.5224385559555,-33.3862747456484],[-70.5227461541937,-33.3864195023112],[-70.5228227335802,-33.3864735558477],[-70.522926557245,-33.3865179551935],[-70.5230304727,-33.3865803092577],[-70.5232276468075,-33.3867142440452],[-70.5235235724531,-33.3869242315876],[-70.5241209909623,-33.3873532339941],[-70.524515506275,-33.3876301855699],[-70.5249538747549,-33.3879384098196],[-70.5250530351476,-33.3878738989684],[-70.5256690499543,-33.3874528395173],[-70.5257870757024,-33.3873721648728],[-70.5259319161135,-33.3872580749334],[-70.5260678657017,-33.3871296031766],[-70.526267188518,-33.3869206485955],[-70.5263821192107,-33.3868250397826],[-70.5258638164797,-33.386472750441],[-70.5258118152633,-33.3864334160784],[-70.5257966176812,-33.3864028533187],[-70.5257962953825,-33.3863844071401],[-70.5258178004229,-33.3863564683952],[-70.5264576816328,-33.385847384688],[-70.5264974558521,-33.3858161466661],[-70.5265339400517,-33.3858064727672],[-70.5265485982192,-33.3858062924395],[-70.5265780757822,-33.3858151548657],[-70.5271580200243,-33.3862439778874],[-70.5272381514452,-33.3861852801973],[-70.5279004210271,-33.3857047531306],[-70.5283606660653,-33.3853621073555],[-70.5285502609529,-33.3852132675828],[-70.5286595133992,-33.3851189748235],[-70.5294532071252,-33.3844939839734],[-70.5298804104127,-33.3841480504586],[-70.5299262925711,-33.3841108965512],[-70.5310152960327,-33.3832290428715],[-70.5310216419724,-33.3832239033709],[-70.531350843853,-33.382957316062],[-70.5295680402528,-33.3813377725462],[-70.5285313229786,-33.380362675447],[-70.5285566025316,-33.3803444676599],[-70.5281481924759,-33.3799792436665],[-70.5277455849692,-33.3795884964651],[-70.5271116594633,-33.3787122245648],[-70.5270288042281,-33.3786094459607],[-70.5267859459492,-33.3783833627475],[-70.5264437992177,-33.3780904940929],[-70.5261452454445,-33.3778507767383],[-70.5244015769373,-33.3768987781733],[-70.5238810461949,-33.3776248927314],[-70.5229031773007,-33.3770578631386],[-70.522555432843,-33.3768899817587],[-70.5204559891266,-33.3756387637064],[-70.5192151927135,-33.3751023956128],[-70.5186372478692,-33.3748706878325],[-70.5180641609151,-33.3746241689032],[-70.5174402830524,-33.3743186140073],[-70.5170940714616,-33.374239330028],[-70.5165213033704,-33.3740106963782],[-70.5162877427186,-33.3738673968142],[-70.5161149656814,-33.3737442340959],[-70.5152195030704,-33.3729468541792],[-70.5127177305647,-33.3721780042178],[-70.5125398684894,-33.3721712236793],[-70.5113685828653,-33.3718663416712],[-70.5110407960347,-33.3718326513361],[-70.5095688995262,-33.3716034350108],[-70.508103761325,-33.3713721493047],[-70.5062265142661,-33.3711503619057],[-70.5059465788473,-33.3710891540805],[-70.505506484157,-33.3719330191538],[-70.5048891194579,-33.3717543849461],[-70.5044992182932,-33.3716553132308],[-70.5048862035891,-33.3708602070561],[-70.5039016235572,-33.370589286116],[-70.5035159268764,-33.3704689647216],[-70.5020590694445,-33.3697612060727],[-70.5016819624984,-33.3695659529234],[-70.5007232150338,-33.3691428564307],[-70.5007410361517,-33.3691255416672],[-70.5007565581566,-33.3691063472644],[-70.5007652129237,-33.3690855187506],[-70.5007637247145,-33.3690675824944],[-70.5007599039191,-33.3690596481241],[-70.5007551311906,-33.3690496699222],[-70.5007497613778,-33.3690407234539],[-70.500742232284,-33.3690310292967],[-70.5007307342353,-33.3690226727894],[-70.5007163972482,-33.3690161759734],[-70.5007115101755,-33.3690136836976],[-70.5007051509314,-33.3690113995142],[-70.5006962016833,-33.3690087597472],[-70.5006858038837,-33.3690060761671],[-70.5006779160941,-33.3690042848423],[-70.5005372612954,-33.3689346779149],[-70.5007747089144,-33.368588780573],[-70.5007011802341,-33.3685569392668],[-70.5010108471183,-33.3680518690935],[-70.500826148312,-33.3679628459159],[-70.5007307980198,-33.3678514519481],[-70.5006236284127,-33.3677989687847],[-70.5001408426823,-33.3675625376975],[-70.4997030851781,-33.3673452482729],[-70.4996907704079,-33.367339135441],[-70.4995215098294,-33.3672657108207],[-70.4992642670146,-33.3671901795847],[-70.499189944615,-33.3671683575996],[-70.499142834102,-33.3671560480227],[-70.4990045356275,-33.3671268818532],[-70.4988070526467,-33.3670879271271],[-70.4985308465421,-33.3670499135134],[-70.4983141059412,-33.3670359971012],[-70.4979204054107,-33.3670324752502],[-70.4974288713703,-33.3670320209601],[-70.4971394736537,-33.3670203507455],[-70.4971262464628,-33.3673857724934],[-70.4972449016037,-33.367506035789],[-70.4971684209475,-33.3675236617134],[-70.4967218401105,-33.367395232937],[-70.4965780403216,-33.367819285377],[-70.4965652728044,-33.3678675013464],[-70.4965072982652,-33.367868200349],[-70.4964698384132,-33.3678715126964],[-70.4964324533287,-33.3678791287184],[-70.4964019823467,-33.3678923818836],[-70.4963750267732,-33.3679113285026],[-70.4963515437116,-33.3679345306251],[-70.4963298716022,-33.367963438637],[-70.4963183261132,-33.3679864896256],[-70.4963135575166,-33.3680065991115],[-70.4963140479228,-33.3680352399431],[-70.496214315386,-33.3680641888944],[-70.4961710642934,-33.3677979944898],[-70.4961228116758,-33.3678033478745],[-70.4961013822615,-33.3675482854228],[-70.496021778764,-33.3673227314101],[-70.4959969511523,-33.3672013351789],[-70.4960763480546,-33.3669723351593],[-70.4960359770649,-33.3669717638678],[-70.496016891044,-33.3669714122065],[-70.4959267979673,-33.3669697518694],[-70.4958275119796,-33.3669659521066],[-70.4957599101655,-33.3669584407784],[-70.4956882007303,-33.3669426565257],[-70.4955645912314,-33.3669091753556],[-70.4954907293061,-33.3668834206816],[-70.4954386584337,-33.3668557403915],[-70.4953264429341,-33.3667921564278],[-70.4952742011826,-33.3667544827852],[-70.4952367857468,-33.3667214185041],[-70.4950012184303,-33.3664050075535],[-70.4948089112107,-33.3661914565443],[-70.4947302653073,-33.3661002323916],[-70.4945756057289,-33.3659208375024],[-70.494494195427,-33.3658402677098],[-70.4943706413909,-33.3656354830588],[-70.494230592802,-33.3654692764998],[-70.4940502958276,-33.3652891605],[-70.4935825732869,-33.3650165593029],[-70.4930977953191,-33.3647489629603],[-70.4929135846542,-33.3646744301152],[-70.4926556471481,-33.3646343563455],[-70.4923863606667,-33.364599220004],[-70.491906006185,-33.3645906060636],[-70.4918868381564,-33.3645863009758],[-70.4917012775834,-33.3645446247814],[-70.491691491828,-33.3645424272985],[-70.4916095345709,-33.3645241673267],[-70.4913685459843,-33.3644704737788],[-70.4912886030503,-33.3644682795336],[-70.4912811868211,-33.3644680755276],[-70.4910611378698,-33.3644620367832],[-70.4906421638809,-33.3644822328562],[-70.4905840157227,-33.3644844110985],[-70.4902845231764,-33.3644956306384],[-70.489897868834,-33.3645033006913],[-70.4895945417056,-33.3645221122898],[-70.4892378833798,-33.3645931234519],[-70.4890412984789,-33.3646358943613],[-70.4887804945783,-33.3646926376017],[-70.4887634944914,-33.364694073445],[-70.4885323284809,-33.364713587094],[-70.4884870104904,-33.3647123367314],[-70.4883190203476,-33.3647076935331],[-70.488135307223,-33.3646941496246],[-70.4878712948405,-33.3646838136288],[-70.4878055448031,-33.3646767275611],[-70.487381382766,-33.3646563034764],[-70.4870650379986,-33.364635207703],[-70.4864918780233,-33.3646088924379],[-70.4861061529756,-33.3645720415808],[-70.4856268407806,-33.3645468335081],[-70.4855922255423,-33.3645450129775],[-70.4854649811384,-33.3645199055594],[-70.4853657459667,-33.3645003231562],[-70.4853544443965,-33.3644980946089],[-70.4852609645891,-33.3644760379783],[-70.4850867644634,-33.3644349355874],[-70.484838687031,-33.3643632542636],[-70.4846106324458,-33.3643079218524],[-70.4844821558411,-33.3643011630561],[-70.4843044559053,-33.3643032880895],[-70.4840294356463,-33.3643895227102],[-70.4838343785669,-33.3645328647073],[-70.4836982799141,-33.3646589055776],[-70.4834934958249,-33.3648106604712],[-70.4833465357918,-33.3648787723438],[-70.4831792630224,-33.3649139435579],[-70.482814122638,-33.3649266013874],[-70.4823456814362,-33.3647139316902],[-70.4820192520708,-33.3644808438102],[-70.4817964531896,-33.3644157971063],[-70.4815540705579,-33.3643848307315],[-70.4813925865106,-33.3643698318481],[-70.4811706411958,-33.3643555533256],[-70.4808465166405,-33.3642578552163],[-70.4806242924869,-33.3642266519318],[-70.4802212870842,-33.3642314583896],[-70.4798787234978,-33.3642355429571],[-70.4795779045573,-33.3643237690502],[-70.4794169926843,-33.3643426131803],[-70.4792154863939,-33.364345014659],[-70.4789529610504,-33.3643142904341],[-70.478558542778,-33.3643361390557],[-70.4779629762902,-33.3643691269963],[-70.4778638400781,-33.3643746182621],[-70.4777850905333,-33.3643789802074],[-70.4775225675904,-33.3643482511167],[-70.4773202093113,-33.3642998738055],[-70.4772251346135,-33.364269239795],[-70.4772354429355,-33.3645250034339]],[[-70.5004423472476,-33.3733681468394],[-70.5004825147159,-33.3730574581628],[-70.5005235434089,-33.3727968682316],[-70.5006627368884,-33.372456348136],[-70.5006958612952,-33.3723151635631],[-70.5010949135712,-33.3717137335602],[-70.5018464999976,-33.3701796345191],[-70.5036846743159,-33.37103274043],[-70.5034652340144,-33.3714812803746],[-70.5032929601229,-33.3718476753899],[-70.5028885862236,-33.3726449714303],[-70.5025376230626,-33.3733659679293],[-70.5024653340054,-33.3735062454092],[-70.5024374249998,-33.3735604026792],[-70.5017055312834,-33.3733534652314],[-70.5014516423622,-33.3740034107283],[-70.5014166661925,-33.3739936419341],[-70.501026928082,-33.3738847885076],[-70.5005098731737,-33.3737560900716],[-70.5004383105861,-33.3737382777221],[-70.5004423472476,-33.3733681468394]],[[-70.4991410191792,-33.376130514155],[-70.4992108966102,-33.376054225818],[-70.4992393692847,-33.3759854631244],[-70.4992602194869,-33.3759043504412],[-70.4992436886591,-33.3758050289401],[-70.4992245955526,-33.3755564588366],[-70.4992227813352,-33.3754507403171],[-70.4992636266188,-33.3752387615123],[-70.4993037203714,-33.3749832517467],[-70.4993231829014,-33.3748212949926],[-70.4993208350719,-33.3746844867584],[-70.4993173669362,-33.3746516368989],[-70.4993031293792,-33.3745167543725],[-70.4992477255053,-33.3743121619961],[-70.4991701882467,-33.374114056176],[-70.4989170594429,-33.3736195055838],[-70.4987878062454,-33.3733614839438],[-70.4994327943232,-33.3735106251473],[-70.4996319357773,-33.3735375602107],[-70.5003130059535,-33.3737070883691],[-70.5000214155247,-33.3746925442416],[-70.4999137927757,-33.3748429811202],[-70.4997542742054,-33.3756979669353],[-70.499687282949,-33.3759373942883],[-70.4995608400968,-33.3762342119674],[-70.4991410191792,-33.376130514155]],[[-70.5052385831415,-33.3749834218085],[-70.5052996215903,-33.3749567178547],[-70.5053454000056,-33.3749147546215],[-70.5056124382474,-33.3744112015404],[-70.5065890505103,-33.3747755119681],[-70.5066390584967,-33.3747941659045],[-70.5063825641717,-33.3751939586521],[-70.5062163787509,-33.3754524888084],[-70.5042494984591,-33.3781395316041],[-70.5028420055815,-33.3780097404883],[-70.5029161001555,-33.3778181053192],[-70.5031689858768,-33.3771234731825],[-70.5031732947958,-33.3771116381962],[-70.5036744780193,-33.3757349466382],[-70.5040712233523,-33.3747240234253],[-70.5049333911549,-33.3749681640584],[-70.5050020599127,-33.374983423241],[-70.5050707273004,-33.3749910517679],[-70.5051622855953,-33.3749910515832],[-70.5052385831415,-33.3749834218085]],[[-70.5094683138328,-33.3770377128389],[-70.5094832922589,-33.377013596231],[-70.5097849831725,-33.3765278450911],[-70.5100924763172,-33.3760086926461],[-70.5102973896881,-33.3760893243386],[-70.5111583588339,-33.3764039276971],[-70.511290993392,-33.376452391899],[-70.5117018280979,-33.3766274713225],[-70.5118189098174,-33.3766695778055],[-70.5095817694346,-33.3802174316428],[-70.5093744840221,-33.3801530955304],[-70.5091485673146,-33.3800648528171],[-70.5090353106102,-33.3800034832843],[-70.5086407677419,-33.3796788395645],[-70.5083458780668,-33.3794941674853],[-70.5080475217583,-33.3793252444758],[-70.5088121897264,-33.378094114789],[-70.5088576941009,-33.3781015763617],[-70.5094683138328,-33.3770377128389]],[[-70.520135310988,-33.4014433389581],[-70.5202923849735,-33.4014274318321],[-70.5204144608889,-33.4014293384662],[-70.5205365378798,-33.4014312449668],[-70.5208569896285,-33.4014655762207],[-70.5213910749309,-33.4014655732521],[-70.5217725642154,-33.401454125852],[-70.5218304642852,-33.401448335462],[-70.521964731969,-33.4026752963665],[-70.5202433225419,-33.4028252556114],[-70.520135310988,-33.4014433389581]],[[-70.5217016956895,-33.4114722649483],[-70.5214439876334,-33.4115090165832],[-70.5203916595251,-33.4116510586558],[-70.5202695766019,-33.4109033620623],[-70.5202695749661,-33.4106859191967],[-70.5203000927462,-33.4105066239883],[-70.5203176917461,-33.4104439252566],[-70.5210686624147,-33.4106745419305],[-70.5211814175378,-33.4106958272601],[-70.5216231092934,-33.4108168764862],[-70.521624533829,-33.4106374995845],[-70.5216630825677,-33.4104007973793],[-70.5219108142421,-33.4096783326952],[-70.5220084732283,-33.4094051124126],[-70.5223173676953,-33.4094979607677],[-70.5224672681914,-33.4095283342819],[-70.5225617626434,-33.4095629671545],[-70.5227172408354,-33.4096684358513],[-70.5228820655189,-33.4098203188449],[-70.5229510839779,-33.4098624221783],[-70.5230798997791,-33.4099073707036],[-70.5231488569992,-33.4099458952256],[-70.5232275958104,-33.4100558849834],[-70.5232762184855,-33.4101519267262],[-70.5233624921442,-33.4102045562699],[-70.5233929219888,-33.4102363958007],[-70.5236074511236,-33.4103017659574],[-70.5237315643981,-33.4103217172053],[-70.5237924880194,-33.4103889738331],[-70.5238665859198,-33.4104775443758],[-70.5238721655843,-33.4105526397543],[-70.5238828874134,-33.4106777806401],[-70.5240405570501,-33.4109084941789],[-70.52406320435,-33.4109833798363],[-70.5240764259578,-33.4112516589105],[-70.5240992609427,-33.4113372805955],[-70.5241011988756,-33.4114482124773],[-70.5240685016022,-33.4115309361384],[-70.5240055612397,-33.4115925564873],[-70.523946324297,-33.4116219180709],[-70.5238395267175,-33.4116160721431],[-70.5235646958005,-33.4115192299142],[-70.523559928706,-33.4114906546799],[-70.5230880705718,-33.4113532796879],[-70.5228347008455,-33.4112633311852],[-70.5226839853065,-33.411186438038],[-70.5222474524209,-33.4111166320872],[-70.5221973738147,-33.4111816731448],[-70.5223351626101,-33.4112515666406],[-70.5223257025176,-33.4113905841565],[-70.5222044395088,-33.4114005677871],[-70.5217016956895,-33.4114722649483]]]},"properties":{"ZONA":"UV/EAb1","NOMBRE":"UV/EAb1 Zona de Uso de Suelo de Vivienda/ Edificación Aislada Baja Nº1"}},{"type":"Feature","geometry":{"type":"Polygon","coordinates":[[[-70.4984427627525,-33.3898287100517],[-70.4987628861189,-33.3899865063726],[-70.4988261010131,-33.3900142234786],[-70.4990865426543,-33.3901284171118],[-70.4997602431256,-33.390388911547],[-70.4999058008781,-33.3901652002383],[-70.4987049085249,-33.3896728872955],[-70.4979800148884,-33.3892849392503],[-70.4978758486102,-33.3892235599571],[-70.4973134387545,-33.3885652016765],[-70.496913806371,-33.3880517466222],[-70.4965621761513,-33.3875505960942],[-70.4961692936235,-33.3869325432277],[-70.4959635751369,-33.3865799605314],[-70.4958382107783,-33.386335218185],[-70.4957470698766,-33.3861172010254],[-70.4956869489114,-33.3859733882724],[-70.4956490921736,-33.3858674215252],[-70.4956432204644,-33.3855245781909],[-70.4956369535407,-33.3850582172811],[-70.4958509032092,-33.3850613651928],[-70.4960793203307,-33.3851120611172],[-70.4962280144403,-33.3851579920094],[-70.4963724849755,-33.3852230633149],[-70.496524304052,-33.385318588201],[-70.4966424571328,-33.385441244653],[-70.4967167294252,-33.3855262509481],[-70.4967473353404,-33.3855812379228],[-70.4968317716372,-33.3857329376093],[-70.4971050660856,-33.3862775058094],[-70.4973174120034,-33.386717817927],[-70.4974292655143,-33.3868710919359],[-70.4975637394977,-33.3870164576948],[-70.4977390669171,-33.3871556033887],[-70.4980262665128,-33.3873163046084],[-70.4980949115074,-33.3873383830884],[-70.498318917003,-33.3873967649591],[-70.4986869074609,-33.3874915858597],[-70.4988739879945,-33.38751986943],[-70.4990860940854,-33.3875478494791],[-70.4992818495098,-33.3875512111773],[-70.499368102436,-33.3875488134827],[-70.4998891314535,-33.3875343276959],[-70.5001192752154,-33.3875525435673],[-70.5003612531663,-33.3875973415975],[-70.5005373201032,-33.3876467537895],[-70.5010689876003,-33.3878035298949],[-70.5010782218521,-33.3877282627089],[-70.5010784458975,-33.3876296625117],[-70.5009221512842,-33.3875743112806],[-70.5008055809406,-33.3875380722675],[-70.5006852173918,-33.3874987396486],[-70.5005085361352,-33.3874475358827],[-70.5003170776509,-33.3874059250373],[-70.5001519402325,-33.3873734011664],[-70.499983408592,-33.3873597561295],[-70.4998598439654,-33.3873518352571],[-70.4997513262619,-33.3873500084331],[-70.4996428839427,-33.3873513190716],[-70.4995045203383,-33.3873529912024],[-70.4993736375802,-33.3873545727847],[-70.4992352954503,-33.3873562443558],[-70.4991603845167,-33.3873508733951],[-70.4990667412261,-33.3873425902263],[-70.4989543968665,-33.3873345319959],[-70.4988607537616,-33.3873262576873],[-70.4988045450096,-33.3873206606002],[-70.4987367917143,-33.3872963639947],[-70.49870579363,-33.3872339834403],[-70.4986329350432,-33.3872098783057],[-70.4984115647744,-33.3871558806762],[-70.4981722678179,-33.3870931499418],[-70.497953379394,-33.3869764837953],[-70.4977511397171,-33.3867939970233],[-70.4976200997838,-33.386616615499],[-70.497156144062,-33.3856856404461],[-70.4969727840446,-33.3853597534091],[-70.4967845655333,-33.3851651650765],[-70.4965628071275,-33.3850190807278],[-70.4963486045314,-33.3849679743925],[-70.4961270879879,-33.3849050260658],[-70.4959906812559,-33.3848291197035],[-70.4958699235642,-33.3848365403645],[-70.4956994001597,-33.3848445616642],[-70.4955706133307,-33.3847983901958],[-70.4954770673044,-33.384733898285],[-70.4954129809223,-33.3847287048057],[-70.4952771866944,-33.3846885832759],[-70.4950994515437,-33.3846907248446],[-70.4949704621236,-33.3846326244791],[-70.4945800573848,-33.3846731202644],[-70.4942382953858,-33.3846474088623],[-70.4940970255872,-33.3847027985206],[-70.4938704428298,-33.3847592150982],[-70.4937443093553,-33.3848681116749],[-70.4936242653791,-33.3849172803905],[-70.493362644493,-33.3850039450097],[-70.4931496672755,-33.3850244044253],[-70.4929093741201,-33.3851108114639],[-70.4932353308659,-33.3862290784828],[-70.4933008035106,-33.3865647411702],[-70.4936496898933,-33.3875054684034],[-70.4935224506065,-33.3875499510291],[-70.4932248248192,-33.3876108010822],[-70.4932696850835,-33.3877391144489],[-70.4933250370188,-33.3879818386216],[-70.4933824690299,-33.3883462319639],[-70.4934074885981,-33.3888112345101],[-70.4934984364086,-33.3891394322494],[-70.4936649468321,-33.3893951352139],[-70.4937862276574,-33.3895010523965],[-70.4937752901678,-33.3898162333368],[-70.493868926919,-33.3898125032668],[-70.494346159993,-33.389774781282],[-70.4945932539664,-33.3897527164468],[-70.4950824509122,-33.3897492083651],[-70.4957274251495,-33.3898726755639],[-70.4961290319866,-33.3899036258283],[-70.4963910014743,-33.389919556443],[-70.4965330344735,-33.3899082990921],[-70.4967602215219,-33.3898864691353],[-70.4968679228366,-33.3898636939408],[-70.4972471677627,-33.3897517411509],[-70.4975439383534,-33.3896407817304],[-70.4978592910017,-33.3895264985089],[-70.4984427627525,-33.3898287100517]]]},"properties":{"ZONA":"UV/EAb4","NOMBRE":"UV/EAb4 Zona de Uso de Suelo de Vivienda/ Edificación Aislada Baja Nº4"}},{"type":"Feature","geometry":{"type":"Polygon","coordinates":[[[-70.5020897315749,-33.4089299180123],[-70.5021781852487,-33.4090618101313],[-70.5022474095876,-33.4090849323036],[-70.5023655688623,-33.4091312247603],[-70.5024593520623,-33.4092076394163],[-70.5025348942347,-33.4092574303239],[-70.5026707815371,-33.4093005253081],[-70.502789403573,-33.4093736554683],[-70.5029132873465,-33.409339345067],[-70.5031505425944,-33.4092797985897],[-70.50340031449,-33.4093274775512],[-70.5036313311977,-33.4093187125766],[-70.503744908177,-33.4093054042327],[-70.5040023566243,-33.4093857993049],[-70.5041065516419,-33.4094471724663],[-70.504200850781,-33.4095534065675],[-70.5042999747687,-33.4096094723094],[-70.504442778785,-33.4096411469323],[-70.5045969607524,-33.4096726824779],[-70.5048854496535,-33.4099030266574],[-70.5050506820034,-33.4099153398063],[-70.5053541822328,-33.4100261925433],[-70.5054670589345,-33.4099723265847],[-70.5056089582222,-33.4099515156648],[-70.5058542499101,-33.4099867163408],[-70.5059969726795,-33.4100136175239],[-70.5061389542387,-33.4099975767125],[-70.506246874236,-33.4100346546388],[-70.5063348463923,-33.4101130650112],[-70.5063713465254,-33.4100267994711],[-70.5065190215792,-33.4096048779476],[-70.5065449135794,-33.4095213746074],[-70.5066893721483,-33.4091152897293],[-70.5069738583214,-33.4082904147482],[-70.5072228960615,-33.407577393977],[-70.5075146925957,-33.4068348205589],[-70.5073984646159,-33.4068041242359],[-70.5036403110345,-33.4078970128763],[-70.5031611089192,-33.4091883658199],[-70.5029838896046,-33.409223323617],[-70.5028069269321,-33.4092731902313],[-70.5027278292298,-33.4092234425655],[-70.5026470605784,-33.409203666607],[-70.5025885407421,-33.4091893379522],[-70.5025018179063,-33.4091098554405],[-70.5022399422689,-33.4089788049085],[-70.5020897315749,-33.4089299180123]]]},"properties":{"ZONA":"UV/EAb4","NOMBRE":"UV/EAb4 Zona de Uso de Suelo de Vivienda/ Edificación Aislada Baja Nº4"}},{"type":"Feature","geometry":{"type":"Polygon","coordinates":[[[-70.5055958336559,-33.384291794026],[-70.5058993727439,-33.384180490257],[-70.5061047200245,-33.3841302744707],[-70.5062778701396,-33.3840685184959],[-70.5066135559062,-33.3839481171484],[-70.5067045880574,-33.3838664786523],[-70.5069801523163,-33.3837647036784],[-70.5070859683373,-33.3837156949677],[-70.5071564951366,-33.3836820288061],[-70.5071980705324,-33.3836188861942],[-70.5077701333794,-33.3837399310759],[-70.5072155923177,-33.3844281820286],[-70.5049168081553,-33.3857159807468],[-70.5039808455611,-33.3848761815406],[-70.503942167748,-33.3848782763657],[-70.5038264146714,-33.384889418388],[-70.5036934441765,-33.3849105027],[-70.5036616682855,-33.384918544529],[-70.5032774271401,-33.3849665523425],[-70.5031667255145,-33.3849798240724],[-70.5030574198915,-33.3850742090887],[-70.5029782056088,-33.3850990299382],[-70.5027429116702,-33.3851448306325],[-70.5025731480367,-33.3851969963588],[-70.5024661108126,-33.3852579467504],[-70.5023359014657,-33.3854599613367],[-70.5022201267106,-33.3855090866184],[-70.5020814192159,-33.385546777859],[-70.502040388276,-33.3855728395166],[-70.5019605925543,-33.3856322791974],[-70.5019175625949,-33.3856691286945],[-70.5018742443292,-33.3857114072481],[-70.5018122258975,-33.3857796385331],[-70.5017615692928,-33.3858412957176],[-70.5017070938699,-33.3859180700575],[-70.5016720706761,-33.3859768694103],[-70.5016434772812,-33.3860322937482],[-70.5016118716218,-33.3861042883065],[-70.5015616360243,-33.3862370906509],[-70.5014488253073,-33.3865496708902],[-70.5012418519516,-33.3871140032533],[-70.5010977163396,-33.3875150881588],[-70.5010886271391,-33.3875592665295],[-70.5010784458975,-33.3876296625117],[-70.5010782218521,-33.3877282627089],[-70.5010689876003,-33.3878035298949],[-70.5010484585707,-33.3879708493275],[-70.5009889059262,-33.3883580891305],[-70.5006913471892,-33.3889570122147],[-70.5003098624863,-33.3895292325907],[-70.4999058008781,-33.3901652002383],[-70.4997602431256,-33.390388911547],[-70.5009090195176,-33.3909749738699],[-70.5010735092663,-33.39075291531],[-70.5014330165153,-33.3908917797143],[-70.5014850979492,-33.3909148016112],[-70.5016160017868,-33.3909670881452],[-70.5017185136779,-33.3910078912038],[-70.5018021216542,-33.3910423547528],[-70.5018715422614,-33.3910717348462],[-70.5019505650174,-33.3911128220245],[-70.5020059424762,-33.3911450009465],[-70.5020327889425,-33.3911578133219],[-70.5021024583017,-33.3912016425441],[-70.5022340635857,-33.3912946514266],[-70.5023690026314,-33.3913994440552],[-70.5024373602922,-33.391457743039],[-70.5024722594012,-33.391494728604],[-70.5029409459062,-33.3918720324919],[-70.50319259027,-33.3920652363952],[-70.5034567115145,-33.3922818577239],[-70.5036623358011,-33.3924401211453],[-70.5037181418288,-33.3924932270919],[-70.5037775373134,-33.3925770175942],[-70.5038374095245,-33.3926889772139],[-70.5039652568707,-33.392674627527],[-70.504162746329,-33.3926312585316],[-70.5043903784148,-33.3925670281446],[-70.5045115937558,-33.3925220239151],[-70.504645903601,-33.3924562885075],[-70.5054574045408,-33.3936634189473],[-70.50500281642,-33.3938426360945],[-70.505151594897,-33.39397370823],[-70.505263568468,-33.3940918070734],[-70.505356050945,-33.3942047221337],[-70.505429041988,-33.3943124390307],[-70.5054892892048,-33.394431172479],[-70.505780137656,-33.39517157472],[-70.5058217020685,-33.3952923727012],[-70.5060944915386,-33.3959952577162],[-70.5058924767366,-33.3960400655417],[-70.5059336849378,-33.3961377486906],[-70.5060182751662,-33.3963848767613],[-70.5061521740808,-33.3968702150569],[-70.5061809212717,-33.396974415579],[-70.5063041699081,-33.3974898254664],[-70.5063745827451,-33.3978886407983],[-70.5064321993107,-33.3982822823649],[-70.5064756433577,-33.3985908335847],[-70.50650647889,-33.3989048669439],[-70.5065318779214,-33.3992722551652],[-70.5065599334725,-33.3995876569772],[-70.506758749909,-33.3995444136498],[-70.5068812427791,-33.3995330072795],[-70.5071620945025,-33.399506855393],[-70.5073712083322,-33.3994961485079],[-70.5079473675945,-33.3994934089418],[-70.5092048826844,-33.3995147150783],[-70.5092173372437,-33.4008517077314],[-70.5101597691404,-33.4009058861835],[-70.5101578444464,-33.400275140304],[-70.51014300438,-33.3996310228442],[-70.5098973837059,-33.3995730866681],[-70.5097544771874,-33.399547746716],[-70.5095901470037,-33.3995271792662],[-70.5092978411127,-33.3995162897801],[-70.5092808190559,-33.3993672794462],[-70.5092838748777,-33.3993472625618],[-70.5092971740337,-33.3993299736305],[-70.5093190375472,-33.3993168715349],[-70.50935624935,-33.3993064289642],[-70.5100437799624,-33.3991979123544],[-70.5101574007595,-33.3991765866245],[-70.5102554266302,-33.3993508709853],[-70.5103620405231,-33.3994732066462],[-70.5105165635114,-33.3996188851235],[-70.5105984041998,-33.3996817039291],[-70.5109763975705,-33.3998519804973],[-70.5115867821533,-33.4000274574254],[-70.5117470081417,-33.4000694191263],[-70.5123879123833,-33.4002601547107],[-70.5127159947309,-33.4003593377447],[-70.5132639990376,-33.4005216810427],[-70.5135688603036,-33.4006540104181],[-70.5135738883828,-33.4007638355602],[-70.5137072834228,-33.4008728782145],[-70.513808802044,-33.4008925526053],[-70.5139041285525,-33.400906341216],[-70.5140207913659,-33.4009168806204],[-70.5142100502936,-33.4009325158639],[-70.5143564037192,-33.4009391744238],[-70.51506597468,-33.4010040219287],[-70.5153084658078,-33.4010378451205],[-70.5158365842324,-33.4010955720039],[-70.5163859300958,-33.4011642345838],[-70.5172086752298,-33.4012402320667],[-70.5172435830838,-33.4011753866158],[-70.517258153011,-33.4011057169634],[-70.5172565425105,-33.401013075666],[-70.5172791189293,-33.4009499240911],[-70.5172976318736,-33.4008802062087],[-70.5173359283394,-33.4008135507516],[-70.5173702198799,-33.4007436362664],[-70.5174041109102,-33.4006505643524],[-70.517445660015,-33.4005441595412],[-70.5174681765362,-33.4004777006634],[-70.5174785154997,-33.4003915355154],[-70.517484735556,-33.4002954904319],[-70.5174665420761,-33.4001567273288],[-70.5173957468341,-33.3999424920149],[-70.5173362248035,-33.3997882715453],[-70.5172965923437,-33.3996855832402],[-70.5172578142907,-33.3994913868469],[-70.5172577000808,-33.399490816468],[-70.5172633402676,-33.3993445767533],[-70.5173091184008,-33.3991996137813],[-70.5173396358689,-33.3990928000919],[-70.5173548947609,-33.3989898002739],[-70.5173548935624,-33.398837209243],[-70.5173091095205,-33.3982611767166],[-70.5172328023305,-33.3971930371762],[-70.5172096016922,-33.3967465105619],[-70.5171870167594,-33.3963118213399],[-70.5171183438428,-33.3958006402829],[-70.5170801907567,-33.3953161632442],[-70.5170954498101,-33.3952322376338],[-70.5170115200847,-33.3949880919193],[-70.5169123303039,-33.394721056942],[-70.5166605425996,-33.3941373963153],[-70.5165003137732,-33.3937902512443],[-70.5163324552604,-33.3934202180974],[-70.5161940627641,-33.3931088519375],[-70.5161645969055,-33.3930425558839],[-70.5160043683416,-33.3926915961015],[-70.5157144308133,-33.392069787266],[-70.5152413754018,-33.3910436132762],[-70.5150124774246,-33.3905591365865],[-70.5148903979719,-33.3903073607478],[-70.5151906806105,-33.3902066094275],[-70.5151376913783,-33.3900780439945],[-70.5149884698811,-33.3897744227816],[-70.5147994890294,-33.3893753905997],[-70.5147560503531,-33.3893119910296],[-70.5146910793707,-33.3892275425346],[-70.5138201230948,-33.3880767753753],[-70.5136970511185,-33.3879319244427],[-70.5134882902489,-33.3876672734223],[-70.5133463945136,-33.3874908729932],[-70.5132540835678,-33.387348124716],[-70.5132221577195,-33.3872892557689],[-70.5131950271883,-33.3872392269532],[-70.5131280449963,-33.3871441259118],[-70.5130108813623,-33.3869811280812],[-70.5129517111525,-33.3868653792685],[-70.5128675648114,-33.3867225311197],[-70.5127743094414,-33.3865249845156],[-70.5126985685247,-33.386395732966],[-70.5126151349906,-33.3862939852715],[-70.5125234229838,-33.3861854852148],[-70.5124832209302,-33.3861408688706],[-70.51243182654,-33.3860838305736],[-70.5122983371561,-33.3859210318868],[-70.5105809930009,-33.3867204636832],[-70.509318007281,-33.3860581606006],[-70.5084693232423,-33.3856676039791],[-70.5075754752604,-33.3852966797419],[-70.5060991667577,-33.3861163604497],[-70.5054972928674,-33.3855223494402],[-70.5086867613062,-33.3837160433615],[-70.5082370369965,-33.3835001979137],[-70.5079574978511,-33.3834036882503],[-70.5079165647724,-33.3833895557193],[-70.5075855425529,-33.3833267653775],[-70.5074178267797,-33.383250058895],[-70.5073993194222,-33.3832361046999],[-70.5072715298345,-33.3832728366263],[-70.5071676699941,-33.3834351645508],[-70.5070677668449,-33.3835795478653],[-70.5068264203835,-33.3836862771918],[-70.5066060310366,-33.3837712765693],[-70.506538769653,-33.383829361171],[-70.5062164985303,-33.3839442298228],[-70.506000310967,-33.3840255976637],[-70.505833525768,-33.3840676434636],[-70.5055958336559,-33.384291794026]],[[-70.5037694635492,-33.3868241248071],[-70.5037105047441,-33.3868065956123],[-70.5032004017756,-33.3865792200962],[-70.5031697167059,-33.3865631716814],[-70.5031608361355,-33.3865523279936],[-70.5031583488756,-33.3865341144315],[-70.5031624756297,-33.3865212905193],[-70.5031730509137,-33.3865047422768],[-70.5031944600909,-33.3864862329207],[-70.5033187400287,-33.3863861992988],[-70.5033587001237,-33.3863591338007],[-70.5038680662597,-33.3868369257602],[-70.5037694635492,-33.3868241248071]],[[-70.5053836546284,-33.3874043653358],[-70.5056278095731,-33.387625622016],[-70.5047961683112,-33.3882665111731],[-70.5047632050254,-33.388295236476],[-70.5047351307366,-33.3883313626504],[-70.5053836678072,-33.3889264656749],[-70.5047822284931,-33.3885805276464],[-70.5046921547432,-33.3885280685469],[-70.5041247462071,-33.3882474410491],[-70.5043078596009,-33.3879575159234],[-70.5044757160408,-33.3880986625001],[-70.5053836546284,-33.3874043653358]],[[-70.5135780709311,-33.3898762980659],[-70.5135094029761,-33.3898762987649],[-70.513410214883,-33.3898572249606],[-70.5132728784979,-33.389807633968],[-70.5133491752132,-33.3897084489039],[-70.5133644349741,-33.3896931900635],[-70.5133949544706,-33.3896703011793],[-70.5134483624776,-33.3896397820811],[-70.5137688126305,-33.3894910033632],[-70.5139977088505,-33.3898419628083],[-70.5138603730753,-33.3898572222325],[-70.513700147072,-33.3898762978344],[-70.5136467394365,-33.3898801121738],[-70.5135780709311,-33.3898762980659]],[[-70.5034121711596,-33.3906522482754],[-70.5037559122919,-33.3902068444337],[-70.5041098752767,-33.3897725574122],[-70.5042620905089,-33.3898687224455],[-70.5044453375402,-33.39001299851],[-70.504006567232,-33.390380865437],[-70.5035543508339,-33.3907460845],[-70.5034121711596,-33.3906522482754]],[[-70.5100840650774,-33.3918797274302],[-70.5103964629587,-33.3917264900587],[-70.5110449934581,-33.3914213021991],[-70.511395962383,-33.3912534488051],[-70.5116477445053,-33.3911580783835],[-70.5121131606637,-33.3910207426056],[-70.5122675716333,-33.3909641054321],[-70.5125403676641,-33.3908487949923],[-70.5126884982885,-33.3907689434249],[-70.5129407404193,-33.3906335250989],[-70.5130694728961,-33.3905627622334],[-70.5132769526014,-33.3905263005254],[-70.5137447234586,-33.390469693903],[-70.5145395773375,-33.3903989178523],[-70.5147072840105,-33.3903760287763],[-70.5145293990917,-33.3905110192285],[-70.5142979558024,-33.390680118337],[-70.5140347731305,-33.390883536651],[-70.51396696908,-33.3909352647474],[-70.5138692204095,-33.3910077166613],[-70.5138035033416,-33.3910628164987],[-70.5135993362545,-33.3911738943311],[-70.5134231535206,-33.391267662079],[-70.5133262997416,-33.3913106597657],[-70.513005849918,-33.3914136610046],[-70.5127540667002,-33.3914708838658],[-70.5126319908593,-33.3914899583564],[-70.512517544001,-33.3915014038195],[-70.5122047227776,-33.3915395531369],[-70.5119987191431,-33.3915815171688],[-70.5119300511361,-33.3916005912739],[-70.5118003441439,-33.391631110506],[-70.511670638462,-33.3916730741434],[-70.5115256726853,-33.391734111125],[-70.5113807080849,-33.3918065933834],[-70.5112662615466,-33.3918714456254],[-70.510449875262,-33.3922681874323],[-70.5091772727506,-33.3928867220101],[-70.5088323700758,-33.3930540436551],[-70.5087401983594,-33.3930890084663],[-70.5080216682509,-33.3934260095975],[-70.5079211901676,-33.3934668114767],[-70.5076517928916,-33.393591063049],[-70.5075446078537,-33.3936578961493],[-70.5075149717496,-33.3936983040844],[-70.5074814415098,-33.3937642421878],[-70.5074828242669,-33.3938443210794],[-70.5074934333412,-33.393957057732],[-70.5074988358657,-33.3940188820008],[-70.5074908038026,-33.3940553857389],[-70.5073429443188,-33.3938266820281],[-70.5071820509634,-33.393577815815],[-70.507094289892,-33.3936112585198],[-70.5070485268032,-33.3936286980471],[-70.5070531531918,-33.3936008006334],[-70.5070501207917,-33.3935729926395],[-70.5069550047365,-33.393387814396],[-70.5069285516574,-33.3933345897397],[-70.5069231534058,-33.3933175218282],[-70.5069227468271,-33.3932939666591],[-70.5069276646173,-33.3932831991848],[-70.5069325507865,-33.3932702883807],[-70.506967846824,-33.3932441621818],[-70.5072561949999,-33.3930864493558],[-70.5075636842348,-33.3929391668547],[-70.5076639283841,-33.39290177713],[-70.507741748148,-33.3930101635853],[-70.5078202251736,-33.3929788678467],[-70.5083425195489,-33.3927292067346],[-70.508761916417,-33.3925289358485],[-70.5087103188833,-33.3924444280024],[-70.5085441659444,-33.3922052042972],[-70.5081928337336,-33.3923763477396],[-70.5081670433623,-33.3923839166678],[-70.5081454088475,-33.3923823669067],[-70.5081258483964,-33.3923753492264],[-70.5080948598589,-33.3923321941625],[-70.5080923234239,-33.3923104586795],[-70.5080984906606,-33.3922922428704],[-70.5081090979067,-33.3922812339426],[-70.5084154842665,-33.3921342098931],[-70.5084457159069,-33.3921197373183],[-70.5085554579916,-33.3920644008095],[-70.5082165003499,-33.3915853228669],[-70.5081385697538,-33.3916118864691],[-70.5081387939089,-33.391624863268],[-70.5081312927774,-33.3916379285555],[-70.5081134120617,-33.3916467965018],[-70.5077826709465,-33.391808680747],[-70.5077646659346,-33.3918099817716],[-70.5077465809,-33.3918069602641],[-70.5077309437551,-33.3917963352142],[-70.5077164844774,-33.3917792087928],[-70.5076993148891,-33.3917545514299],[-70.5077012004244,-33.3917229743494],[-70.5077144726137,-33.3917131343453],[-70.5078996640961,-33.3916235173761],[-70.5079578284251,-33.3915953705975],[-70.5080848562502,-33.3915338992251],[-70.5077196457458,-33.3909889930971],[-70.5079843146487,-33.3908571692148],[-70.5082751018397,-33.3907176654332],[-70.508574641957,-33.3905780617768],[-70.5087064460934,-33.3905122010005],[-70.5090302509939,-33.3903842436063],[-70.5090699302838,-33.3903713505747],[-70.5100840650774,-33.3918797274302]],[[-70.5062968165691,-33.3925893193953],[-70.5062478436009,-33.3925100472738],[-70.5061794064087,-33.3923823950049],[-70.506321020946,-33.3923129653106],[-70.5063738048535,-33.392373089807],[-70.5064713316463,-33.3925073339744],[-70.5065629218829,-33.3926572766168],[-70.5065991517241,-33.3927176056201],[-70.5064390607011,-33.392795942143],[-70.5062968165691,-33.3925893193953]],[[-70.5054929971073,-33.393150690801],[-70.5053908200914,-33.3929998639241],[-70.5052766348422,-33.3928192003981],[-70.5054184465296,-33.3927510824289],[-70.5054612690901,-33.3927912564458],[-70.5055291126185,-33.3928761060644],[-70.5055972189978,-33.3929759404157],[-70.5056471610023,-33.3930588661817],[-70.5057023586863,-33.3931502903754],[-70.5055504870169,-33.3932270983852],[-70.5054929971073,-33.393150690801]],[[-70.5108137204022,-33.3939749990327],[-70.5107668279026,-33.3939495686152],[-70.5107115960449,-33.393889557942],[-70.5107123795764,-33.393785537337],[-70.5107326472736,-33.3937636234624],[-70.5107582221805,-33.3937503036826],[-70.5108507323187,-33.3937275101164],[-70.510994467236,-33.3936824174537],[-70.5110971485325,-33.3936508339031],[-70.511141619107,-33.3937613215859],[-70.5111915767819,-33.3938880524831],[-70.5111068145624,-33.3939107537447],[-70.5108962093858,-33.3939696611291],[-70.5108447603617,-33.3939789544776],[-70.5108137204022,-33.3939749990327]],[[-70.5127388201614,-33.3933210541105],[-70.5126992372537,-33.3931920608721],[-70.5133434080177,-33.3930063748851],[-70.5134026133611,-33.393130311751],[-70.5134441222699,-33.3932538151091],[-70.5133669069704,-33.3932692227197],[-70.5127947513927,-33.3934381202689],[-70.5127388201614,-33.3933210541105]],[[-70.5072109298416,-33.3943858757895],[-70.5071328657315,-33.3942606326926],[-70.5074680215411,-33.3940945469929],[-70.5073624883297,-33.3943785756424],[-70.5073161006362,-33.3945479135454],[-70.5072109298416,-33.3943858757895]],[[-70.5134698808929,-33.3964400919246],[-70.5135933863984,-33.3964301014993],[-70.5137078323574,-33.3963919528309],[-70.5141922288758,-33.3959523181163],[-70.5148674797785,-33.3964848193964],[-70.5149509154563,-33.3968667796653],[-70.5150176177376,-33.3975138081495],[-70.5150444711013,-33.3978229003226],[-70.514258060465,-33.3977593111878],[-70.5142193721362,-33.3980478286502],[-70.5140817063457,-33.3980361234632],[-70.5136396564408,-33.3980245634619],[-70.5134698808929,-33.3964400919246]],[[-70.5123268428082,-33.3966895146629],[-70.5123115826152,-33.3965979594302],[-70.51294485472,-33.3964911418205],[-70.5130745603753,-33.396472066767],[-70.5131890162968,-33.3974906141593],[-70.512548115353,-33.3975974323256],[-70.5123268428082,-33.3966895146629]],[[-70.5107028396045,-33.3978700404404],[-70.510662924373,-33.3978491651181],[-70.5106268104604,-33.3978263937918],[-70.5105963982599,-33.3977827463214],[-70.5105754895702,-33.3977353044629],[-70.5105182424501,-33.3974928648002],[-70.5106049193677,-33.3974776476285],[-70.5108972898841,-33.3974263197496],[-70.5109756704902,-33.3974189863679],[-70.5110291242325,-33.3974247042579],[-70.5110561626974,-33.3974326440609],[-70.5110615790405,-33.3974342348013],[-70.5111016689092,-33.3974609185263],[-70.5111322137487,-33.3974914143015],[-70.5111513047082,-33.3975219106943],[-70.5111703950869,-33.3975619369983],[-70.5112281282524,-33.3978091168726],[-70.5108606012896,-33.3978757327905],[-70.5108016774757,-33.3978814258852],[-70.5107541591345,-33.3978833239445],[-70.5107028396045,-33.3978700404404]],[[-70.5084114617387,-33.397991949059],[-70.5084093197964,-33.3979406089951],[-70.5084286018614,-33.3978828505798],[-70.5084650259301,-33.3978379281835],[-70.5085185899586,-33.3978122567177],[-70.5085678695359,-33.3977930044286],[-70.5089835415236,-33.3977373300227],[-70.5090372356785,-33.3980114426517],[-70.5090308074327,-33.3980670607285],[-70.5090136673182,-33.3981077048136],[-70.5089815280827,-33.3981526284603],[-70.5089429628638,-33.3981782980744],[-70.5089086814298,-33.3981996903817],[-70.5088486883378,-33.3982125265321],[-70.5084645745041,-33.398262935973],[-70.5084114617387,-33.397991949059]],[[-70.5147512096749,-33.3983447438137],[-70.5147149808128,-33.3980818968323],[-70.5150283003839,-33.3981014778343],[-70.5156305560868,-33.3981391144928],[-70.5156385497398,-33.398403434321],[-70.5147512096749,-33.3983447438137]],[[-70.5080806841564,-33.3965696551476],[-70.5080829398488,-33.3965223560358],[-70.5080897077643,-33.3964840657307],[-70.5081100105263,-33.396452532649],[-70.5081348259759,-33.3964232525592],[-70.50816866443,-33.3963962247427],[-70.5082340861208,-33.3963714482033],[-70.5082904838735,-33.396357933687],[-70.5086569104369,-33.3963004286323],[-70.5086823960383,-33.3964436265787],[-70.5086823970407,-33.3965001089111],[-70.5086635219048,-33.3965526460865],[-70.5086330344214,-33.3965939574691],[-70.5085981906304,-33.3966222223554],[-70.5085045497143,-33.3966613597498],[-70.5081009638085,-33.3967197498654],[-70.5080806841564,-33.3965696551476]],[[-70.51041210524,-33.3963214667563],[-70.5103748043463,-33.3963182286562],[-70.5103310165538,-33.396303656527],[-70.5102969610571,-33.3962858454889],[-70.5102742548544,-33.3962631768757],[-70.5102515514356,-33.3962275557705],[-70.5101960059698,-33.3960722965084],[-70.5102926612807,-33.3960573314817],[-70.5105806175272,-33.3960127472113],[-70.510616154305,-33.3960072452015],[-70.5106696701863,-33.3960036824089],[-70.510721402389,-33.3960108066591],[-70.5107556188274,-33.3960229465563],[-70.5107823014769,-33.3960389308051],[-70.5108035830628,-33.3960625879713],[-70.5108143209313,-33.3960791866388],[-70.5108213002743,-33.3960962964317],[-70.5108774478881,-33.396246834964],[-70.5104607587097,-33.3963214669558],[-70.51041210524,-33.3963214667563]],[[-70.5113960315732,-33.3992912043973],[-70.5112992215752,-33.3992612264543],[-70.5111846526246,-33.3992197658874],[-70.5110427874524,-33.3991524586178],[-70.51100691075,-33.3991157265125],[-70.5109763906143,-33.3990928384732],[-70.5109535011795,-33.3990699494818],[-70.5109458716449,-33.3990432464746],[-70.5110083271517,-33.3990178624656],[-70.5110618475954,-33.3990045828311],[-70.5112418877609,-33.398971734886],[-70.5113106472197,-33.3989690899742],[-70.511349434529,-33.3989740276995],[-70.5113753232411,-33.3989791225479],[-70.511407693083,-33.3989859457523],[-70.5114468237918,-33.3990107137667],[-70.51148174733,-33.3990409495679],[-70.5115017180399,-33.3990767714518],[-70.5115363984829,-33.3992170185015],[-70.5115373977221,-33.3992747196511],[-70.5115257382475,-33.3993217221036],[-70.5113960315732,-33.3992912043973]],[[-70.5122405898786,-33.3993743574805],[-70.5122537207515,-33.3993737023045],[-70.5122774632992,-33.3993725164494],[-70.5123161807097,-33.3993651534168],[-70.5125263548103,-33.3993228149066],[-70.5125761349526,-33.3993154521983],[-70.5126056320784,-33.3993154515026],[-70.5126388186071,-33.3993191331837],[-70.512668317557,-33.3993320181556],[-70.5126941282167,-33.3993522657435],[-70.5127125658775,-33.399379876687],[-70.5127217836794,-33.3994074882177],[-70.5127254717582,-33.3994627098252],[-70.5127236286136,-33.3995142498647],[-70.5127125680956,-33.3995694718354],[-70.5126820553639,-33.399668458116],[-70.5119987859696,-33.3994704960755],[-70.5120542972473,-33.3993338585498],[-70.512135501941,-33.3993669950108],[-70.5121649837717,-33.3993713235107],[-70.5121981856002,-33.3993761982774],[-70.5122405898786,-33.3993743574805]]]},"properties":{"ZONA":"UV/EAb2","NOMBRE":"UV/EAb2 Zona de Uso de Suelo de Vivienda/ Edificación Aislada Baja Nº2"}},{"type":"Feature","geometry":{"type":"Polygon","coordinates":[[[-70.4967218401105,-33.367395232937],[-70.496021778764,-33.3673227314101],[-70.4961013822615,-33.3675482854228],[-70.4961228116758,-33.3678033478745],[-70.4961710642934,-33.3677979944898],[-70.496214315386,-33.3680641888944],[-70.4963140479228,-33.3680352399431],[-70.4963135575166,-33.3680065991115],[-70.4963183261132,-33.3679864896256],[-70.4963298716022,-33.367963438637],[-70.4963515437116,-33.3679345306251],[-70.4963750267732,-33.3679113285026],[-70.4964019823467,-33.3678923818836],[-70.4964324533287,-33.3678791287184],[-70.4964698384132,-33.3678715126964],[-70.4965072982652,-33.367868200349],[-70.4965652728044,-33.3678675013464],[-70.4965780403216,-33.367819285377],[-70.4967218401105,-33.367395232937]]]},"properties":{"ZONA":"UV/EAm1","NOMBRE":"UV/EAm1 Zona de Uso de Suelo de Vivienda/ Edificación Aislada Media Nº1"}},{"type":"Feature","geometry":{"type":"Polygon","coordinates":[[[-70.5007652129237,-33.3690855187506],[-70.5007565581566,-33.3691063472644],[-70.5007410361517,-33.3691255416672],[-70.5007232150338,-33.3691428564307],[-70.5016819624984,-33.3695659529234],[-70.5020590694445,-33.3697612060727],[-70.5035159268764,-33.3704689647216],[-70.5039016235572,-33.370589286116],[-70.5048862035891,-33.3708602070561],[-70.505061939881,-33.3704991294838],[-70.5040677711149,-33.3702480425385],[-70.503153050182,-33.3698829542846],[-70.5021058245996,-33.3693468114829],[-70.5011538414245,-33.3688869820979],[-70.5007652129237,-33.3690855187506]]]},"properties":{"ZONA":"UV/EAm1p","NOMBRE":"UV/EAm1p Zona de Uso de Suelo de Vivienda/ Edificación Aislada Media Nº1 Prima"}},{"type":"Feature","geometry":{"type":"Polygon","coordinates":[[[-70.5244015769373,-33.3768987781733],[-70.5261452454445,-33.3778507767383],[-70.5264437992177,-33.3780904940929],[-70.5267859459492,-33.3783833627475],[-70.5270288042281,-33.3786094459607],[-70.5271116594633,-33.3787122245648],[-70.5277455849692,-33.3795884964651],[-70.5281481924759,-33.3799792436665],[-70.5285566025316,-33.3803444676599],[-70.5285313229786,-33.380362675447],[-70.5295680402528,-33.3813377725462],[-70.531350843853,-33.382957316062],[-70.5313661537562,-33.3829449187303],[-70.5316842750171,-33.3826873018624],[-70.5283862863459,-33.3796424249409],[-70.5276716624263,-33.3787406659752],[-70.5272776142374,-33.378273934081],[-70.5268303528622,-33.377878814431],[-70.5264465393589,-33.3775614029976],[-70.5246765415642,-33.3766360924109],[-70.5246128554591,-33.3766040526573],[-70.5244015769373,-33.3768987781733]]]},"properties":{"ZONA":"UV/EAm1p","NOMBRE":"UV/EAm1p Zona de Uso de Suelo de Vivienda/ Edificación Aislada Media Nº1 Prima"}},{"type":"Feature","geometry":{"type":"Polygon","coordinates":[[[-70.5271580200243,-33.3862439778874],[-70.5269806110331,-33.3863752066259],[-70.5269505079197,-33.3863974740918],[-70.5273551908055,-33.386756775073],[-70.5273258310092,-33.3867857703316],[-70.5273908183428,-33.3868422381522],[-70.5274118966177,-33.3868276617561],[-70.527720205757,-33.3871352602971],[-70.5280402504735,-33.3873818663096],[-70.5267910416494,-33.3884101683027],[-70.5264834191407,-33.3881419313345],[-70.526529653854,-33.3881019902877],[-70.5256690499543,-33.3874528395173],[-70.5250530351476,-33.3878738989684],[-70.5249538747549,-33.3879384098196],[-70.525975050928,-33.388660227437],[-70.5269962438902,-33.3893820360869],[-70.527064141539,-33.3894643469132],[-70.5279373273452,-33.3887241455741],[-70.5297684637099,-33.3872211093864],[-70.5312333730665,-33.3860499611885],[-70.5308289906598,-33.3856036332113],[-70.5307450616895,-33.3855235233857],[-70.5306458738911,-33.3854624874451],[-70.5305161672044,-33.3854205259895],[-70.5304093502613,-33.3854014525242],[-70.5302872732337,-33.385401452884],[-70.5301804568145,-33.3854128979537],[-70.5300126018829,-33.3854586769959],[-70.5298447460427,-33.3854891955521],[-70.5296921505463,-33.3855044557793],[-70.5294861460999,-33.3855120870065],[-70.5292954015165,-33.3854891995681],[-70.5290970266728,-33.3854434230084],[-70.528952059744,-33.3854052761104],[-70.5287918341458,-33.3853404255423],[-70.5285502609529,-33.3852132675828],[-70.5283606660653,-33.3853621073555],[-70.5279004210271,-33.3857047531306],[-70.5272381514452,-33.3861852801973],[-70.5271580200243,-33.3862439778874]]]},"properties":{"ZONA":"UV/EAm1","NOMBRE":"UV/EAm1 Zona de Uso de Suelo de Vivienda/ Edificación Aislada Media Nº1"}},{"type":"Feature","geometry":{"type":"Polygon","coordinates":[[[-70.5331276932487,-33.4060137773857],[-70.5331902198968,-33.4062051502098],[-70.5332446424389,-33.4064380776272],[-70.5332653667864,-33.4066068120494],[-70.5332758206092,-33.4066961482231],[-70.5332783340699,-33.4068634212659],[-70.533263077529,-33.4071190148285],[-70.5331867851063,-33.4077522704649],[-70.5331257499216,-33.4080956017562],[-70.5330570846049,-33.4084465622681],[-70.5329579002237,-33.4088089674034],[-70.5328434560826,-33.4090988917248],[-70.532492492284,-33.4099228884257],[-70.5323780480848,-33.4101708501259],[-70.5322025647746,-33.4104035524599],[-70.5320843039416,-33.4105237192507],[-70.5319660427848,-33.4106438859357],[-70.5315616669232,-33.4109643305376],[-70.5309818068004,-33.4113954045647],[-70.5307071364698,-33.4117044044747],[-70.5303714299648,-33.4121431061378],[-70.5302264655646,-33.4123872533712],[-70.5300891323491,-33.4126504751324],[-70.5299517987637,-33.4130281397518],[-70.5298602451594,-33.4134286930927],[-70.5298068386511,-33.4136995425317],[-70.5297275803751,-33.4140770136652],[-70.5295925461408,-33.41473774208],[-70.5295786630759,-33.4149494025544],[-70.5295649493467,-33.4154468265595],[-70.5295583946933,-33.4156845935771],[-70.5315974848217,-33.415725626526],[-70.5327944691311,-33.4158361121482],[-70.5330577561415,-33.4160130855238],[-70.5331942363085,-33.4161048237967],[-70.533272109606,-33.4160929478702],[-70.533450343832,-33.4160928628497],[-70.533914974612,-33.4160926386536],[-70.5339973098993,-33.4160938019415],[-70.5340830098962,-33.4160950128411],[-70.5340897004959,-33.4160475911206],[-70.5341158282148,-33.4158926278673],[-70.5341600085611,-33.4156943094702],[-70.5341841736788,-33.4156294841542],[-70.5342171187884,-33.4154949824785],[-70.534268514954,-33.4153221160552],[-70.5343023145645,-33.4152197619268],[-70.5343241977026,-33.4151544606774],[-70.5343288743931,-33.4151280372607],[-70.5343306635357,-33.4151143854798],[-70.5343295298092,-33.4151075842292],[-70.5343258692489,-33.4151016583674],[-70.5343176191355,-33.4150940947048],[-70.5343007924558,-33.4150881035421],[-70.5345220568508,-33.4146341376955],[-70.5348425014079,-33.4138101410265],[-70.5351428663463,-33.4130028291512],[-70.5353130398569,-33.4125747243624],[-70.5354053513584,-33.412342494504],[-70.5354306949225,-33.4122787383781],[-70.5355825744252,-33.4118722253898],[-70.535773314371,-33.4113457838052],[-70.5360250918244,-33.4107201573259],[-70.536378644179,-33.4097812216943],[-70.5364904988538,-33.4094841638988],[-70.5364981284449,-33.4094612751412],[-70.5368193698366,-33.4086644659564],[-70.5372305693994,-33.4076645033633],[-70.5374447162116,-33.4071317609937],[-70.5363778199754,-33.4068236530855],[-70.5361698688505,-33.4073729660575],[-70.5360808666662,-33.4073475709542],[-70.5355710119759,-33.4072020903708],[-70.5354501108807,-33.4071643790021],[-70.5351434944037,-33.4070670692806],[-70.5347839560202,-33.4069402403718],[-70.5347144493163,-33.4069106646814],[-70.5348532032198,-33.4067823642305],[-70.5350858543612,-33.4065813957839],[-70.5351681370751,-33.4065080220638],[-70.5356305454669,-33.4066494824013],[-70.5357276056725,-33.406635873169],[-70.5358266708351,-33.4063158570687],[-70.5358242440133,-33.4060486382188],[-70.535722197856,-33.4058112864232],[-70.5354113530197,-33.4052195513416],[-70.5353130276646,-33.4050642368199],[-70.5351837202018,-33.4049589371712],[-70.5351947279715,-33.4049378031591],[-70.5348702347398,-33.4046784249098],[-70.5343541207211,-33.4050780976888],[-70.5339115950971,-33.4054443196826],[-70.5333241067843,-33.4058830254145],[-70.5331276932487,-33.4060137773857]],[[-70.5324841894061,-33.4142391342939],[-70.5324515145145,-33.4141852403314],[-70.5324065129199,-33.414124327143],[-70.5323617103828,-33.4140746809922],[-70.5323270290872,-33.4140454043228],[-70.5322579531935,-33.4140032304153],[-70.5322087341856,-33.4139802767026],[-70.5321436397573,-33.4139564882582],[-70.5320835377543,-33.4139387887283],[-70.5320208639913,-33.4139139548351],[-70.5319813845561,-33.41389012949],[-70.5321203215522,-33.4138721954061],[-70.5321969858326,-33.4138599779825],[-70.5322492327892,-33.4138470403545],[-70.5323556201847,-33.4138209693874],[-70.5324620085883,-33.4137948983175],[-70.5325017867974,-33.4142686283103],[-70.5324841894061,-33.4142391342939]]]},"properties":{"ZONA":"UV/EAb2","NOMBRE":"UV/EAb2 Zona de Uso de Suelo de Vivienda/ Edificación Aislada Baja Nº2"}},{"type":"Feature","geometry":{"type":"Polygon","coordinates":[[[-70.5059681574748,-33.4112887785332],[-70.5061396791664,-33.4106024409069],[-70.5060576362193,-33.4105611022013],[-70.5059764234117,-33.4104714139533],[-70.5058396364643,-33.4104587576437],[-70.5057078792367,-33.4104078610125],[-70.5056119862081,-33.4104567484335],[-70.5054876486758,-33.4105059810131],[-70.5053339577941,-33.4105030736342],[-70.5051569347832,-33.4104670435819],[-70.5049504788174,-33.4103741016927],[-70.5047169757225,-33.4103626175146],[-70.5045733476269,-33.410283230674],[-70.5043309479125,-33.4100857324599],[-70.5042113114266,-33.4100776389624],[-70.5040224171749,-33.4100131164244],[-70.5039303316379,-33.4099665094645],[-70.5038651983321,-33.4099016801663],[-70.5038118620614,-33.4099023267882],[-70.5037209138746,-33.4097841211322],[-70.5035750775814,-33.4097829065156],[-70.5033048443745,-33.409786181812],[-70.5032082237199,-33.4097515599081],[-70.5031193304189,-33.4097526371194],[-70.5030277550462,-33.4098044526727],[-70.5029076315452,-33.409850649181],[-70.5028118841616,-33.4098667222953],[-70.5027187698397,-33.4098678503597],[-70.5028466214198,-33.4100584822778],[-70.5037011058075,-33.4102031331462],[-70.5044489366533,-33.4103420074396],[-70.5046605878294,-33.4104062523619],[-70.5049528748972,-33.4105267873031],[-70.5054170740066,-33.410716819989],[-70.5055436360078,-33.4107964129626],[-70.5058462268621,-33.4111840708612],[-70.5059681574748,-33.4112887785332]]]},"properties":{"ZONA":"UV/EAb4","NOMBRE":"UV/EAb4 Zona de Uso de Suelo de Vivienda/ Edificación Aislada Baja Nº4"}},{"type":"Feature","geometry":{"type":"Polygon","coordinates":[[[-70.5075146925957,-33.4068348205589],[-70.5072228960615,-33.407577393977],[-70.5069738583214,-33.4082904147482],[-70.5066893721483,-33.4091152897293],[-70.5065449135794,-33.4095213746074],[-70.5065190215792,-33.4096048779476],[-70.5063713465254,-33.4100267994711],[-70.5063348463923,-33.4101130650112],[-70.5064083611127,-33.4101935501995],[-70.5066322172786,-33.4101818832258],[-70.5069506314408,-33.4101625764866],[-70.5069974547819,-33.4101650595135],[-70.5071150916703,-33.4101712978516],[-70.5072704164142,-33.4101789314408],[-70.5076417352839,-33.4102014041934],[-70.5078387255665,-33.4102101170114],[-70.5080000597678,-33.4102156555786],[-70.5081237995863,-33.4102286899909],[-70.5083236585884,-33.410304496681],[-70.5084908806543,-33.4103084289569],[-70.5085766818774,-33.4103342291816],[-70.5087296297487,-33.4103353523015],[-70.5087837901919,-33.410382416051],[-70.5088758267296,-33.4103574352759],[-70.5090087695852,-33.4103534317544],[-70.5090929526215,-33.4103679177033],[-70.5092572177861,-33.4104064836472],[-70.5095622491877,-33.4105232730945],[-70.5097947040745,-33.4106385588688],[-70.5099458414323,-33.4107405171616],[-70.5100627191461,-33.4108357343254],[-70.5101061937067,-33.4108817353145],[-70.510153686613,-33.4109133695332],[-70.5103339494365,-33.4109720219498],[-70.5104160123342,-33.4110282904367],[-70.5105406198186,-33.4110768827628],[-70.510626949034,-33.4111330991512],[-70.5107764759722,-33.4111420155226],[-70.5108749252179,-33.4111587127891],[-70.5110299589464,-33.4112391473176],[-70.511184063181,-33.4112659038183],[-70.5113044042205,-33.4113145464388],[-70.5113735436274,-33.4113638137204],[-70.5114975321127,-33.4113766198427],[-70.511630673938,-33.4114251070571],[-70.5117251664875,-33.4114597473385],[-70.5118409928691,-33.4114941284266],[-70.5119958419826,-33.4115638255998],[-70.5133902025222,-33.4118269610494],[-70.5134840184648,-33.4116953380564],[-70.513535310567,-33.4115861065242],[-70.5135819429021,-33.4114945323992],[-70.5136321327501,-33.4113759539428],[-70.5136855791004,-33.4112135209897],[-70.5137117749491,-33.4111019775555],[-70.5137404119604,-33.4108993992106],[-70.5137516874991,-33.4106228850537],[-70.5137859471524,-33.4100494906572],[-70.513797835622,-33.4098895019758],[-70.5138291822157,-33.4095794698493],[-70.5138655022208,-33.4094444682538],[-70.5139190441584,-33.409299528166],[-70.5139967217415,-33.40915032081],[-70.5149330517135,-33.407933627839],[-70.5154868032369,-33.4071371576645],[-70.5156829495004,-33.4068185830868],[-70.5160213917485,-33.4062688882349],[-70.5156869429819,-33.4061226920326],[-70.5154090354643,-33.4059993759555],[-70.5152186169131,-33.405901750437],[-70.5148889324167,-33.4057203215377],[-70.5146525095284,-33.4055677685532],[-70.5142715351513,-33.4052874157534],[-70.5138053750705,-33.4048761726543],[-70.5136644081576,-33.4047450713202],[-70.5136117582504,-33.4046938435916],[-70.5134139415747,-33.4045013690822],[-70.513191909588,-33.4042940032921],[-70.5129617029826,-33.4040734001571],[-70.5128470335479,-33.4039881006487],[-70.5127655709595,-33.4038977398218],[-70.512659056578,-33.4038209930756],[-70.5123481962957,-33.4035954749416],[-70.5123444416085,-33.4035927511197],[-70.5123425423629,-33.4035916144884],[-70.5122640779983,-33.4035446608979],[-70.5122218969886,-33.4035092406956],[-70.5121721021028,-33.4034674271501],[-70.5120730998144,-33.4034076450855],[-70.512044037003,-33.4033900957037],[-70.5118798538321,-33.4032915679079],[-70.5116821005214,-33.4031738543657],[-70.5115243508557,-33.4030854151972],[-70.5112644394803,-33.4029472764393],[-70.5110171100321,-33.402817004067],[-70.510916481969,-33.4027716046929],[-70.5104112808496,-33.4024852724654],[-70.5095669685808,-33.4020467031399],[-70.5095613748974,-33.4020568810018],[-70.5094998985899,-33.4021687439164],[-70.509351067265,-33.4025340132292],[-70.5091041846138,-33.4031068854556],[-70.5089038799213,-33.4035894479664],[-70.5088059759283,-33.4038060215893],[-70.5086720282625,-33.404103801818],[-70.5085924173674,-33.4042954735384],[-70.5085815916453,-33.4043215389311],[-70.5085128072124,-33.4044871451988],[-70.5083430421142,-33.404879590939],[-70.5083071533408,-33.4049697708934],[-70.5075146925957,-33.4068348205589]]]},"properties":{"ZONA":"UV/EAb4p","NOMBRE":"UV/EAb4p Zona de Uso de Suelo de Vivienda/ Edificación Aislada Baja Nº4 Prima"}},{"type":"Feature","geometry":{"type":"Polygon","coordinates":[[[-70.5059681574748,-33.4112887785332],[-70.506059940181,-33.4113675964389],[-70.5066624190945,-33.4116561638637],[-70.5073086009309,-33.4118392060579],[-70.5078051332814,-33.4119238455053],[-70.5087282792345,-33.4119985220355],[-70.5091498624855,-33.4120267999429],[-70.5098797403043,-33.412113363469],[-70.5108728121287,-33.4122826195357],[-70.5121690749388,-33.4125436175498],[-70.5126201013427,-33.4126287923233],[-70.5127429763233,-33.4127238137635],[-70.5131027105865,-33.4122257371218],[-70.5118625991715,-33.4120021163383],[-70.5116394164488,-33.4119296723428],[-70.511578872854,-33.4118838808311],[-70.5114378159034,-33.4118712818838],[-70.5113600198291,-33.4118149621146],[-70.5112274963427,-33.4118022598512],[-70.5110772244741,-33.4117504023399],[-70.51102527764,-33.4117080843773],[-70.5107809462773,-33.4116466339058],[-70.5106904123033,-33.4115940483062],[-70.5104425588171,-33.4115755908387],[-70.5103092304504,-33.4115163671426],[-70.5101754697372,-33.4114320941627],[-70.5100779265249,-33.4113855583023],[-70.5100147674992,-33.4113529216214],[-70.5098312257954,-33.4112692542611],[-70.5096701938872,-33.4111709948301],[-70.509611980596,-33.4110953460485],[-70.5094048583068,-33.4109642425124],[-70.5091812457444,-33.410866743926],[-70.5090610302188,-33.410825255701],[-70.508924407454,-33.4108221460386],[-70.5088111182759,-33.4108521579817],[-70.508720092119,-33.4108532651697],[-70.5084116379043,-33.4107854309489],[-70.5083030482768,-33.4107581175386],[-70.508206497636,-33.4107688367488],[-70.5080979080865,-33.4107415231565],[-70.5079428148896,-33.4106575061608],[-70.5075618050636,-33.4106716826369],[-70.5074077852444,-33.4106496922815],[-70.50721929971,-33.4106090318771],[-70.5067698550368,-33.4106144922153],[-70.5065709805562,-33.4106312247773],[-70.5064691521821,-33.4106658680041],[-70.5064176200831,-33.410647404288],[-70.5062241054906,-33.4106449825491],[-70.5061396791664,-33.4106024409069],[-70.5059681574748,-33.4112887785332]]]},"properties":{"ZONA":"UV/EAb4p","NOMBRE":"UV/EAb4p Zona de Uso de Suelo de Vivienda/ Edificación Aislada Baja Nº4 Prima"}},{"type":"Feature","geometry":{"type":"Polygon","coordinates":[[[-70.4965628071275,-33.3850190807278],[-70.4967845655333,-33.3851651650765],[-70.4969727840446,-33.3853597534091],[-70.497156144062,-33.3856856404461],[-70.4976200997838,-33.386616615499],[-70.4977511397171,-33.3867939970233],[-70.497953379394,-33.3869764837953],[-70.4981722678179,-33.3870931499418],[-70.4984115647744,-33.3871558806762],[-70.4986329350432,-33.3872098783057],[-70.49870579363,-33.3872339834403],[-70.4987367917143,-33.3872963639947],[-70.4988045450096,-33.3873206606002],[-70.4988607537616,-33.3873262576873],[-70.4989543968665,-33.3873345319959],[-70.4990667412261,-33.3873425902263],[-70.4991603845167,-33.3873508733951],[-70.4992352954503,-33.3873562443558],[-70.4993736375802,-33.3873545727847],[-70.4995045203383,-33.3873529912024],[-70.4996428839427,-33.3873513190716],[-70.4997513262619,-33.3873500084331],[-70.4998598439654,-33.3873518352571],[-70.499983408592,-33.3873597561295],[-70.5001519402325,-33.3873734011664],[-70.5003170776509,-33.3874059250373],[-70.5005085361352,-33.3874475358827],[-70.5006852173918,-33.3874987396486],[-70.5008055809406,-33.3875380722675],[-70.5009221512842,-33.3875743112806],[-70.5010784458975,-33.3876296625117],[-70.5010886271391,-33.3875592665295],[-70.5010977163396,-33.3875150881588],[-70.5012418519516,-33.3871140032533],[-70.5014488253073,-33.3865496708902],[-70.5015616360243,-33.3862370906509],[-70.5016118716218,-33.3861042883065],[-70.5016434772812,-33.3860322937482],[-70.5016720706761,-33.3859768694103],[-70.5017070938699,-33.3859180700575],[-70.5017615692928,-33.3858412957176],[-70.5018122258975,-33.3857796385331],[-70.5018742443292,-33.3857114072481],[-70.5019175625949,-33.3856691286945],[-70.5019605925543,-33.3856322791974],[-70.502040388276,-33.3855728395166],[-70.5020814192159,-33.385546777859],[-70.5015858544949,-33.3853449585376],[-70.5016833350814,-33.3852244710997],[-70.5012533522981,-33.3851962672115],[-70.5011330120398,-33.3851452267519],[-70.5009381839263,-33.3851538477899],[-70.5008306649784,-33.3851422940603],[-70.5007326017584,-33.3851460512749],[-70.5006665644776,-33.3851468499118],[-70.5005748948808,-33.3851090261318],[-70.5002174155809,-33.3849964260981],[-70.500151312647,-33.3849566605349],[-70.5000889552297,-33.3849693450685],[-70.499739662979,-33.3850022011185],[-70.499552261592,-33.3850211692364],[-70.4993885283182,-33.3849277003928],[-70.499320353168,-33.3848956378473],[-70.4991817067828,-33.3849337787489],[-70.4989998017685,-33.3849001842048],[-70.4988710143216,-33.3848540162011],[-70.4987632472894,-33.3847896976813],[-70.4986637150061,-33.3847908997976],[-70.4985279204024,-33.3847507818578],[-70.4984357026458,-33.3847638261562],[-70.4973523618798,-33.3850334173044],[-70.4971902763174,-33.3851188888383],[-70.4970481898682,-33.3851265688919],[-70.4969198119664,-33.3851042562132],[-70.4968478998141,-33.3850573999836],[-70.4967546592423,-33.3850108009739],[-70.4965628071275,-33.3850190807278]]]},"properties":{"ZONA":"UV/EAb4p","NOMBRE":"UV/EAb4p Zona de Uso de Suelo de Vivienda/ Edificación Aislada Baja Nº4 Prima"}},{"type":"Feature","geometry":{"type":"Polygon","coordinates":[[[-70.4957234731847,-33.3843107050773],[-70.4957670276501,-33.3841706668768],[-70.4959166666033,-33.3839397906664],[-70.4961857421686,-33.383707473379],[-70.4963650540486,-33.3834655013267],[-70.496489220064,-33.3832420896681],[-70.4965618309587,-33.3829978236628],[-70.4966163971299,-33.3826965071346],[-70.4966216787513,-33.3825067426087],[-70.4965838141418,-33.3822888643756],[-70.496454595867,-33.3819682891035],[-70.4963142989596,-33.3817480664554],[-70.4961882845152,-33.3815465753221],[-70.4961742329801,-33.3815511349919],[-70.496018257093,-33.381743909469],[-70.4957799617531,-33.3817801877834],[-70.4954963303036,-33.3818265572934],[-70.4953161323461,-33.3819337206261],[-70.4951004214344,-33.3819601820221],[-70.4949621578079,-33.3821909202593],[-70.4947523788124,-33.3822316266312],[-70.4946285631267,-33.3823094757683],[-70.4944652629549,-33.3824068890767],[-70.4941185771667,-33.3824253807538],[-70.4940346542033,-33.3825075216313],[-70.4939447179455,-33.3825706442661],[-70.4937977431299,-33.3826249099726],[-70.4937820682779,-33.3827062282173],[-70.4936028454997,-33.3828706455048],[-70.4934968451501,-33.3828782812105],[-70.4933976352625,-33.3830331386743],[-70.4932090499886,-33.3832322679542],[-70.4930001144808,-33.3834889090317],[-70.4928264647016,-33.3838131327736],[-70.4927345338723,-33.3841757439936],[-70.4927211412963,-33.3843906614944],[-70.4927525620883,-33.3846629934536],[-70.4928035161308,-33.3846587117203],[-70.4930540871405,-33.3845912700104],[-70.4931562798406,-33.384579302839],[-70.4932451230543,-33.3845352826803],[-70.4934194032392,-33.3844973923263],[-70.4935281670776,-33.3843708095222],[-70.4936937314153,-33.384322286143],[-70.4938682547454,-33.3842987101719],[-70.4940374101367,-33.3842107705992],[-70.4942506912469,-33.3842082025438],[-70.4945366717054,-33.3842154970091],[-70.4948096707862,-33.3842122087422],[-70.4951166119753,-33.3841977724794],[-70.4952239876663,-33.3842394297921],[-70.4954031438483,-33.3842372709347],[-70.4955149683697,-33.3842896128257],[-70.4956772460344,-33.3842983945292],[-70.4957234731847,-33.3843107050773]]]},"properties":{"ZONA":"UV/EAb4","NOMBRE":"UV/EAb4 Zona de Uso de Suelo de Vivienda/ Edificación Aislada Baja Nº4"}},{"type":"Feature","geometry":{"type":"Polygon","coordinates":[[[-70.4961882845152,-33.3815465753221],[-70.4963142989596,-33.3817480664554],[-70.496454595867,-33.3819682891035],[-70.4965838141418,-33.3822888643756],[-70.4966216787513,-33.3825067426087],[-70.4966163971299,-33.3826965071346],[-70.4965618309587,-33.3829978236628],[-70.496489220064,-33.3832420896681],[-70.4963650540486,-33.3834655013267],[-70.4961857421686,-33.383707473379],[-70.4959166666033,-33.3839397906664],[-70.4957670276501,-33.3841706668768],[-70.4957234731847,-33.3843107050773],[-70.4957672531904,-33.3843223642012],[-70.4958536074466,-33.3843821708538],[-70.4961007685138,-33.3843648741751],[-70.4962164927011,-33.3843956924202],[-70.4963376467197,-33.384494450716],[-70.4965775639772,-33.3845524050265],[-70.4967995001289,-33.3845568871536],[-70.4970739722359,-33.3846394782449],[-70.4972265542705,-33.3845803692567],[-70.497320274734,-33.384572079464],[-70.4983694646296,-33.3843017087777],[-70.4986296066131,-33.3842949878651],[-70.4987882327017,-33.3843396025859],[-70.4989421017103,-33.3843556405303],[-70.4991314470373,-33.3844499928384],[-70.499250332391,-33.3844163430211],[-70.4995030477148,-33.3844741370189],[-70.4996791671437,-33.3845435937462],[-70.4999519833023,-33.3845295588208],[-70.5000835409885,-33.384488596974],[-70.5002881685409,-33.3844789641783],[-70.5003396017994,-33.3844926593373],[-70.5004854939484,-33.3845410053064],[-70.5005380339992,-33.3846191131024],[-70.5006536358815,-33.3846427705992],[-70.5007738726753,-33.3846878469975],[-70.5009228012246,-33.3846645697624],[-70.501025422134,-33.3846776454854],[-70.5011405331858,-33.3846726735394],[-70.5012602781325,-33.3846891213912],[-70.5013934964393,-33.3847447776608],[-70.5015342007451,-33.3847394956865],[-70.5016328031195,-33.3847669365385],[-70.5017220738313,-33.3847479606406],[-70.5018585122164,-33.3847427299241],[-70.5019782573674,-33.3847591770763],[-70.5020458918515,-33.3847225654417],[-70.5021391205457,-33.3846856448509],[-70.5025146807539,-33.3846918355611],[-70.5026590955124,-33.3846542938956],[-70.502753185916,-33.3846674714841],[-70.5028161241326,-33.3846058617724],[-70.5029175751242,-33.384550944542],[-70.5030878300246,-33.3845274073248],[-70.5030865982185,-33.3844558363152],[-70.5034146189017,-33.3844268080832],[-70.5035562466234,-33.3844752020801],[-70.5036968270304,-33.3844627602088],[-70.5037729922912,-33.3844260451732],[-70.5039008376669,-33.3844173368759],[-70.504078637651,-33.3843364388505],[-70.5041889263136,-33.3842993090529],[-70.504440104121,-33.3842676300892],[-70.5046106662237,-33.3842619826473],[-70.50473814131,-33.3842318029296],[-70.5048231448405,-33.3842128756594],[-70.5049033902582,-33.384165372934],[-70.5050092285492,-33.3841175588607],[-70.5050469396446,-33.3840777290535],[-70.505089102654,-33.3840485836659],[-70.5050963392664,-33.3839733314101],[-70.505311292949,-33.3838203950948],[-70.5055687786678,-33.3836597843437],[-70.5058151329069,-33.3835959476752],[-70.5061077298622,-33.3834921777571],[-70.5062264864733,-33.3834513648236],[-70.5062894202516,-33.3833897534445],[-70.5064199549427,-33.383339123127],[-70.5064866859403,-33.3832608388954],[-70.506509609965,-33.3832605605946],[-70.5065291437116,-33.3832534440743],[-70.5065582659624,-33.3832324605085],[-70.5065775862058,-33.3832129676668],[-70.5066453241368,-33.3831516269637],[-70.5067633459442,-33.3830621572758],[-70.5069104185312,-33.3829475859133],[-70.5069658619497,-33.3829092771844],[-70.5070254482034,-33.3828581243589],[-70.5072069614188,-33.3827265726664],[-70.5073159436633,-33.3826517511128],[-70.5073529682038,-33.3826310375328],[-70.5074528951542,-33.3825751304998],[-70.5076315639568,-33.3824818271883],[-70.5077184258024,-33.3824440229461],[-70.5077639584282,-33.3824262794061],[-70.507897509704,-33.3823742346748],[-70.5079837953936,-33.3823388740713],[-70.5079569251064,-33.3822875241244],[-70.5079076021374,-33.3822110587941],[-70.5080030916297,-33.382140699762],[-70.5081069064862,-33.3820583078982],[-70.5081768033339,-33.3819882597576],[-70.508259805807,-33.3818536253514],[-70.5083663815155,-33.3817664279891],[-70.5085404626762,-33.3816354580435],[-70.5087032927839,-33.3815117844971],[-70.5087422386137,-33.3814612010613],[-70.5087295034625,-33.3813826119559],[-70.5086460494134,-33.3813263585529],[-70.5084680960373,-33.381233075467],[-70.508135434014,-33.3810748591153],[-70.5079145385509,-33.3809653928596],[-70.5077621385497,-33.3808694119092],[-70.5075934173214,-33.3808165800503],[-70.5074256031513,-33.3808162323145],[-70.5072558909635,-33.3808707890978],[-70.506645207915,-33.3810834155297],[-70.5065629076354,-33.381093959975],[-70.5064547261392,-33.3810881143274],[-70.5062536558777,-33.3809736326793],[-70.5060294265834,-33.3808355703776],[-70.5058602539369,-33.3807564930241],[-70.505769012263,-33.3807432831599],[-70.5054818475532,-33.3807491535467],[-70.5052750036173,-33.3807946137238],[-70.5050827473436,-33.3808613725999],[-70.5049900583824,-33.3809293091298],[-70.5049082101439,-33.3809660946946],[-70.5048357141957,-33.3810504895583],[-70.5047542756958,-33.3811111314354],[-70.504674736717,-33.381116868512],[-70.5046029883287,-33.3810795591521],[-70.5044990562747,-33.3809901445355],[-70.5044318862197,-33.3808883534736],[-70.5043710191832,-33.3808222789395],[-70.5042678683141,-33.3807781919978],[-70.5041624489229,-33.3807675391242],[-70.5038584686283,-33.3807879265845],[-70.5037270454493,-33.380753726174],[-70.5035439866449,-33.3806939035373],[-70.5034575994088,-33.38066536197],[-70.5034863584156,-33.3806506965339],[-70.5034330478247,-33.3806270030277],[-70.5033436865738,-33.380590861368],[-70.5033274939837,-33.3805423796818],[-70.5033472042378,-33.3804977577155],[-70.5033842224972,-33.3804672439845],[-70.5035093698881,-33.3804013008087],[-70.5036156759338,-33.380331291146],[-70.5037985120326,-33.3802460370265],[-70.5039609970958,-33.3801681873358],[-70.5042069361587,-33.3800807357027],[-70.5043342327979,-33.3800405371816],[-70.5045268360202,-33.3799279608338],[-70.5046201078661,-33.3798939013284],[-70.5048604045589,-33.3798752384818],[-70.5049925225218,-33.3798177995134],[-70.5051194977399,-33.3797589915298],[-70.5051835421006,-33.3797124003247],[-70.5052588146286,-33.3796241540164],[-70.5053378188821,-33.3795544731582],[-70.505536653253,-33.3794074597642],[-70.5055701592894,-33.3793712602984],[-70.5055644975533,-33.3793398315636],[-70.5054916307931,-33.379270561752],[-70.5054468271196,-33.3792453346514],[-70.5051416496998,-33.3792619221259],[-70.5050188076618,-33.3792634119524],[-70.5048991066196,-33.3792491144035],[-70.5046809716071,-33.3791672886041],[-70.5045161458114,-33.3791091555096],[-70.5044098476291,-33.3790803788824],[-70.5042700183825,-33.3790863685438],[-70.504166288587,-33.3791076696733],[-70.5040307588247,-33.3791651491084],[-70.5038114004662,-33.3793095463303],[-70.5036511152404,-33.3794160031878],[-70.5035018615666,-33.3794693527847],[-70.5033015207922,-33.3795290478748],[-70.5032299365509,-33.3795342096576],[-70.503135629972,-33.3795081500885],[-70.5030161012462,-33.3795038709985],[-70.5029190966825,-33.3795193628374],[-70.5023443068931,-33.3797353510248],[-70.5022578096444,-33.3797664643204],[-70.5022184948383,-33.3797626446763],[-70.5021769317997,-33.3797273556953],[-70.5021694179399,-33.3796873589964],[-70.502275624697,-33.3796116239645],[-70.5023626702973,-33.3795132144851],[-70.5024650961539,-33.3794160499904],[-70.5025522398381,-33.3793233660014],[-70.5026004134994,-33.3792469029785],[-70.5025969585911,-33.3791452935291],[-70.5025759185985,-33.3791126186848],[-70.5025343311106,-33.3790758979608],[-70.5025090171491,-33.3789931657354],[-70.5025030375321,-33.3789431281139],[-70.5024783391659,-33.3788961814257],[-70.5024604161046,-33.378846288399],[-70.5024439524758,-33.3787820615824],[-70.5024039980079,-33.3787410254823],[-70.5023451760564,-33.3786944909684],[-70.5022730542563,-33.3786685472484],[-70.5020204979888,-33.3788175404593],[-70.5014274507917,-33.3790633344676],[-70.500911085745,-33.3792947434395],[-70.5004686101908,-33.3794783043101],[-70.4985849893696,-33.3801571533007],[-70.4984830289153,-33.3801822459222],[-70.49826928772,-33.3803232251881],[-70.4982305407749,-33.3803857337363],[-70.4980393842832,-33.3805168946627],[-70.4976274065329,-33.3807079885145],[-70.4975371464941,-33.3807520288391],[-70.4974198410487,-33.380877525874],[-70.4973935307895,-33.3810019248563],[-70.4972932048326,-33.3811224442503],[-70.4971686569581,-33.3811573527236],[-70.4969765976368,-33.3812360274702],[-70.496858145961,-33.3812947244128],[-70.4967563471767,-33.3813293589763],[-70.4965004998935,-33.3813372171948],[-70.4964396567523,-33.3814381701065],[-70.4963269727555,-33.3815015696429],[-70.4961882845152,-33.3815465753221]]]},"properties":{"ZONA":"UV/EAb4p","NOMBRE":"UV/EAb4p Zona de Uso de Suelo de Vivienda/ Edificación Aislada Baja Nº4 Prima"}},{"type":"Feature","geometry":{"type":"Polygon","coordinates":[[[-70.493365483156,-33.3786572753615],[-70.4938214928565,-33.3787415484762],[-70.4944482202177,-33.378800815451],[-70.4948670224433,-33.3787894448949],[-70.4949032130325,-33.3784115017615],[-70.4949180286401,-33.3782984130289],[-70.4949248436133,-33.3781651116647],[-70.4949231468834,-33.3780780249736],[-70.4949175633252,-33.3780007468431],[-70.4949086928231,-33.377927501745],[-70.4948993245548,-33.3778703951282],[-70.4947255124675,-33.3768272642981],[-70.494606798532,-33.3761147925163],[-70.4946001433803,-33.3760827934628],[-70.4945850854533,-33.3760294872217],[-70.494567652016,-33.3759830321652],[-70.4945471498658,-33.3759391627203],[-70.4945284489642,-33.3759054526912],[-70.4945057160739,-33.3758700470131],[-70.4944870855395,-33.3758444700158],[-70.4944625019424,-33.3758144211242],[-70.4944415735315,-33.3757915620419],[-70.4943023797029,-33.3756674094961],[-70.4939882252858,-33.3754106051419],[-70.4935862775174,-33.3750822603013],[-70.4934596241753,-33.3750004497493],[-70.4934046675612,-33.374969020122],[-70.4933972010757,-33.3749652996018],[-70.4933697846384,-33.3749524172305],[-70.4933411242731,-33.3749402108851],[-70.4933119323825,-33.374929042658],[-70.4932812451214,-33.3749186184149],[-70.4932573124354,-33.3749113929644],[-70.4932302179622,-33.374904138813],[-70.4931971741786,-33.3748965873729],[-70.4931666249402,-33.3748908412],[-70.4930549134056,-33.3748716110009],[-70.4928641831408,-33.3748387769765],[-70.4928463189793,-33.374835551256],[-70.492823603084,-33.3748299578838],[-70.492786868601,-33.3748170864535],[-70.4927684653756,-33.3748072863213],[-70.4927523494425,-33.3747967876901],[-70.4926389828117,-33.3747851734006],[-70.4927306971344,-33.3746599894982],[-70.4926904811121,-33.3746366108363],[-70.4934695926172,-33.3737221267956],[-70.4932238938375,-33.3737016906531],[-70.4930014920192,-33.3735850571663],[-70.49288887646,-33.3736520321988],[-70.4927615343693,-33.3736893560816],[-70.4924060065196,-33.3736876668325],[-70.4922845506656,-33.3736533341633],[-70.4921096897551,-33.3738224694743],[-70.4918186479203,-33.3738498296306],[-70.4916616493986,-33.3738159244753],[-70.4916123990078,-33.3738463436781],[-70.4913850278762,-33.3738550410318],[-70.4911061656387,-33.373762944933],[-70.4909424667411,-33.3737529808271],[-70.4907565250904,-33.3736895940211],[-70.4904873166115,-33.3737465160864],[-70.4903587534865,-33.3737122677763],[-70.4902083549321,-33.3736484533227],[-70.4900074851912,-33.3735434874988],[-70.489900755736,-33.3735388029693],[-70.489702633374,-33.3735948699532],[-70.4894914113145,-33.3737167142422],[-70.4893009045068,-33.3738025173911],[-70.4891045081691,-33.373959975338],[-70.4891273588796,-33.374049183046],[-70.4890801405005,-33.374198886047],[-70.4893492486471,-33.3741360023888],[-70.4896964503494,-33.374066214998],[-70.4899666764465,-33.3740689369881],[-70.4902589416321,-33.3741131517757],[-70.4905237897046,-33.3742173497136],[-70.4907537061074,-33.3743577588626],[-70.4909489963381,-33.3745522731934],[-70.4911104748762,-33.3748486050995],[-70.491149682683,-33.3750628907882],[-70.4911331410281,-33.3753434657542],[-70.4910243908794,-33.3756370792666],[-70.4908642497254,-33.3758358633029],[-70.4907037007577,-33.376010789675],[-70.4906557718001,-33.3761187437364],[-70.4906946738717,-33.3763151366641],[-70.490853915819,-33.3764802558356],[-70.4910328561556,-33.376549691403],[-70.4913385329002,-33.3765460185482],[-70.4914029185652,-33.3765691071836],[-70.4915450937098,-33.3765673985491],[-70.4919554664529,-33.3764491216986],[-70.4922674357927,-33.37639764801],[-70.4925376700241,-33.3764003632824],[-70.4928156238515,-33.3764387781853],[-70.4932666340953,-33.3766182817089],[-70.4935474450591,-33.3768236933945],[-70.4937573723548,-33.377041888336],[-70.4939055657687,-33.377392065767],[-70.4939389984893,-33.3776839700136],[-70.4939128074878,-33.3778155250158],[-70.4937546070107,-33.3781276325051],[-70.4935325277241,-33.378446474388],[-70.493365483156,-33.3786572753615]]]},"properties":{"ZONA":"UV/EAb4","NOMBRE":"UV/EAb4 Zona de Uso de Suelo de Vivienda/ Edificación Aislada Baja Nº4"}},{"type":"Feature","geometry":{"type":"Polygon","coordinates":[[[-70.4935405055392,-33.3732594048336],[-70.4938015106453,-33.3730188747202],[-70.493801509807,-33.372980726882],[-70.4938091399485,-33.3729502089375],[-70.4938243995424,-33.3729082456266],[-70.4938549178188,-33.3728700984128],[-70.4939464741367,-33.3727365796285],[-70.49406854989,-33.3725954324999],[-70.4941601062603,-33.3725038762853],[-70.4946178903653,-33.3720766177071],[-70.4947404358461,-33.3719168002506],[-70.4948467807633,-33.3717409154288],[-70.4949688549666,-33.3714319165617],[-70.4949829358358,-33.3713464245233],[-70.495022261062,-33.3711076600259],[-70.4949993685867,-33.3707643291378],[-70.4949459584648,-33.3705392571869],[-70.4948543985318,-33.3703065558815],[-70.4947246904387,-33.3701158166963],[-70.4945492044585,-33.3699479677216],[-70.4943050488986,-33.3697877479901],[-70.4941677129228,-33.3697267120243],[-70.4939979541562,-33.3696117776851],[-70.4938854084894,-33.369505456308],[-70.4935268052158,-33.3691125349822],[-70.4933131694878,-33.3689523157261],[-70.4932263809085,-33.368910419501],[-70.4930919042929,-33.3688455023613],[-70.4929240485669,-33.3687959114851],[-70.492756193583,-33.3687615798822],[-70.4925272991755,-33.3687463214317],[-70.4924662610177,-33.3687425073021],[-70.4924433713291,-33.3686738414593],[-70.4930766424813,-33.368528875216],[-70.4944423729277,-33.36829998003],[-70.494564449611,-33.3682465727914],[-70.4946254870893,-33.36817790594],[-70.4946483753018,-33.3680634617814],[-70.4946331146976,-33.3680024253341],[-70.4946102251577,-33.3679528333905],[-70.4945644467007,-33.3679108708384],[-70.4945110378327,-33.3678727239339],[-70.4944194801069,-33.3678383912509],[-70.4943202916462,-33.3678116881325],[-70.4942134748629,-33.3677773559226],[-70.4941854722125,-33.3677605486211],[-70.4941676952738,-33.3677392081099],[-70.4941490584336,-33.3676995710432],[-70.4941395294298,-33.3676577229967],[-70.4941383375985,-33.3676254191053],[-70.4941448048546,-33.3675828022096],[-70.4941434604725,-33.3674805977021],[-70.4940528623228,-33.3671714845623],[-70.4930098195849,-33.3671840351994],[-70.4930448366084,-33.3673005260492],[-70.4928726621432,-33.3680423136905],[-70.4925735360115,-33.3684277001692],[-70.4921678861935,-33.3688203324422],[-70.4921674246597,-33.3688588926141],[-70.4921649543031,-33.3690649519035],[-70.4921406966246,-33.3693098268322],[-70.4919209745524,-33.3697658424979],[-70.4917405401093,-33.370024526161],[-70.4912201299846,-33.3703588800559],[-70.4920612380302,-33.3711517221276],[-70.4923217175493,-33.3717499079739],[-70.4923034710038,-33.3723466730552],[-70.4921548230417,-33.3727183184018],[-70.4917201076725,-33.3730755056436],[-70.4912032247828,-33.3732010262142],[-70.4908125633983,-33.3732236150579],[-70.4913265120621,-33.3733427154565],[-70.4914479682145,-33.3733770490747],[-70.4916252722685,-33.3733510559124],[-70.4918321321193,-33.3733903276168],[-70.4920075020135,-33.3732510147551],[-70.4921771884719,-33.3731952851048],[-70.4924046596197,-33.3731925500382],[-70.4925190070311,-33.3732269680853],[-70.4926187291261,-33.3732376995539],[-70.492908036125,-33.3731089458627],[-70.493128704911,-33.3731241869395],[-70.4934152865483,-33.3732519787003],[-70.4935405055392,-33.3732594048336]]]},"properties":{"ZONA":"UV/EAb4","NOMBRE":"UV/EAb4 Zona de Uso de Suelo de Vivienda/ Edificación Aislada Baja Nº4"}},{"type":"Feature","geometry":{"type":"Polygon","coordinates":[[[-70.5122983371561,-33.3859210318868],[-70.5120072238787,-33.3856162724296],[-70.5118242709501,-33.3854266711675],[-70.511708064983,-33.3853184688818],[-70.5115497254929,-33.38513541423],[-70.5114748207883,-33.385054113338],[-70.5105506522265,-33.3846105899109],[-70.5086867613062,-33.3837160433615],[-70.5054972928674,-33.3855223494402],[-70.5060991667577,-33.3861163604497],[-70.5075754752604,-33.3852966797419],[-70.5084693232423,-33.3856676039791],[-70.509318007281,-33.3860581606006],[-70.5105809930009,-33.3867204636832],[-70.5122983371561,-33.3859210318868]]]},"properties":{"ZONA":"UV/EAb2","NOMBRE":"UV/EAb2 Zona de Uso de Suelo de Vivienda/ Edificación Aislada Baja Nº2"}},{"type":"Feature","geometry":{"type":"Polygon","coordinates":[[[-70.5796468164414,-33.403987255844],[-70.5796727548751,-33.4039980200197],[-70.5800077558316,-33.4041370429849],[-70.5809262779624,-33.4045265695659],[-70.5817096732187,-33.4048362062715],[-70.5818082663628,-33.4049657316197],[-70.5820529306521,-33.4049010716218],[-70.5829420811178,-33.4047014817552],[-70.5837023942537,-33.4045324913213],[-70.5838009787215,-33.4044986536357],[-70.583839127381,-33.4044619684222],[-70.5838895577734,-33.4043889219229],[-70.5839355065995,-33.4043068799332],[-70.5839069480964,-33.4042426717648],[-70.5838793268975,-33.4041653514588],[-70.5838678740036,-33.4041292499385],[-70.583859151389,-33.4040913829216],[-70.5837816593852,-33.4039153667912],[-70.5835994623047,-33.4033337443771],[-70.5835835962647,-33.4032973131699],[-70.5835659287295,-33.403274661663],[-70.5835429102023,-33.403251679845],[-70.5835067393828,-33.4032286981671],[-70.5831546214782,-33.4030687188378],[-70.583077163215,-33.4030369244494],[-70.5820328079237,-33.402608236173],[-70.5814172216421,-33.4023547066438],[-70.5810868736775,-33.4022186501477],[-70.5808974177739,-33.4021391087408],[-70.5807892468754,-33.4020936941414],[-70.5796468164414,-33.403987255844]]]},"properties":{"ZONA":"UC2/EAa1","NOMBRE":"UC2/EAa1 Zona de Uso de Comercio N°2 e Instituciones Metropolitanas/ Edificación Aislada Alta Nº1"}},{"type":"Feature","geometry":{"type":"Polygon","coordinates":[[[-70.5818987897792,-33.4051004660219],[-70.5819504170693,-33.4051601183713],[-70.5819906037183,-33.4051852560853],[-70.5822495439829,-33.405307651467],[-70.5828746572169,-33.4055664685575],[-70.5829666903473,-33.4056058256659],[-70.5829820915227,-33.4056124118881],[-70.5834629632284,-33.4058180505387],[-70.5836730914205,-33.4058979795331],[-70.5847183762645,-33.4063366741027],[-70.585912521759,-33.406832410866],[-70.5859911708352,-33.4068641656198],[-70.5860777289976,-33.4068939271316],[-70.5861657070257,-33.4069095160222],[-70.5862636175899,-33.406920852812],[-70.5863530134155,-33.4069194363504],[-70.5864495053735,-33.4069038450109],[-70.5865374811934,-33.406884003016],[-70.5866439060197,-33.4068471543382],[-70.5867090118475,-33.4068257307198],[-70.5865804606792,-33.4066274331133],[-70.586489996248,-33.4064932354441],[-70.586428973906,-33.40636481624],[-70.5863373917697,-33.4061691091016],[-70.5862558766837,-33.4059597347032],[-70.5860388844639,-33.4059815408687],[-70.5859578970871,-33.4059802333424],[-70.5859046110128,-33.4059668657079],[-70.5858789782884,-33.4059390947269],[-70.5858552450891,-33.40586213014],[-70.5858429565644,-33.4056468651876],[-70.5858079827069,-33.4052586211575],[-70.5857960518636,-33.4052166260973],[-70.5857730857197,-33.4051817956501],[-70.5857335836577,-33.4051588860955],[-70.5855842104838,-33.4050811835627],[-70.5849572776786,-33.404840994918],[-70.5848110344175,-33.4047819845033],[-70.5847479719685,-33.4046914696149],[-70.5847075361872,-33.4046170575259],[-70.5843615266451,-33.4045744678049],[-70.5842494208706,-33.4045938471275],[-70.5841874208254,-33.4046020908409],[-70.5841224634111,-33.4046103713875],[-70.5840206556385,-33.4046265734769],[-70.5838027522171,-33.4046759936162],[-70.5832669409073,-33.4047905693122],[-70.5827311693805,-33.4049077151625],[-70.5821802609817,-33.4050327472047],[-70.5818987897792,-33.4051004660219]]]},"properties":{"ZONA":"UV1/EAa1","NOMBRE":"UV1/EAa1 Zona de Uso de Vivienda N°1 Equipamiento en (baja intensidad)/ Edificación Aislada Alta N"}},{"type":"Feature","geometry":{"type":"Polygon","coordinates":[[[-70.5737129141582,-33.4069256030883],[-70.574124689213,-33.4071073955354],[-70.5743723860089,-33.4072065048773],[-70.5752134560203,-33.4076054454388],[-70.5757839044404,-33.4078779023274],[-70.5763866638345,-33.4081563733423],[-70.5772412018419,-33.4085798129671],[-70.5773709095534,-33.4086675524912],[-70.5776379534317,-33.4088811794428],[-70.5778134400866,-33.4090681025897],[-70.5781781127922,-33.409603691515],[-70.5790918460976,-33.408177849104],[-70.5798644385712,-33.4068508676543],[-70.581129535689,-33.4077635102811],[-70.5811299573522,-33.4077638151401],[-70.5819039681868,-33.4083221714005],[-70.5826623364927,-33.4088797996163],[-70.5834555956986,-33.4094781385442],[-70.5846078896439,-33.4102627751821],[-70.5854214247797,-33.4108011887542],[-70.5857506003409,-33.4109103224876],[-70.5860100965122,-33.4109770029209],[-70.586278602182,-33.4104170135037],[-70.5857996122935,-33.410237047734],[-70.5857182429313,-33.4101943522925],[-70.5855503956828,-33.4100891445521],[-70.5846473193743,-33.4094406505957],[-70.5837923730119,-33.4088312983548],[-70.5831536136265,-33.4083782235055],[-70.5814772391245,-33.4071749653347],[-70.5812481209617,-33.407005185174],[-70.5807756628868,-33.4066550845566],[-70.5798300014433,-33.4059770508556],[-70.5797622028566,-33.4059284382985],[-70.5793646468366,-33.4056685788168],[-70.5782531060952,-33.4059172618508],[-70.5782414382229,-33.4059198723317],[-70.5774320457677,-33.4061009486238],[-70.5768449457461,-33.4062310113931],[-70.5768379607525,-33.4062325584644],[-70.5758416087928,-33.4064532776751],[-70.575972726255,-33.4069305187368],[-70.5759729955731,-33.4069454300005],[-70.5759672505923,-33.4069554467137],[-70.5759515971331,-33.4069639308203],[-70.5759319640805,-33.406970809699],[-70.5758198165318,-33.4069970901238],[-70.5757980579463,-33.4069957107482],[-70.5757801004905,-33.4069859951417],[-70.5757698351294,-33.4069645814077],[-70.5756113305898,-33.4065026026704],[-70.5737129141582,-33.4069256030883]]]},"properties":{"ZONA":"UC2/EAa1","NOMBRE":"UC2/EAa1 Zona de Uso de Comercio N°2 e Instituciones Metropolitanas/ Edificación Aislada Alta Nº1"}},{"type":"Feature","geometry":{"type":"Polygon","coordinates":[[[-70.585729568476,-33.4125505288486],[-70.5862607886077,-33.4127352485313],[-70.5872031799873,-33.4107035628401],[-70.5872491585158,-33.410717963084],[-70.5872946806688,-33.4107322203469],[-70.5874925307866,-33.4103069134526],[-70.5879263547318,-33.4093743365762],[-70.5881000622223,-33.4089139766043],[-70.5881977935588,-33.4084999256334],[-70.5881809881288,-33.4078892922765],[-70.5881091635301,-33.4073819666399],[-70.5880415173423,-33.4071823984646],[-70.5876948576122,-33.406424468891],[-70.5874803722107,-33.406042948318],[-70.5874611156735,-33.4060086948037],[-70.5874082888017,-33.406027734127],[-70.5873169658,-33.4060606475581],[-70.5869135232586,-33.4049956317703],[-70.5871177630105,-33.4047281587513],[-70.5872665746169,-33.4043130849629],[-70.5871506296343,-33.4042922929726],[-70.5870267136873,-33.4042700715215],[-70.586947061778,-33.4042557871609],[-70.586775503266,-33.4042250221341],[-70.5867729746311,-33.404224568386],[-70.586554554632,-33.404185399376],[-70.5865448908504,-33.4042302597404],[-70.5865083776523,-33.4043997715719],[-70.5864862037973,-33.4045251559559],[-70.5864726035873,-33.4046443685056],[-70.5864804782632,-33.405005000017],[-70.5865017028517,-33.4052607939188],[-70.5865344175168,-33.4054428785235],[-70.5865726540672,-33.4056051647003],[-70.5866165020799,-33.4057525789627],[-70.5866332609188,-33.4057946681989],[-70.5866966155485,-33.4059537868345],[-70.5868004260305,-33.4061645603665],[-70.5871222268901,-33.4066981286095],[-70.587317205529,-33.40701396756],[-70.5873958198593,-33.4071821433974],[-70.5874626130524,-33.4073927695203],[-70.5875030718386,-33.4075402862848],[-70.5875303682598,-33.4076562510219],[-70.5875584298057,-33.4078144996062],[-70.5875870727938,-33.4080044611978],[-70.5875785212676,-33.4082266255913],[-70.5875566146225,-33.4084066609457],[-70.5875226907783,-33.4086185759617],[-70.5874763733464,-33.4088412173511],[-70.5874168877409,-33.4090323130956],[-70.5872231488438,-33.4094577485709],[-70.586934285602,-33.410053692578],[-70.5866962404657,-33.4105447898679],[-70.5863852690771,-33.411227140338],[-70.5863303282636,-33.4112905507033],[-70.5860697271589,-33.4118758971908],[-70.5858197471743,-33.4123716807992],[-70.585729568476,-33.4125505288486]]]},"properties":{"ZONA":"UVO/EAa1","NOMBRE":"UVO/EAa1 Zona de Uso de Vivienda y Equipamiento de Oficina/ Edificación Aislada Alta N°1"}},{"type":"Feature","geometry":{"type":"Polygon","coordinates":[[[-70.5993828852223,-33.4122609488963],[-70.5989937664959,-33.4123410610139],[-70.5988106523134,-33.4123792100545],[-70.598528350066,-33.4124364340604],[-70.5979408577322,-33.4125508810273],[-70.597513589795,-33.4125852165776],[-70.5964301593731,-33.4125890383114],[-70.5954931109112,-33.412594515546],[-70.5949957590765,-33.4126157500841],[-70.5948889415556,-33.412608121473],[-70.5947134560162,-33.4125852336298],[-70.5941030724126,-33.4124669792143],[-70.5936542719672,-33.412376319913],[-70.593632537473,-33.4123719294393],[-70.5925923710112,-33.4121618053584],[-70.5923787450756,-33.4130582812069],[-70.5925172322504,-33.4131230490451],[-70.5925404971638,-33.4131411081842],[-70.5925544344671,-33.4131562830547],[-70.592573552935,-33.4131873665858],[-70.5925808053621,-33.4132066395701],[-70.5925861954593,-33.4132332269377],[-70.5925867738301,-33.4132590761557],[-70.592581481985,-33.4132900005457],[-70.59257733706,-33.4133084107118],[-70.5948207252435,-33.4137009401723],[-70.595898657223,-33.4138685028295],[-70.5963004120594,-33.4138684517215],[-70.5977431405537,-33.413681048465],[-70.5988417229056,-33.4135691372808],[-70.5999192222361,-33.4134480379945],[-70.6022368620548,-33.4132519084322],[-70.60220494248,-33.4131508071715],[-70.601712876386,-33.411878442556],[-70.601679448666,-33.411791716057],[-70.6006494282634,-33.4120053504491],[-70.5996561109146,-33.4122116120646],[-70.5993828852223,-33.4122609488963]]]},"properties":{"ZONA":"UV2/EAa1","NOMBRE":"UV2/EAa1 Zona de Uso de Vivienda Nâ°2 Equipamiento (Media Intensidad)/ Edificación Aislada Alta N"}},{"type":"Feature","geometry":{"type":"Polygon","coordinates":[[[-70.5999246147379,-33.4103445075382],[-70.6001536712989,-33.4109419392882],[-70.6009873368628,-33.4107830448462],[-70.6011496607613,-33.4112144579162],[-70.5993378277258,-33.4116061357906],[-70.599329164866,-33.4116508948176],[-70.5993218418512,-33.4116887311893],[-70.599291323745,-33.4118031748113],[-70.5992989547776,-33.4119595805962],[-70.5993065850111,-33.4120282474088],[-70.5993828852223,-33.4122609488963],[-70.5996561109146,-33.4122116120646],[-70.6006494282634,-33.4120053504491],[-70.601679448666,-33.411791716057],[-70.6020838265489,-33.4117077884347],[-70.6017175879772,-33.4107540932655],[-70.6013742402761,-33.4098919525761],[-70.601345776297,-33.4098165322408],[-70.6012830545006,-33.4097152466172],[-70.6012456701192,-33.4096680805798],[-70.6006062397316,-33.4088765773776],[-70.6006149490987,-33.408784988775],[-70.600622839338,-33.4087622282594],[-70.6006308043859,-33.4087429595998],[-70.6006449832209,-33.4087236116584],[-70.6006819024732,-33.4086969927393],[-70.600744061474,-33.4086553860004],[-70.6006377127246,-33.4086447548972],[-70.6005649956093,-33.4086276447176],[-70.6005158078398,-33.4086135018668],[-70.6003267338773,-33.4087232728047],[-70.6002820268397,-33.4087492291359],[-70.6004586539702,-33.4090720587096],[-70.600593818082,-33.4094610417214],[-70.600817217352,-33.4100069664295],[-70.600035570123,-33.4103025494915],[-70.5999246147379,-33.4103445075382]]]},"properties":{"ZONA":"UV2/EAm4","NOMBRE":"UV2/EAm4 Zona de Uso de Vivienda Nâ°2 Equipamiento (Media Intensidad)/ Edificación Aislada Media"}},{"type":"Feature","geometry":{"type":"MultiPolygon","coordinates":[[[[-70.5494164558897,-33.4176950364829],[-70.5494033020309,-33.4177231670651],[-70.5492949465479,-33.4177102038312],[-70.5492672198701,-33.4178326791245],[-70.5492514968862,-33.4179306861813],[-70.549213885444,-33.4181228281138],[-70.5509349688519,-33.4183579312128],[-70.5509892570102,-33.4180787334006],[-70.5510088995935,-33.4179767045086],[-70.5510653594854,-33.4179843251845],[-70.5517543069748,-33.4180773165405],[-70.551783656733,-33.4179766893068],[-70.5517940180414,-33.4178937945568],[-70.5518266820866,-33.4177344715837],[-70.551840912169,-33.4176584374641],[-70.549479150765,-33.4173362274271],[-70.5494301873956,-33.4175724744598],[-70.5494164558897,-33.4176950364829]]],[[[-70.5523874273588,-33.4150594751609],[-70.5527349346636,-33.4166968558391],[-70.5528320972818,-33.4166884814574],[-70.5528848384248,-33.4169642802053],[-70.553097458943,-33.4169312139991],[-70.5531721784333,-33.4169190638777],[-70.5531719818198,-33.416908022335],[-70.5531406809262,-33.4166302687879],[-70.5530319373426,-33.4161027149312],[-70.5529998563943,-33.4159446090673],[-70.552925119626,-33.4155762785403],[-70.5528259287779,-33.4150994310209],[-70.5528030380488,-33.4149964318602],[-70.5523874273588,-33.4150594751609]]]]},"properties":{"ZONA":"UC1/EAb3","NOMBRE":"UC1/EAb3 Zona de Uso de Comercio N°1 e Instituciones Comunal/ Edificación Aislada Baja N°3"}},{"type":"Feature","geometry":{"type":"Polygon","coordinates":[[[-70.5531721784333,-33.4169190638777],[-70.553097458943,-33.4169312139991],[-70.5528848384248,-33.4169642802053],[-70.5525131247915,-33.4170220884527],[-70.5524439621255,-33.4170406628188],[-70.5523965075989,-33.4170574764915],[-70.5523505835381,-33.4170804026419],[-70.5522771034724,-33.4171262567825],[-70.5522155643067,-33.4171784917073],[-70.5519332607156,-33.4173959368984],[-70.5518968413241,-33.4174654271123],[-70.5518627051343,-33.4175419970982],[-70.5518462045489,-33.4176301624035],[-70.551840912169,-33.4176584374641],[-70.5518266820866,-33.4177344715837],[-70.5517940180414,-33.4178937945568],[-70.551783656733,-33.4179766893068],[-70.5517543069748,-33.4180773165405],[-70.5510653594854,-33.4179843251845],[-70.5510088995935,-33.4179767045086],[-70.5509892570102,-33.4180787334006],[-70.5509349688519,-33.4183579312128],[-70.5508862868624,-33.4186082936109],[-70.5508607527867,-33.4187760045457],[-70.5508347631452,-33.4189180997237],[-70.55081555275,-33.4189832475948],[-70.5507800519503,-33.4190485982541],[-70.5507354007551,-33.4191049691001],[-70.5513763065307,-33.4195207772792],[-70.5517158953052,-33.4191886710716],[-70.5519567679632,-33.419343735423],[-70.5519892267381,-33.4193558089925],[-70.5520265354965,-33.4193615819903],[-70.5523073450794,-33.4193913466531],[-70.5525086535096,-33.4194137881602],[-70.5525658738456,-33.4194234701539],[-70.5526306816364,-33.4194413784651],[-70.5527278013903,-33.419463044231],[-70.5527973840206,-33.4194704916893],[-70.5529531932162,-33.4194607019943],[-70.5530402700051,-33.4194463409819],[-70.5530288184645,-33.4193901614167],[-70.5530097579879,-33.4192966460264],[-70.552975222527,-33.4190650931122],[-70.5543739621309,-33.4188185210873],[-70.5558094672428,-33.4185880093399],[-70.5556585757574,-33.4179859840826],[-70.5556417247588,-33.4179027666325],[-70.5556242679252,-33.417777137579],[-70.5555176031397,-33.4172579383339],[-70.5546093726326,-33.417402845795],[-70.5545985496357,-33.4172400558321],[-70.5545930535094,-33.4171536701938],[-70.5545757824502,-33.4170740895666],[-70.5545243440753,-33.4168552800666],[-70.5545116307325,-33.4168088870378],[-70.5544739792772,-33.416739780639],[-70.553258326144,-33.4169466411982],[-70.5531729613885,-33.4169630334897],[-70.553172209677,-33.4169208184785],[-70.5531721784333,-33.4169190638777]],[[-70.5530880950034,-33.4183620924977],[-70.5530403663289,-33.4183576840155],[-70.5529806599933,-33.4183501012893],[-70.5529769406461,-33.4183493479236],[-70.5529109110059,-33.4183359787354],[-70.5528013599595,-33.418305765016],[-70.5527860203965,-33.4182995638813],[-70.5527629612931,-33.4182870743227],[-70.5527263226135,-33.4182603811499],[-70.5526895121932,-33.4182240998877],[-70.5526729536106,-33.4182002260977],[-70.5526719381614,-33.4181987624884],[-70.5526504115262,-33.4181654878215],[-70.5526287427329,-33.4181242263798],[-70.5526087474769,-33.4180701657301],[-70.5525945117905,-33.4180192219036],[-70.5525896411554,-33.4179626117841],[-70.5525959286035,-33.4178975740213],[-70.5526070738871,-33.4178549584633],[-70.5526226419957,-33.4178097840133],[-70.55264655603,-33.4177683316141],[-70.5526573163341,-33.4177471658638],[-70.5526750528749,-33.4177270860799],[-70.5526996099038,-33.4176987393619],[-70.5527366403071,-33.4176678916824],[-70.5527765089831,-33.417639354159],[-70.5528247769541,-33.4176142151351],[-70.5528468579356,-33.4176034267633],[-70.552877314774,-33.4175936923902],[-70.5529091938759,-33.4175862850013],[-70.5529521952806,-33.4175775659422],[-70.552984145356,-33.4175736622185],[-70.5530224551081,-33.4175696779514],[-70.5530494292502,-33.4175693401886],[-70.5530978187263,-33.4175715660499],[-70.5531206374621,-33.4175741283355],[-70.5531507675349,-33.4175775108259],[-70.5531970062905,-33.4175854199581],[-70.5532433292058,-33.4175980545926],[-70.5532644610467,-33.4176090954869],[-70.5533007146655,-33.4176246807838],[-70.5533392187808,-33.417640245099],[-70.5533858116138,-33.417667972295],[-70.5534165640346,-33.4176902342809],[-70.5534280278579,-33.4177023612112],[-70.5534463728862,-33.4177274462499],[-70.5534665019557,-33.4177573563609],[-70.5534834221333,-33.4177900527811],[-70.5535107242033,-33.4178555202949],[-70.5535177430971,-33.4178828493901],[-70.5535253967672,-33.4179458168868],[-70.5535292995168,-33.4179901965281],[-70.5535231217628,-33.418029232741],[-70.5534921309781,-33.4181234119689],[-70.5534486740333,-33.4181932126188],[-70.5533761892731,-33.418257229839],[-70.5533691293631,-33.4182634652414],[-70.553278960953,-33.4183165390349],[-70.5532072554295,-33.4183448531509],[-70.5531456078416,-33.4183580399718],[-70.5531178745624,-33.4183617195858],[-70.5530880950034,-33.4183620924977]]]},"properties":{"ZONA":"UC1/EAa+ca","NOMBRE":"UC1/EAa+ca Zona de Uso de Comercio N°1 e Instituciones Comunal/ Edificación Aislada Alta"}},{"type":"Feature","geometry":{"type":"Polygon","coordinates":[[[-70.5528259287779,-33.4150994310209],[-70.552925119626,-33.4155762785403],[-70.5529998563943,-33.4159446090673],[-70.5530319373426,-33.4161027149312],[-70.5531007936644,-33.4160910828879],[-70.5534219969306,-33.4160404141936],[-70.5531886557474,-33.4150373425011],[-70.5528259287779,-33.4150994310209]]]},"properties":{"ZONA":"UC1/EAb2","NOMBRE":"UC1/EAb2 Zona de Uso de Comercio N°1 e Instituciones Comunal/ Edificación Aislada Baja N°2"}},{"type":"Feature","geometry":{"type":"Polygon","coordinates":[[[-70.5621187330697,-33.4008021929215],[-70.5634998876052,-33.4013775792854],[-70.5639271570918,-33.401556871877],[-70.5641211803095,-33.4016382018462],[-70.5646825099228,-33.4018734943462],[-70.5650640005158,-33.4020375275098],[-70.5652150199951,-33.4017830656541],[-70.5656038975373,-33.4019429402294],[-70.5654531206028,-33.4021977466886],[-70.56581935263,-33.4023465214029],[-70.5663000308462,-33.402548702131],[-70.5670401099903,-33.4013127069075],[-70.5670706295194,-33.4012669278935],[-70.5665899504027,-33.4010761926579],[-70.5662160892337,-33.4009083441028],[-70.5658269679136,-33.4007519402365],[-70.5654378479656,-33.4005955360064],[-70.5652338262322,-33.4005102344263],[-70.5646741158578,-33.4014700033925],[-70.564077816685,-33.4012150477347],[-70.5641467841888,-33.4010948711597],[-70.5641867732568,-33.401103911198],[-70.5645018186953,-33.4005869188329],[-70.5644983328835,-33.4005511703217],[-70.5644439084461,-33.4005303818952],[-70.564498654239,-33.400410384472],[-70.5646076313163,-33.4004591184933],[-70.5647028361431,-33.4002882236658],[-70.5648285106437,-33.4003407691289],[-70.5659996178177,-33.3998455188116],[-70.5659330906028,-33.3997554885592],[-70.565824621787,-33.3995742157855],[-70.5656944795175,-33.3993578703795],[-70.565575171729,-33.3991573606924],[-70.5644917454562,-33.3996227711265],[-70.5638813642963,-33.3999203276497],[-70.5633923564361,-33.4001655904058],[-70.5629886834419,-33.4003704791239],[-70.5626453442047,-33.4005383316276],[-70.5621187330697,-33.4008021929215]]]},"properties":{"ZONA":"UV3/EAa1","NOMBRE":"UV3/EAa1 Zona de Uso de Vivienda Nâ°3 y Equipamiento de Oficina Restringido (Media Intensidad)/ Ed"}},{"type":"Feature","geometry":{"type":"Polygon","coordinates":[[[-70.5607455362946,-33.4016827791187],[-70.5614093306854,-33.4019803280115],[-70.561935788324,-33.4022168421067],[-70.5627903271225,-33.4025983154299],[-70.5631947084284,-33.4027776074778],[-70.5634006380915,-33.4028701228949],[-70.5641211803095,-33.4016382018462],[-70.5639271570918,-33.401556871877],[-70.5638227163946,-33.4017309407102],[-70.5634017136103,-33.4015464805823],[-70.5634998876052,-33.4013775792854],[-70.5621187330697,-33.4008021929215],[-70.5616687357092,-33.4010457033176],[-70.5611804306311,-33.4013051121679],[-70.5609439081402,-33.4014538908863],[-70.5607760546376,-33.4016255571811],[-70.5607455362946,-33.4016827791187]]]},"properties":{"ZONA":"UV3/EAm4","NOMBRE":"UV3/EAm4 Zona de Uso de Vivienda Nâ°3 y Equipamiento de Oficina Restringido (Media Intensidad)/ Ed"}},{"type":"Feature","geometry":{"type":"Polygon","coordinates":[[[-70.5686005339721,-33.3997228445233],[-70.568835701991,-33.3998519767935],[-70.5692297868183,-33.4000689205597],[-70.5697061412884,-33.4003112452727],[-70.5700865960534,-33.400470236569],[-70.5701848358388,-33.4005086238877],[-70.570524375541,-33.3995480471262],[-70.5690218877137,-33.3989525969821],[-70.5686005339721,-33.3997228445233]]]},"properties":{"ZONA":"UC2/EAa1","NOMBRE":"UC2/EAa1 Zona de Uso de Comercio N°2 e Instituciones Metropolitanas/ Edificación Aislada Alta Nº1"}},{"type":"Feature","geometry":{"type":"Polygon","coordinates":[[[-70.5703667943562,-33.4005564407767],[-70.5719805000912,-33.4008766086174],[-70.5722753941185,-33.4009437655636],[-70.5723787181869,-33.4009732765571],[-70.572648002069,-33.4010723425098],[-70.5730829037715,-33.4012554484743],[-70.573586471569,-33.4014614437028],[-70.574047455832,-33.4016585168089],[-70.5751025937167,-33.3997694037008],[-70.5747004756827,-33.3996176858424],[-70.5736360908928,-33.3992015636023],[-70.5730368599092,-33.3989761957845],[-70.572873008112,-33.3989129679476],[-70.5728715789375,-33.3989124170028],[-70.5724624809706,-33.3987545502822],[-70.5723417750479,-33.3987443868353],[-70.5722592786582,-33.3987485861129],[-70.5721619419059,-33.3987624193264],[-70.5714820851413,-33.3989412102202],[-70.5712766626183,-33.3989973862583],[-70.57119473724,-33.3990330844653],[-70.5710721001207,-33.3991008194839],[-70.5708762278571,-33.3992703233542],[-70.5707470812684,-33.399393281106],[-70.5703667943562,-33.4005564407767]]]},"properties":{"ZONA":"UC2/EAa1","NOMBRE":"UC2/EAa1 Zona de Uso de Comercio N°2 e Instituciones Metropolitanas/ Edificación Aislada Alta Nº1"}},{"type":"Feature","geometry":{"type":"Polygon","coordinates":[[[-70.5663000308462,-33.402548702131],[-70.5655370623892,-33.4038228450032],[-70.5661398151406,-33.404082247984],[-70.5662358652182,-33.4041352677968],[-70.5670971082809,-33.4045218531476],[-70.5681849451957,-33.4050081024343],[-70.5682125875169,-33.4050204581803],[-70.568419100291,-33.4051127646872],[-70.5685431486475,-33.4051632822723],[-70.5690459599906,-33.40371161243],[-70.5691774600838,-33.4033408988151],[-70.5695273373831,-33.402363156406],[-70.5695398491105,-33.4022993837602],[-70.5693875975451,-33.402243466509],[-70.5682898025481,-33.4017883864064],[-70.5680756994101,-33.4016964432968],[-70.5676514973826,-33.4015288314512],[-70.5671532548521,-33.4013173028805],[-70.5670706295194,-33.4012669278935],[-70.5670401099903,-33.4013127069075],[-70.5663000308462,-33.402548702131]]]},"properties":{"ZONA":"UC2/EAa3","NOMBRE":"UC2/EAa3 Zona de Uso de Comercio N°2 e Instituciones Metropolitanas/ Edificación Aislada Alta Nº3"}},{"type":"Feature","geometry":{"type":"Polygon","coordinates":[[[-70.5686861502211,-33.4052210625033],[-70.5688081391675,-33.4052540234936],[-70.569322549874,-33.405401190293],[-70.569443529702,-33.4054326609419],[-70.5701073229283,-33.4056310259809],[-70.5707940059992,-33.4058370211672],[-70.5719537367167,-33.4062604570544],[-70.5724662866054,-33.4064508965388],[-70.5732016463103,-33.4067295178842],[-70.5734350265758,-33.4068133476931],[-70.5735300158217,-33.40678542747],[-70.5737783331313,-33.4067288457748],[-70.5742278786881,-33.4066518968214],[-70.5752477510664,-33.4064296652975],[-70.5754606738969,-33.4063907991279],[-70.5755545770206,-33.4063686539441],[-70.57634180495,-33.4061887047762],[-70.5769422221096,-33.4060560473273],[-70.5785475231167,-33.4056934154381],[-70.5785541603376,-33.4056334179343],[-70.5785517317833,-33.4056059236855],[-70.578537460579,-33.4055640045489],[-70.5785173657572,-33.4055205407075],[-70.5780645608786,-33.4054631484528],[-70.5778362143955,-33.4054336697297],[-70.5776889947598,-33.4054063946276],[-70.5775916262356,-33.4053598253375],[-70.5774851458595,-33.405349173217],[-70.5773458725511,-33.4053337884628],[-70.5771190992213,-33.4053029130937],[-70.576811782446,-33.4052209895991],[-70.5759705306943,-33.4049287850632],[-70.5749532156375,-33.4045154081535],[-70.5743567337525,-33.4042789082498],[-70.5733904869171,-33.4038957907273],[-70.5722711479568,-33.4034490634847],[-70.5711754683771,-33.4029911878931],[-70.5706997294749,-33.4027888348093],[-70.57009383883,-33.4025372207508],[-70.5697144033111,-33.4023732963118],[-70.569692418938,-33.4024303744915],[-70.5695937450153,-33.4027135117982],[-70.5695197682271,-33.4029206943113],[-70.5692067579698,-33.4037710635913],[-70.5686861502211,-33.4052210625033]]]},"properties":{"ZONA":"UC2/EAa3","NOMBRE":"UC2/EAa3 Zona de Uso de Comercio N°2 e Instituciones Metropolitanas/ Edificación Aislada Alta Nº3"}},{"type":"Feature","geometry":{"type":"Polygon","coordinates":[[[-70.5748092256481,-33.4312210164649],[-70.575217271904,-33.431237060245],[-70.5756638870886,-33.431254618288],[-70.5762951212344,-33.4312674768945],[-70.5765370075296,-33.4312752743987],[-70.5765981127341,-33.4312772445035],[-70.5781129255042,-33.4313260669462],[-70.5785996968133,-33.4313417514736],[-70.5786132498068,-33.4313039496779],[-70.57856004573,-33.4312995992328],[-70.5783549653985,-33.4308863868292],[-70.5783228603278,-33.4308250726609],[-70.5779967384366,-33.4303851292965],[-70.5776305046535,-33.4299311711859],[-70.5774244983765,-33.4296793972792],[-70.5768598885067,-33.429110996797],[-70.5765775851653,-33.428878296901],[-70.5761960927768,-33.4286494120386],[-70.5759366791994,-33.4284815614077],[-70.5758276495303,-33.4284178295733],[-70.5757537758216,-33.4283667952426],[-70.5756393035185,-33.4282717239959],[-70.5756066264116,-33.4282458460284],[-70.5756005649956,-33.4282410458898],[-70.5755585650118,-33.4282077848531],[-70.5755161332049,-33.4281841943133],[-70.5754270923775,-33.4281500563695],[-70.5753503794115,-33.4281259714887],[-70.5753237050352,-33.4282618236241],[-70.5752512536831,-33.4286956500136],[-70.5750929582268,-33.4296434885255],[-70.5750862948584,-33.4297243203488],[-70.5748121022754,-33.4311843084004],[-70.5748092256481,-33.4312210164649]]]},"properties":{"ZONA":"UC2/EAa1","NOMBRE":"UC2/EAa1 Zona de Uso de Comercio N°2 e Instituciones Metropolitanas/ Edificación Aislada Alta Nº1"}},{"type":"Feature","geometry":{"type":"Polygon","coordinates":[[[-70.5534437483625,-33.3925502236352],[-70.5535353102741,-33.3930690346954],[-70.5536573914478,-33.393629807075],[-70.5537403717908,-33.3940031939684],[-70.5547138347899,-33.3938821246586],[-70.5549127863117,-33.3938724725914],[-70.5552510916407,-33.3938610743604],[-70.5554050073518,-33.3938782343331],[-70.55619924751,-33.3940805880245],[-70.5563049305937,-33.3938357894797],[-70.557052652161,-33.394099005235],[-70.5577317056286,-33.3943317032645],[-70.5584336483414,-33.3945567716604],[-70.5591050724539,-33.3948123583824],[-70.5597841251479,-33.3950374261638],[-70.5604784378956,-33.3952739392749],[-70.5612261599154,-33.3955257101939],[-70.5619433626774,-33.3957774819727],[-70.5625537470044,-33.3959872918015],[-70.5631774889528,-33.396197594932],[-70.5632081168894,-33.3962079211688],[-70.5632702997968,-33.3962288866034],[-70.5648732100636,-33.3967693084767],[-70.5646290620491,-33.397284306563],[-70.5646197364093,-33.3973199569282],[-70.5642323189905,-33.3980854136242],[-70.564494037667,-33.3981593701756],[-70.5648270666198,-33.3982443401257],[-70.5650020899975,-33.39832944375],[-70.5650819020698,-33.3983696963944],[-70.565119254019,-33.3983937490908],[-70.5651525888125,-33.3984200637827],[-70.5651941603391,-33.3984587155194],[-70.5652278859418,-33.3984976475008],[-70.5652713808933,-33.3985638705384],[-70.5653350016144,-33.398675620049],[-70.565575171729,-33.3991573606924],[-70.5665365212525,-33.3986843215301],[-70.5671469016537,-33.39837532038],[-70.5683037407828,-33.3978099003861],[-70.568185288244,-33.3976264390299],[-70.5679337829054,-33.3972811869401],[-70.5665517739005,-33.3979480673753],[-70.5660986475713,-33.3981812446525],[-70.5662694710726,-33.3978488852745],[-70.5668332007388,-33.3967163603473],[-70.5662314533886,-33.3965051208841],[-70.565746521741,-33.396334962392],[-70.5651857258959,-33.396141721252],[-70.5646169919054,-33.3959409489155],[-70.5640777002394,-33.3957530184176],[-70.5635117246809,-33.3955557864729],[-70.5624253661717,-33.3951741825687],[-70.562393380639,-33.3951629470284],[-70.5615382370884,-33.3948625521117],[-70.5612993675024,-33.3947980775723],[-70.5601067189364,-33.394389241614],[-70.558739933399,-33.3939098513994],[-70.5569360802044,-33.3933104282003],[-70.5569198442792,-33.3933050332633],[-70.5566415938664,-33.3932125670046],[-70.5555300079976,-33.392803207553],[-70.5549683420613,-33.3926131796149],[-70.5545387130312,-33.3924557678102],[-70.5539965150954,-33.3922657349677],[-70.5534249655318,-33.3920654118509],[-70.5534437483625,-33.3925502236352]]]},"properties":{"ZONA":"UV2/EAa2","NOMBRE":"UV2/EAa2 Zona de Uso de Vivienda Nâ°2 Equipamiento (Media Intensidad)/ Edificación Aislada Alta N"}},{"type":"Feature","geometry":{"type":"Polygon","coordinates":[[[-70.5494228368901,-33.39119218466],[-70.5504678575913,-33.3915703410829],[-70.5505596797534,-33.3916232477907],[-70.5511319153658,-33.3918254281078],[-70.551673632406,-33.3920276086261],[-70.5521695700442,-33.3922069005338],[-70.5530088504203,-33.392515893698],[-70.5530649218025,-33.3925354149147],[-70.5531461862484,-33.3925464112091],[-70.5534437483625,-33.3925502236352],[-70.5534249655318,-33.3920654118509],[-70.5529477755761,-33.3918822847477],[-70.5526259031705,-33.3917587617005],[-70.5514223426316,-33.3912839807531],[-70.5508294783866,-33.3910596179224],[-70.5501399712849,-33.3907897510237],[-70.5497093362037,-33.3906220419051],[-70.5495976195541,-33.3908443624842],[-70.5494228368901,-33.39119218466]]]},"properties":{"ZONA":"UV2/EAm2","NOMBRE":"UV2/EAm2 Zona de Uso de Vivienda Nâ°2 Equipamiento (Media Intensidad)/ Edificación Aislada Media"}},{"type":"Feature","geometry":{"type":"Polygon","coordinates":[[[-70.5477011541422,-33.3921350352083],[-70.5478816278574,-33.392203111928],[-70.5476832572467,-33.3925922214069],[-70.5476527387458,-33.3926799616025],[-70.5475688117271,-33.3928020349341],[-70.5473551799837,-33.3930652565106],[-70.5470194716158,-33.3934658104369],[-70.5469846918532,-33.3935058235869],[-70.5469305251911,-33.3935884194058],[-70.5467524358538,-33.3939350319069],[-70.5479197952584,-33.3943279480404],[-70.5483699547303,-33.394472906505],[-70.5486675175178,-33.394583533633],[-70.5489269306626,-33.3947056055085],[-70.5491558256461,-33.3948200476592],[-70.5493160531284,-33.394911600282],[-70.5495449477465,-33.3950947103194],[-70.5497280636382,-33.3952549301278],[-70.5498582609453,-33.3953816351388],[-70.5501553349783,-33.3956707388741],[-70.5505139391192,-33.3960827335587],[-70.5509183219565,-33.3965176173708],[-70.5513379633962,-33.3969563149866],[-70.551742346819,-33.3973835689779],[-70.5521467315194,-33.3978298965427],[-70.5526197813585,-33.3983372599484],[-70.552992677796,-33.3987526673382],[-70.5530977351589,-33.3986852701612],[-70.5532166811339,-33.3986243104675],[-70.5533669543017,-33.3985546920804],[-70.5534841668678,-33.3985069713277],[-70.5535819418353,-33.3984727059541],[-70.5537032952958,-33.3984364948378],[-70.5539366049771,-33.3983889646317],[-70.5539925461341,-33.3986575476991],[-70.5539061917607,-33.398670191032],[-70.5537239129263,-33.3987104706537],[-70.5536281353576,-33.3987463615105],[-70.5534739256212,-33.3988160295071],[-70.5532984294937,-33.3989057828488],[-70.5531853564024,-33.398965018716],[-70.5536650691566,-33.3994893195195],[-70.5537449491091,-33.3994506200655],[-70.5538395097625,-33.3994124058598],[-70.5539070526776,-33.3993831832262],[-70.554015123503,-33.3993494649283],[-70.554138116949,-33.3993290954375],[-70.5548629466492,-33.3992108327912],[-70.554871136963,-33.3992508199901],[-70.5554419387816,-33.3994355878969],[-70.5554434961314,-33.3994871387376],[-70.5559972542521,-33.3996511479613],[-70.5559997894617,-33.3997525253347],[-70.5560074216458,-33.4000004864299],[-70.5560837226371,-33.4003323725192],[-70.5562325082605,-33.4010590890028],[-70.556381296588,-33.4017858042524],[-70.5566712409489,-33.4031476812168],[-70.5571671763818,-33.4030408641206],[-70.5577165205322,-33.4029531212718],[-70.5579225296657,-33.4036092631306],[-70.5579988287102,-33.4037275209409],[-70.558105647504,-33.4038419638454],[-70.5582506136045,-33.4039487767359],[-70.558891520008,-33.4043188083687],[-70.5593606233343,-33.4045856344957],[-70.5595301835805,-33.4046870412405],[-70.5596202274741,-33.4047563172559],[-70.5596958449835,-33.4048464836869],[-70.5597672661405,-33.4049781120104],[-70.5597926235028,-33.4050810663064],[-70.5598150031642,-33.4052123940489],[-70.5598200414395,-33.4053075350076],[-70.5598052163298,-33.4054018967229],[-70.560226303056,-33.405507530129],[-70.5605789865595,-33.4055003241888],[-70.5605853415878,-33.4055264284421],[-70.5606006036821,-33.4055891212696],[-70.5606158628951,-33.4056234537745],[-70.5606463825083,-33.4056501576653],[-70.5606997912605,-33.4056501566976],[-70.5612949173496,-33.4055509698937],[-70.5611738748005,-33.4050585891542],[-70.5611270535799,-33.4048681231858],[-70.5609820818644,-33.4043111653942],[-70.5608599999737,-33.4037465774213],[-70.5607302890954,-33.4032010636928],[-70.560562427993,-33.4025220333162],[-70.5605361061015,-33.402433149259],[-70.5605176538318,-33.402305416557],[-70.5605094440959,-33.4022337788317],[-70.5605106439971,-33.4021717184932],[-70.5605143262831,-33.4021193217794],[-70.5605207346965,-33.4020901602198],[-70.5605362753333,-33.4020550632646],[-70.5605496444994,-33.4020277513082],[-70.5605831734569,-33.4019652833807],[-70.5606371037529,-33.401881231925],[-70.560677559802,-33.4018186777307],[-70.5606977531713,-33.4017854638981],[-70.5607088825354,-33.4017620589454],[-70.5607455362946,-33.4016827791187],[-70.5607760546376,-33.4016255571811],[-70.5609439081402,-33.4014538908863],[-70.5611804306311,-33.4013051121679],[-70.5616687357092,-33.4010457033176],[-70.5621187330697,-33.4008021929215],[-70.5626453442047,-33.4005383316276],[-70.5629886834419,-33.4003704791239],[-70.5633923564361,-33.4001655904058],[-70.5638813642963,-33.3999203276497],[-70.5644917454562,-33.3996227711265],[-70.565575171729,-33.3991573606924],[-70.5653350016144,-33.398675620049],[-70.5652713808933,-33.3985638705384],[-70.5652278859418,-33.3984976475008],[-70.5651941603391,-33.3984587155194],[-70.5651525888125,-33.3984200637827],[-70.565119254019,-33.3983937490908],[-70.5650819020698,-33.3983696963944],[-70.5650020899975,-33.39832944375],[-70.5648270666198,-33.3982443401257],[-70.564494037667,-33.3981593701756],[-70.5642323189905,-33.3980854136242],[-70.5640949822733,-33.3980396376701],[-70.5637211215913,-33.3978908633875],[-70.563621934435,-33.3978565302637],[-70.5631794054146,-33.3977382751808],[-70.5625995402309,-33.3975895019034],[-70.5621799004798,-33.3974903193659],[-70.5620273042098,-33.3974483577501],[-70.5614550689297,-33.3973072145198],[-70.5612338041151,-33.3972461790124],[-70.5604555638918,-33.3970592590547],[-70.5598985888752,-33.3969257455449],[-70.5596925839099,-33.3968761537248],[-70.5594865787799,-33.3968227485487],[-70.5590821995344,-33.3967044924098],[-70.558990640938,-33.3966739745773],[-70.5586244104751,-33.396563347859],[-70.5582963286767,-33.3964641660252],[-70.557800390467,-33.3963268361807],[-70.5575867559283,-33.3962696158918],[-70.5568848138903,-33.3960674363539],[-70.5563373340288,-33.3959175055101],[-70.5561905013684,-33.3958690720073],[-70.5555038187028,-33.395716484179],[-70.5554351511026,-33.3957012254469],[-70.5540465259649,-33.3953922361391],[-70.5539579164847,-33.3949798898675],[-70.5539473346372,-33.3949306479903],[-70.5539067929096,-33.3947494900572],[-70.5538702670547,-33.394586274593],[-70.5538252533063,-33.3943851335461],[-70.5537403717908,-33.3940031939684],[-70.5536573914478,-33.393629807075],[-70.5535353102741,-33.3930690346954],[-70.5534437483625,-33.3925502236352],[-70.5531461862484,-33.3925464112091],[-70.5530649218025,-33.3925354149147],[-70.5530088504203,-33.392515893698],[-70.5521695700442,-33.3922069005338],[-70.551673632406,-33.3920276086261],[-70.5511319153658,-33.3918254281078],[-70.5505596797534,-33.3916232477907],[-70.5504678575913,-33.3915703410829],[-70.5494228368901,-33.39119218466],[-70.5491863174434,-33.3916156264852],[-70.5490566102663,-33.3915698500978],[-70.5489319117411,-33.3915221739768],[-70.5491581295332,-33.3910883086897],[-70.5490748753462,-33.3910594707437],[-70.5484569217392,-33.3908340920666],[-70.5484176212626,-33.39081975791],[-70.5481793205616,-33.3912431317489],[-70.5477011541422,-33.3921350352083]],[[-70.5517270499637,-33.3930652308015],[-70.5519559400978,-33.3926379729777],[-70.5523731080426,-33.3927929559826],[-70.552384176379,-33.3927970688151],[-70.5521540065018,-33.3932234235153],[-70.5517270499637,-33.3930652308015]],[[-70.5501760949964,-33.3941312327415],[-70.5505366959759,-33.394242159874],[-70.5511786226864,-33.3944820100776],[-70.5513379434019,-33.3945644437882],[-70.5511548291546,-33.3946407408221],[-70.5508191196121,-33.3947857044577],[-70.5501760949964,-33.3941312327415]],[[-70.5523109055792,-33.396772826509],[-70.5521448960686,-33.3965103524778],[-70.5521772374349,-33.3964947210474],[-70.5525773481364,-33.3963505648104],[-70.5527876429196,-33.396857612778],[-70.5527342152071,-33.3968761957831],[-70.5524404344586,-33.3969776191058],[-70.5523109055792,-33.396772826509]],[[-70.5554863842906,-33.3964625060648],[-70.5559593508068,-33.3965844943614],[-70.5560077485162,-33.3965934433599],[-70.556052561942,-33.3965952315273],[-70.5563420329935,-33.3965936613215],[-70.5563454216642,-33.3969818166091],[-70.5560220256514,-33.3968806084449],[-70.5558356088632,-33.3968233413893],[-70.5557851502601,-33.3968180291694],[-70.555722682937,-33.3968197630445],[-70.5555010759725,-33.3968296879405],[-70.5554863842906,-33.3964625060648]],[[-70.5592119165655,-33.3979938894144],[-70.5588151666122,-33.3978718183069],[-70.5584564236617,-33.3976916701802],[-70.5585328615329,-33.397532304042],[-70.5587059540568,-33.3974927740471],[-70.5591015931595,-33.3976266177896],[-70.5595031826483,-33.3977613179595],[-70.5594606803634,-33.3978511333039],[-70.5594397813067,-33.3979299829828],[-70.5593733114971,-33.39804751031],[-70.5592119165655,-33.3979938894144]],[[-70.5621554932953,-33.3989740908727],[-70.5618333497772,-33.3988889144917],[-70.5619678834109,-33.3984815925763],[-70.5622694084582,-33.3985595375388],[-70.562313915782,-33.3985744383271],[-70.562336363685,-33.3985927102345],[-70.5623554012474,-33.3986264872488],[-70.5623562313437,-33.3986728623833],[-70.562349745875,-33.3987224211758],[-70.5623285165065,-33.3987721683467],[-70.5622621182862,-33.3989381416583],[-70.5622379271282,-33.3989695924675],[-70.5622051771707,-33.3989838473126],[-70.5621554932953,-33.3989740908727]],[[-70.5559387470573,-33.3992146407037],[-70.5559267061566,-33.3991454098584],[-70.5564567439339,-33.3991334078276],[-70.5564575727657,-33.3992947479076],[-70.5559921576146,-33.3994473428858],[-70.5559387470573,-33.3992146407037]]]},"properties":{"ZONA":"UV1/EAb3","NOMBRE":"UV1/EAb3 Zona de Uso de Vivienda N°1 Equipamiento en (Baja Intensidad)/ Edificación Aislada Baja N"}},{"type":"Feature","geometry":{"type":"Polygon","coordinates":[[[-70.5464021233895,-33.3937858135598],[-70.5466652993422,-33.3939108564549],[-70.5467524358538,-33.3939350319069],[-70.5469305251911,-33.3935884194058],[-70.5469846918532,-33.3935058235869],[-70.5470194716158,-33.3934658104369],[-70.5473551799837,-33.3930652565106],[-70.5475688117271,-33.3928020349341],[-70.5476527387458,-33.3926799616025],[-70.5476832572467,-33.3925922214069],[-70.5478816278574,-33.392203111928],[-70.5477011541422,-33.3921350352083],[-70.5476269344548,-33.3921070377641],[-70.5473176930174,-33.3927015497225],[-70.5470355600547,-33.3930521061405],[-70.5464021233895,-33.3937858135598]]]},"properties":{"ZONA":"UV1/EAm2","NOMBRE":"UV1/EAm2 Zona de Uso de Vivienda N°1 Equipamiento en (baja Intensidad)/ Edificación Aislada Media"}},{"type":"Feature","geometry":{"type":"Polygon","coordinates":[[[-70.5603686836677,-33.4057607957918],[-70.5605789865595,-33.4055003241888],[-70.560226303056,-33.405507530129],[-70.5598052163298,-33.4054018967229],[-70.5598050541951,-33.4054029322775],[-70.5597802531485,-33.4055096511684],[-70.5603686836677,-33.4057607957918]]]},"properties":{"ZONA":"UV1/EAm1p","NOMBRE":"UV1/EAm1p Zona de Uso de Vivienda N°1 Equipamiento en (baja Intensidad)/ Edificación Aislada Media"}},{"type":"Feature","geometry":{"type":"Polygon","coordinates":[[[-70.5611738748005,-33.4050585891542],[-70.5623161315313,-33.404973056513],[-70.5624019290117,-33.4068230297937],[-70.562366413881,-33.4068230577531],[-70.5623663448655,-33.4068757742086],[-70.5624202171483,-33.4068884078198],[-70.562760363314,-33.4069681732733],[-70.5627598461563,-33.4069319129691],[-70.562874292318,-33.4069395418661],[-70.5639195760147,-33.4072065702871],[-70.5640685863627,-33.4072432111558],[-70.5640864104551,-33.4072475939421],[-70.5648504125248,-33.4074354534156],[-70.5646825540893,-33.4071340855066],[-70.5654379011024,-33.4068174528436],[-70.5658499150436,-33.4074316317145],[-70.5659033245032,-33.4074926680532],[-70.5659872519407,-33.4075308153641],[-70.5662085194129,-33.4075918516943],[-70.5661566916683,-33.4077340939179],[-70.5667834626468,-33.4078719981825],[-70.5670714211974,-33.4079169683274],[-70.567112787128,-33.4077040234223],[-70.5673373178138,-33.4070987065221],[-70.5673578674278,-33.4069030035733],[-70.5674325952198,-33.406755073068],[-70.5674790225763,-33.4065521421884],[-70.5676258795782,-33.4063651223129],[-70.5676334733093,-33.4062810348306],[-70.5677845726058,-33.4060767801146],[-70.5676426689959,-33.4060327597678],[-70.5676927075013,-33.4059042304631],[-70.5677291155354,-33.4059037703413],[-70.5679437587018,-33.4055834484536],[-70.5679800125459,-33.4055469479776],[-70.5680299613964,-33.4053251481658],[-70.5681240990695,-33.4051680914336],[-70.5682125875169,-33.4050204581803],[-70.5681849451957,-33.4050081024343],[-70.5670971082809,-33.4045218531476],[-70.5662358652182,-33.4041352677968],[-70.5661398151406,-33.404082247984],[-70.5655370623892,-33.4038228450032],[-70.5649266773693,-33.4035481840861],[-70.564323921342,-33.4032773378973],[-70.563721165948,-33.4030141210193],[-70.5634006380915,-33.4028701228949],[-70.5631947084284,-33.4027776074778],[-70.5627903271225,-33.4025983154299],[-70.561935788324,-33.4022168421067],[-70.5614093306854,-33.4019803280115],[-70.5607455362946,-33.4016827791187],[-70.5607088825354,-33.4017620589454],[-70.5606977531713,-33.4017854638981],[-70.560677559802,-33.4018186777307],[-70.5606371037529,-33.401881231925],[-70.5605831734569,-33.4019652833807],[-70.5605496444994,-33.4020277513082],[-70.5605362753333,-33.4020550632646],[-70.5605207346965,-33.4020901602198],[-70.5605143262831,-33.4021193217794],[-70.5605106439971,-33.4021717184932],[-70.5605094440959,-33.4022337788317],[-70.5605176538318,-33.402305416557],[-70.5605361061015,-33.402433149259],[-70.560562427993,-33.4025220333162],[-70.5607302890954,-33.4032010636928],[-70.5608599999737,-33.4037465774213],[-70.5609820818644,-33.4043111653942],[-70.5611270535799,-33.4048681231858],[-70.5611738748005,-33.4050585891542]]]},"properties":{"ZONA":"UV1/EAm4","NOMBRE":"UV1/EAm4 Zona de Uso de Vivienda N°1 Equipamiento en (baja Intensidad)/ Edificación Aislada Media"}},{"type":"Feature","geometry":{"type":"Polygon","coordinates":[[[-70.55619924751,-33.3940805880245],[-70.5561833511911,-33.3941174105731],[-70.5561727680972,-33.3941419256887],[-70.5559403460111,-33.3946802897394],[-70.5559310812741,-33.3947017490719],[-70.5555572259179,-33.3955677076223],[-70.5555038187028,-33.395716484179],[-70.5561905013684,-33.3958690720073],[-70.5563373340288,-33.3959175055101],[-70.5568848138903,-33.3960674363539],[-70.5575867559283,-33.3962696158918],[-70.557800390467,-33.3963268361807],[-70.5582963286767,-33.3964641660252],[-70.5586244104751,-33.396563347859],[-70.558990640938,-33.3966739745773],[-70.5590821995344,-33.3967044924098],[-70.5594865787799,-33.3968227485487],[-70.5596925839099,-33.3968761537248],[-70.5598985888752,-33.3969257455449],[-70.5604555638918,-33.3970592590547],[-70.5612338041151,-33.3972461790124],[-70.5614550689297,-33.3973072145198],[-70.5620273042098,-33.3974483577501],[-70.5621799004798,-33.3974903193659],[-70.5625995402309,-33.3975895019034],[-70.5631794054146,-33.3977382751808],[-70.563621934435,-33.3978565302637],[-70.5637211215913,-33.3978908633875],[-70.5640949822733,-33.3980396376701],[-70.5642323189905,-33.3980854136242],[-70.5646197364093,-33.3973199569282],[-70.5646290620491,-33.397284306563],[-70.5648732100636,-33.3967693084767],[-70.5632702997968,-33.3962288866034],[-70.5632081168894,-33.3962079211688],[-70.5631774889528,-33.396197594932],[-70.5625537470044,-33.3959872918015],[-70.5619433626774,-33.3957774819727],[-70.5612261599154,-33.3955257101939],[-70.5604784378956,-33.3952739392749],[-70.5597841251479,-33.3950374261638],[-70.5591050724539,-33.3948123583824],[-70.5584336483414,-33.3945567716604],[-70.5577317056286,-33.3943317032645],[-70.557052652161,-33.394099005235],[-70.5563049305937,-33.3938357894797],[-70.55619924751,-33.3940805880245]]]},"properties":{"ZONA":"UV1/EAm4","NOMBRE":"UV1/EAm4 Zona de Uso de Vivienda N°1 Equipamiento en (baja Intensidad)/ Edificación Aislada Media"}},{"type":"Feature","geometry":{"type":"Polygon","coordinates":[[[-70.5815469895756,-33.4233139045981],[-70.5815505891663,-33.423314672153],[-70.5846532281267,-33.4240310004749],[-70.5860329112354,-33.4243128568222],[-70.5879383069489,-33.4247468144152],[-70.588010674162,-33.4247631669909],[-70.5880851246423,-33.4247799915627],[-70.590036117865,-33.4252208422089],[-70.5900641287181,-33.4252271710942],[-70.5913822527129,-33.4255164643847],[-70.5914861656384,-33.4254334540922],[-70.592088624353,-33.4249731254625],[-70.5926412380609,-33.4245345795231],[-70.5918102365717,-33.4243483983602],[-70.5918101231772,-33.4243483727606],[-70.5918060983433,-33.4243474711794],[-70.5903874642197,-33.4240296193264],[-70.5897456386384,-33.4238798735232],[-70.5890598779115,-33.4237244447976],[-70.5883121567339,-33.4235604131491],[-70.5877704409213,-33.4234345288967],[-70.5872668732471,-33.4233239028152],[-70.5865420426957,-33.4231522408415],[-70.5862082785893,-33.4230786986549],[-70.5861958542935,-33.4230759608573],[-70.5856440430226,-33.4229543709366],[-70.5850389735405,-33.4228203654195],[-70.5839479077722,-33.4225724102085],[-70.5834748606295,-33.4224694132185],[-70.5829717081115,-33.4223572526976],[-70.5829234596708,-33.4223464990392],[-70.5824524663845,-33.4222367180062],[-70.5819641600219,-33.4221375370908],[-70.5818954837177,-33.422295127692],[-70.5816870184307,-33.4228718394727],[-70.5815850782245,-33.4231907604725],[-70.5815469895756,-33.4233139045981]]]},"properties":{"ZONA":"UV1/EAm4","NOMBRE":"UV1/EAm4 Zona de Uso de Vivienda N°1 Equipamiento en (baja Intensidad)/ Edificación Aislada Media"}},{"type":"Feature","geometry":{"type":"Polygon","coordinates":[[[-70.5807263508011,-33.4231390003604],[-70.5807830899363,-33.4231510940967],[-70.5815469895756,-33.4233139045981],[-70.5815850782245,-33.4231907604725],[-70.5816870184307,-33.4228718394727],[-70.5818954837177,-33.422295127692],[-70.5819641600219,-33.4221375370908],[-70.5815309556369,-33.4220373629701],[-70.5815212680434,-33.4220351227865],[-70.5813537731914,-33.4219963908281],[-70.5812575094314,-33.4223127853148],[-70.5812381770084,-33.4223763247683],[-70.5809240515347,-33.4222369810749],[-70.5808846834588,-33.4222195173526],[-70.5808820891133,-33.422287487868],[-70.5804605038228,-33.4228281008221],[-70.5804102939223,-33.4228924854727],[-70.5807597111293,-33.4230956249933],[-70.5807263508011,-33.4231390003604]],[[-70.5808446054901,-33.423082633162],[-70.580754994873,-33.4230280344558],[-70.5811235232941,-33.4225480116427],[-70.5811728104798,-33.4224885922853],[-70.5812220975991,-33.4224291729098],[-70.5811454347195,-33.4226669799312],[-70.5810074485274,-33.4231175633946],[-70.5808446054901,-33.423082633162]]]},"properties":{"ZONA":"UV1/EAa1","NOMBRE":"UV1/EAa1 Zona de Uso de Vivienda N°1 Equipamiento en (baja intensidad)/ Edificación Aislada Alta N"}},{"type":"Feature","geometry":{"type":"Polygon","coordinates":[[[-70.5825211220459,-33.4207603951974],[-70.5819641600219,-33.4221375370908],[-70.5824524663845,-33.4222367180062],[-70.5829234596708,-33.4223464990392],[-70.5829717081115,-33.4223572526976],[-70.5834748606295,-33.4224694132185],[-70.5839479077722,-33.4225724102085],[-70.5850389735405,-33.4228203654195],[-70.5856440430226,-33.4229543709366],[-70.5861958542935,-33.4230759608573],[-70.5862082785893,-33.4230786986549],[-70.5865420426957,-33.4231522408415],[-70.5872668732471,-33.4233239028152],[-70.5877704409213,-33.4234345288967],[-70.5883121567339,-33.4235604131491],[-70.5890598779115,-33.4237244447976],[-70.5897456386384,-33.4238798735232],[-70.5903874642197,-33.4240296193264],[-70.5918060983433,-33.4243474711794],[-70.5919107410056,-33.4240344201895],[-70.5921737049445,-33.4238252340439],[-70.5921270534748,-33.4237816483109],[-70.592981584668,-33.4231216848578],[-70.5938208565351,-33.4224731658109],[-70.5946951282138,-33.4217959726682],[-70.5945602081486,-33.4216694660915],[-70.5945276287739,-33.4216389185587],[-70.5942969087487,-33.421703924014],[-70.5940839821388,-33.421730521916],[-70.5938960028989,-33.4217480564094],[-70.5938169598382,-33.4217554293145],[-70.5938771180862,-33.4215851394383],[-70.59338109651,-33.4214979547746],[-70.5933701558424,-33.4215402761242],[-70.5930562555364,-33.4214792265991],[-70.5930048073183,-33.4216535968726],[-70.5927855217146,-33.4216125091841],[-70.5928025431121,-33.4215473879648],[-70.5923338571091,-33.4214559295174],[-70.5923657151605,-33.421361614727],[-70.592374390053,-33.4213289388541],[-70.5920690757159,-33.4212723804461],[-70.5920196568701,-33.4214333617522],[-70.5918150854149,-33.4213252716259],[-70.5914359685283,-33.4212575995167],[-70.5911924165781,-33.4212588153912],[-70.5905778439921,-33.4211368945964],[-70.5906220265012,-33.4209734188512],[-70.5903253738384,-33.4209184431757],[-70.5902539246134,-33.4211564005255],[-70.5897681111489,-33.4210556203691],[-70.5897008602062,-33.4210416688118],[-70.5895190045677,-33.4216845661084],[-70.5887699268557,-33.4215347591496],[-70.5880273253337,-33.4213761213583],[-70.587930648238,-33.4213554688972],[-70.5878543502355,-33.4213325804133],[-70.5879339362622,-33.4212148570963],[-70.5880363764872,-33.421032278409],[-70.5881041740526,-33.4208834373581],[-70.5881502815502,-33.420753369851],[-70.5881673760014,-33.4206950887212],[-70.5875577615515,-33.4205847446822],[-70.587499237625,-33.4208045822031],[-70.5873967375014,-33.4210355584498],[-70.5867759172206,-33.4217116174293],[-70.5865777249218,-33.4219617134391],[-70.5869222188335,-33.4221728174699],[-70.5869613042949,-33.422201164465],[-70.587060860092,-33.4222595787213],[-70.5867989956168,-33.422699785061],[-70.5867701477848,-33.4227409642026],[-70.5861875515412,-33.4226079744978],[-70.5860990825127,-33.4226329668644],[-70.5841119192907,-33.4221780663984],[-70.5841300430583,-33.4221344879622],[-70.5844202853134,-33.421436627751],[-70.5849459958776,-33.4215997123656],[-70.5854069353471,-33.4201596122034],[-70.5854117804971,-33.4201444228028],[-70.5849964342155,-33.4200427950557],[-70.5849718183191,-33.4201023830811],[-70.5844223536778,-33.4199390517367],[-70.5844048936097,-33.4199920793386],[-70.5833450027177,-33.4196627426772],[-70.5831710083168,-33.420027923063],[-70.5826937593164,-33.420809818044],[-70.5825211220459,-33.4207603951974]]]},"properties":{"ZONA":"UV2/EAb2","NOMBRE":"UV2/EAb2 Zona de Uso de Vivienda Nâ°2 Equipamiento (Media Intensidad)/  Edificación Aislada Baja"}},{"type":"Feature","geometry":{"type":"Polygon","coordinates":[[[-70.5946951282138,-33.4217959726682],[-70.5938208565351,-33.4224731658109],[-70.592981584668,-33.4231216848578],[-70.5921270534748,-33.4237816483109],[-70.5921737049445,-33.4238252340439],[-70.5919107410056,-33.4240344201895],[-70.5918060983433,-33.4243474711794],[-70.5918101231772,-33.4243483727606],[-70.5918102365717,-33.4243483983602],[-70.5926412380609,-33.4245345795231],[-70.5927230373296,-33.4244782932056],[-70.592799933661,-33.424410309839],[-70.5936759006449,-33.4237434910243],[-70.5945075424852,-33.423094971632],[-70.5960601676104,-33.4218918088621],[-70.5958539679005,-33.4217039410261],[-70.5954003352634,-33.4218127457624],[-70.5953746122448,-33.4218189151672],[-70.5952985514232,-33.421881368286],[-70.5952411704032,-33.4219284843137],[-70.5948751391941,-33.4216260692753],[-70.5948203522529,-33.421691128992],[-70.5947516837783,-33.4217521655254],[-70.5947167230864,-33.4217792454594],[-70.5946951282138,-33.4217959726682]]]},"properties":{"ZONA":"UV2/EAm1","NOMBRE":"UV2/EAm1 Zona de Uso de Vivienda Nâ°2 Equipamiento (Media Intensidad)/ Edificación Aislada Media"}},{"type":"Feature","geometry":{"type":"Polygon","coordinates":[[[-70.5825211220459,-33.4207603951974],[-70.5826937593164,-33.420809818044],[-70.5831710083168,-33.420027923063],[-70.5833450027177,-33.4196627426772],[-70.5830079860557,-33.4195580194892],[-70.5829657097758,-33.4195448826811],[-70.5824445144989,-33.420736880519],[-70.5825211220459,-33.4207603951974]]]},"properties":{"ZONA":"UV2/EAm4","NOMBRE":"UV2/EAm4 Zona de Uso de Vivienda Nâ°2 Equipamiento (Media Intensidad)/ Edificación Aislada Media"}},{"type":"Feature","geometry":{"type":"Polygon","coordinates":[[[-70.5862607886077,-33.4127352485313],[-70.5863120555282,-33.412753075202],[-70.5866715446573,-33.4128780779099],[-70.5876203463861,-33.4108342162442],[-70.5872946806688,-33.4107322203469],[-70.5872491585158,-33.410717963084],[-70.5872031799873,-33.4107035628401],[-70.5862607886077,-33.4127352485313]]]},"properties":{"ZONA":"UV1/EAa1","NOMBRE":"UV1/EAa1 Zona de Uso de Vivienda N°1 Equipamiento en (baja intensidad)/ Edificación Aislada Alta N"}},{"type":"Feature","geometry":{"type":"Polygon","coordinates":[[[-70.5866715446573,-33.4128780779099],[-70.5866943812338,-33.4128860177804],[-70.5876177579996,-33.4132070895527],[-70.5876330170172,-33.413252863754],[-70.5874436019926,-33.4136948316511],[-70.5874041291012,-33.4137869331696],[-70.5872286489351,-33.4142218224169],[-70.5870494715444,-33.4148126048617],[-70.587139012281,-33.4148304121803],[-70.5876831023114,-33.4149417502435],[-70.5877324005522,-33.4148242713459],[-70.5877944662469,-33.4147055305446],[-70.5879812529208,-33.4143851756164],[-70.5880139472864,-33.4143334747799],[-70.5880501520383,-33.4143073737198],[-70.5880927670674,-33.4142965714589],[-70.5881264413871,-33.4142987024198],[-70.5882001312826,-33.4143157099897],[-70.5884449661673,-33.4143649797253],[-70.5891742505284,-33.4145117337026],[-70.5901737482993,-33.4147101000689],[-70.5904865695177,-33.4146109106959],[-70.5907612411309,-33.4145117246464],[-70.5909596150804,-33.4144163538826],[-70.5910220866881,-33.4144633392248],[-70.5910941125486,-33.4145299874326],[-70.5911536327882,-33.414580413207],[-70.5912203616187,-33.4146246049427],[-70.5913042543434,-33.4146726725873],[-70.5914051615607,-33.4147164248089],[-70.591486199856,-33.4147420046044],[-70.5916429899883,-33.4147707075273],[-70.591780102185,-33.4147914722862],[-70.591817059209,-33.4146331589236],[-70.5918918347635,-33.4142784923311],[-70.5911644012614,-33.4141715450625],[-70.5910901444516,-33.4139783838567],[-70.5911390871044,-33.4136198374322],[-70.5912392070295,-33.4134932811535],[-70.5914410138532,-33.413326050303],[-70.5920747774933,-33.4134107767638],[-70.592114077022,-33.4132243751936],[-70.5921561912879,-33.4130448455698],[-70.5923787450756,-33.4130582812069],[-70.5925923710112,-33.4121618053584],[-70.5921018582518,-33.4120682282144],[-70.5920125053811,-33.4120511813815],[-70.5914326411139,-33.4119405546475],[-70.590891069389,-33.4117840101561],[-70.5906872928673,-33.4117237761886],[-70.5906274359877,-33.4117102604546],[-70.5905540809711,-33.4116987827877],[-70.5896736438578,-33.4114512929601],[-70.589643321008,-33.411442768689],[-70.5892428847139,-33.4113302043898],[-70.5889080918372,-33.411237518598],[-70.5887704726816,-33.4111944193501],[-70.5886916224825,-33.4111697250395],[-70.5876203463861,-33.4108342162442],[-70.5866715446573,-33.4128780779099]]]},"properties":{"ZONA":"UV1/EAa2","NOMBRE":"UV1/EAa2 Zona de Uso de Vivienda N°1 Equipamiento en (baja intensidad)/ Edificación Aislada Alta N"}},{"type":"Feature","geometry":{"type":"Polygon","coordinates":[[[-70.5872946806688,-33.4107322203469],[-70.5876203463861,-33.4108342162442],[-70.5886916224825,-33.4111697250395],[-70.5888884364705,-33.4107221583587],[-70.5875685403637,-33.4103304490639],[-70.5874925307866,-33.4103069134526],[-70.5872946806688,-33.4107322203469]]]},"properties":{"ZONA":"UV1/EAm4","NOMBRE":"UV1/EAm4 Zona de Uso de Vivienda N°1 Equipamiento en (baja Intensidad)/ Edificación Aislada Media"}},{"type":"Feature","geometry":{"type":"Polygon","coordinates":[[[-70.5854713164771,-33.4131273216693],[-70.5864075135724,-33.4134468227121],[-70.5866715446573,-33.4128780779099],[-70.5863120555282,-33.412753075202],[-70.5862607886077,-33.4127352485313],[-70.585729568476,-33.4125505288486],[-70.5855464553084,-33.4128854659532],[-70.5855505933337,-33.4129575918926],[-70.5855452927176,-33.4129716634364],[-70.5855292125846,-33.4130045426849],[-70.5854713164771,-33.4131273216693]]]},"properties":{"ZONA":"UC2/EAa1","NOMBRE":"UC2/EAa1 Zona de Uso de Comercio N°2 e Instituciones Metropolitanas/ Edificación Aislada Alta Nº1"}},{"type":"Feature","geometry":{"type":"Polygon","coordinates":[[[-70.5864075135724,-33.4134468227121],[-70.5874041291012,-33.4137869331696],[-70.5874436019926,-33.4136948316511],[-70.5876330170172,-33.413252863754],[-70.5876177579996,-33.4132070895527],[-70.5866943812338,-33.4128860177804],[-70.5866715446573,-33.4128780779099],[-70.5864075135724,-33.4134468227121]]]},"properties":{"ZONA":"UC2/EAa2","NOMBRE":"UC2/EAa2 Zona de Uso de Comercio N°2 e Instituciones Metropolitanas/ Edificación Aislada Alta Nº2"}},{"type":"Feature","geometry":{"type":"Polygon","coordinates":[[[-70.5841533098868,-33.4157679312446],[-70.5845407277891,-33.4158703645513],[-70.5845346378051,-33.4158845705901],[-70.5853132753307,-33.4161075786932],[-70.5853239380646,-33.4160836843172],[-70.5853466098766,-33.4160328761262],[-70.5855394521585,-33.4156007156119],[-70.5856091780273,-33.4154444614729],[-70.5861988944037,-33.4156223187361],[-70.5862693848248,-33.4154305273658],[-70.5868533076667,-33.4155540908525],[-70.5878723525769,-33.4157617354503],[-70.5894903240066,-33.4160914009899],[-70.5902242274929,-33.416247783157],[-70.5902719000593,-33.4162579407826],[-70.5905006741578,-33.4163066880828],[-70.5916315303959,-33.4165476415865],[-70.592147726819,-33.4166496824463],[-70.59382754997,-33.4170012140778],[-70.5954575422408,-33.4173067233361],[-70.597869845448,-33.4178419306389],[-70.5987130770618,-33.4180992526057],[-70.5987124497029,-33.4181008740806],[-70.5987162783902,-33.4181000635764],[-70.5997267278865,-33.4184004852705],[-70.5996270947996,-33.4187079352318],[-70.599276131225,-33.4196501913034],[-70.5992648003829,-33.4198085368664],[-70.5994731742079,-33.4196536113964],[-70.599834616924,-33.4193848769813],[-70.6003221254452,-33.4190224066436],[-70.600762816732,-33.4186947427032],[-70.600975479896,-33.4185366210145],[-70.6014582418251,-33.4181776688449],[-70.6015803145397,-33.4179792998761],[-70.6016642395987,-33.4178343369455],[-70.6018311814938,-33.4177292866973],[-70.6019279630544,-33.4176717764634],[-70.6022020081493,-33.4175252439226],[-70.6026027010249,-33.4173727428436],[-70.6028632215496,-33.4173033797901],[-70.6031108703171,-33.4172415758331],[-70.6034593854343,-33.4171925306351],[-70.6040315582784,-33.4171452816476],[-70.6042323845387,-33.4171215875194],[-70.6045694592643,-33.4170586221436],[-70.6048611171313,-33.4169836205345],[-70.6059271455875,-33.4164057824521],[-70.6064659335964,-33.4161071094511],[-70.6067797251509,-33.4160290453653],[-70.6066484784955,-33.4158833466779],[-70.6061706085317,-33.4153577119614],[-70.6056927443851,-33.4148320751883],[-70.6054629945368,-33.4146927222691],[-70.6053214006283,-33.4146088470892],[-70.6050748061443,-33.4144877220359],[-70.6047979161932,-33.4143298444895],[-70.6044652196918,-33.4141571621938],[-70.6043892628995,-33.4141272676327],[-70.6041183007423,-33.4140206254946],[-70.6039473439106,-33.4139629940497],[-70.6038970156146,-33.4139460274746],[-70.6037763872966,-33.4139053623617],[-70.603577329928,-33.4138828541738],[-70.603421007415,-33.4138882398837],[-70.6031467325819,-33.4139136485125],[-70.6027068943795,-33.4140959243178],[-70.6024961000877,-33.4141928241853],[-70.6022054662681,-33.4143332650024],[-70.6022739596608,-33.4142634680702],[-70.602322249647,-33.4142111572063],[-70.6023622710268,-33.4141555072242],[-70.6023817770559,-33.4141001222718],[-70.6023887167506,-33.4140311204834],[-70.6023890372674,-33.4139203625403],[-70.6012521993644,-33.4140157389775],[-70.6000619528602,-33.4141187454006],[-70.5990090421667,-33.4142446397771],[-70.5990166740526,-33.4143857864113],[-70.5990548255159,-33.4147100438347],[-70.5990395692377,-33.4151182258535],[-70.5990014217891,-33.4153356683782],[-70.5988946101286,-33.4159307759609],[-70.5988106847341,-33.4163275149902],[-70.5987380488702,-33.4165264498631],[-70.5987301374107,-33.4165467638393],[-70.5984641534998,-33.4164660686593],[-70.5975714405563,-33.4162413467827],[-70.5963402709362,-33.415988854262],[-70.596328724404,-33.4160264589372],[-70.5962661473854,-33.4162302546731],[-70.5961249985383,-33.4166899382665],[-70.5957206254333,-33.4166060137364],[-70.5952862035236,-33.4165213425671],[-70.5954852432623,-33.4158725462933],[-70.5955022871428,-33.4158169884112],[-70.5919921112241,-33.4150970044896],[-70.5920156389908,-33.4149897380197],[-70.5920308281893,-33.4149352640409],[-70.5920445255295,-33.4149096455279],[-70.5921150080657,-33.4148193225129],[-70.5920399646344,-33.4148237858206],[-70.5920022837786,-33.4148172685002],[-70.5919185748468,-33.4148043436661],[-70.5918850665576,-33.4147977718536],[-70.591780102185,-33.4147914722862],[-70.5916429899883,-33.4147707075273],[-70.591486199856,-33.4147420046044],[-70.5914051615607,-33.4147164248089],[-70.5913042543434,-33.4146726725873],[-70.5912203616187,-33.4146246049427],[-70.5911536327882,-33.414580413207],[-70.5910941125486,-33.4145299874326],[-70.5910220866881,-33.4144633392248],[-70.5909596150804,-33.4144163538826],[-70.5907612411309,-33.4145117246464],[-70.5904865695177,-33.4146109106959],[-70.5901737482993,-33.4147101000689],[-70.5891742505284,-33.4145117337026],[-70.5884449661673,-33.4143649797253],[-70.5882001312826,-33.4143157099897],[-70.5881264413871,-33.4142987024198],[-70.5880927670674,-33.4142965714589],[-70.5880501520383,-33.4143073737198],[-70.5880139472864,-33.4143334747799],[-70.5879812529208,-33.4143851756164],[-70.5877944662469,-33.4147055305446],[-70.5877324005522,-33.4148242713459],[-70.5876831023114,-33.4149417502435],[-70.587139012281,-33.4148304121803],[-70.5870494715444,-33.4148126048617],[-70.5872286489351,-33.4142218224169],[-70.5874041291012,-33.4137869331696],[-70.5864075135724,-33.4134468227121],[-70.5854713164771,-33.4131273216693],[-70.5853517677493,-33.4133239549077],[-70.5853505472944,-33.4133849069931],[-70.5852921925349,-33.413500877448],[-70.5852392058456,-33.4136098648543],[-70.5852215008546,-33.4136930577894],[-70.5852171771701,-33.4137576397614],[-70.5856811358583,-33.4138853728424],[-70.5861115160217,-33.4139789615022],[-70.5861559833151,-33.4140011219425],[-70.5859957811524,-33.4145832461613],[-70.5859046064062,-33.414792637959],[-70.5858294566881,-33.4149570204575],[-70.5857519206278,-33.415126619906],[-70.5854788693349,-33.4150649400045],[-70.5848716557845,-33.414902618755],[-70.5848404236187,-33.4148842775858],[-70.5848073185608,-33.4148573170976],[-70.5847863045068,-33.4148345264364],[-70.5847599093033,-33.4147607143448],[-70.5846411441574,-33.4148882712293],[-70.5846152427865,-33.4149135037749],[-70.5845942794671,-33.414938672326],[-70.5845655119254,-33.4149874524686],[-70.5844939547532,-33.4151294695447],[-70.584432747404,-33.415206332548],[-70.5844000646974,-33.4152788215587],[-70.5843655191323,-33.4153592903965],[-70.5843207397334,-33.4154594544827],[-70.584274007944,-33.4155685338377],[-70.5842412573077,-33.4156311981198],[-70.5842123529299,-33.4156724666949],[-70.58417902103,-33.4157031302531],[-70.5841533098868,-33.4157679312446]],[[-70.5908334211524,-33.415582469425],[-70.5907246102592,-33.4155598923122],[-70.5906962730127,-33.4155540123089],[-70.5908249275616,-33.415059199325],[-70.5909006121447,-33.4150727166193],[-70.5918579629576,-33.4152436915677],[-70.5917433187268,-33.4157712617927],[-70.5908334211524,-33.415582469425]]]},"properties":{"ZONA":"UC2/EAa+cm","NOMBRE":"UC2/EAa+cm Zona de Uso de Comercio N°2 e Instituciones Metropolitanas/ Edificación Aislada Alta co"}},{"type":"Feature","geometry":{"type":"MultiPolygon","coordinates":[[[[-70.5970639503682,-33.420451408933],[-70.5974752130176,-33.4208589726774],[-70.5975609452317,-33.4207951779951],[-70.5984517366633,-33.4201438985423],[-70.5984658604624,-33.4201335717335],[-70.5986690470037,-33.4199850146813],[-70.5986789810815,-33.4199777521898],[-70.5989830267687,-33.4197554516659],[-70.5990395353018,-33.4197213524018],[-70.5990983215493,-33.4196973405589],[-70.5991704706265,-33.4196706610004],[-70.5992185690736,-33.4196573212779],[-70.599276131225,-33.4196501913034],[-70.5996270947996,-33.4187079352318],[-70.5997267278865,-33.4184004852705],[-70.5987162783902,-33.4181000635764],[-70.5987124497029,-33.4181008740806],[-70.5982155866558,-33.4193831620113],[-70.5983635295735,-33.4194204123474],[-70.5983655683498,-33.4195187477169],[-70.5971334598387,-33.4203946269155],[-70.5970639503682,-33.420451408933]]],[[[-70.59154638065,-33.416843881944],[-70.5914530108122,-33.4171636863605],[-70.5907211530048,-33.4170058514959],[-70.5907152458762,-33.4170277914541],[-70.590590350667,-33.4174916779463],[-70.5906760178445,-33.4175084753653],[-70.5905927516637,-33.4178417051309],[-70.5905765750257,-33.4179064428048],[-70.5901290653563,-33.4178186973669],[-70.5900778964111,-33.4180021778928],[-70.5906133723332,-33.4181101680561],[-70.5906492372282,-33.4181174016762],[-70.5910690162092,-33.4181926623645],[-70.5911090937986,-33.4181998481199],[-70.5911240761693,-33.4181487759449],[-70.591574441214,-33.4182329666308],[-70.5917750452992,-33.4182704662912],[-70.5921510095266,-33.4169722101626],[-70.5921212398874,-33.4169658916509],[-70.5920674019243,-33.4169544647386],[-70.592147726819,-33.4166496824463],[-70.5916315303959,-33.4165476415865],[-70.5916217379121,-33.4165817115834],[-70.591615236909,-33.416604331073],[-70.59154638065,-33.416843881944]]],[[[-70.5862693848248,-33.4154305273658],[-70.5861988944037,-33.4156223187361],[-70.5856091780273,-33.4154444614729],[-70.5855394521585,-33.4156007156119],[-70.5867118559193,-33.4159099558203],[-70.5867299425273,-33.4158644709915],[-70.5868185519717,-33.4156416280402],[-70.5868533076667,-33.4155540908525],[-70.5862693848248,-33.4154305273658]]]]},"properties":{"ZONA":"UC2/EAa1","NOMBRE":"UC2/EAa1 Zona de Uso de Comercio N°2 e Instituciones Metropolitanas/ Edificación Aislada Alta Nº1"}},{"type":"Feature","geometry":{"type":"Polygon","coordinates":[[[-70.597925619908,-33.4150495662574],[-70.597956137518,-33.4149427525376],[-70.5979637665191,-33.414877900442],[-70.5979485063916,-33.414752012811],[-70.5979027240525,-33.414393422897],[-70.5963157293145,-33.414572727814],[-70.5962824146288,-33.4147187232826],[-70.597925619908,-33.4150495662574]]]},"properties":{"ZONA":"UC2/EAa+cm","NOMBRE":"UC2/EAa+cm Zona de Uso de Comercio N°2 e Instituciones Metropolitanas/ Edificación Aislada Alta co"}},{"type":"Feature","geometry":{"type":"Polygon","coordinates":[[[-70.600744061474,-33.4086553860004],[-70.6006819024732,-33.4086969927393],[-70.6006449832209,-33.4087236116584],[-70.6006308043859,-33.4087429595998],[-70.600622839338,-33.4087622282594],[-70.6006149490987,-33.408784988775],[-70.6006062397316,-33.4088765773776],[-70.6012456701192,-33.4096680805798],[-70.6012830545006,-33.4097152466172],[-70.601345776297,-33.4098165322408],[-70.6013742402761,-33.4098919525761],[-70.6017175879772,-33.4107540932655],[-70.6020838265489,-33.4117077884347],[-70.601679448666,-33.411791716057],[-70.601712876386,-33.411878442556],[-70.60220494248,-33.4131508071715],[-70.6022368620548,-33.4132519084322],[-70.6022977178553,-33.4134446558126],[-70.6023778746359,-33.4137763299343],[-70.6023890372674,-33.4139203625403],[-70.6024904167791,-33.4138834518113],[-70.602610281577,-33.4138583570209],[-70.6026862817368,-33.4138472852438],[-70.6035349412687,-33.413758954915],[-70.6036358944742,-33.4137490236367],[-70.6036831430202,-33.4137313166066],[-70.6038227621437,-33.4136554208449],[-70.6044814696764,-33.4133944240336],[-70.6045871129088,-33.4133527984657],[-70.605437967414,-33.4144912024254],[-70.6054227628678,-33.4134229141156],[-70.6053278030828,-33.4119733842794],[-70.6052472265381,-33.4109961190243],[-70.6033898228801,-33.4114645759746],[-70.6032754353025,-33.4114863495449],[-70.603184564726,-33.4114640312094],[-70.6030862901169,-33.4114592473409],[-70.6030010989687,-33.4114591371797],[-70.6029061780831,-33.411479739856],[-70.6027705057672,-33.4115437478416],[-70.6024118973528,-33.4105633501889],[-70.6020293678794,-33.4095423924594],[-70.6011222493562,-33.4085635776179],[-70.6010335227722,-33.408600358119],[-70.6009909133622,-33.4086111646926],[-70.6009332585555,-33.4086349931895],[-70.6008601346806,-33.408648754769],[-70.6007899132811,-33.4086547942799],[-70.600744061474,-33.4086553860004]]]},"properties":{"ZONA":"UC2/EAa+cm","NOMBRE":"UC2/EAa+cm Zona de Uso de Comercio N°2 e Instituciones Metropolitanas/ Edificación Aislada Alta co"}},{"type":"Feature","geometry":{"type":"Polygon","coordinates":[[[-70.5921150080657,-33.4148193225129],[-70.5920445255295,-33.4149096455279],[-70.5920308281893,-33.4149352640409],[-70.5920156389908,-33.4149897380197],[-70.5919921112241,-33.4150970044896],[-70.5955022871428,-33.4158169884112],[-70.5955113713047,-33.4157873760133],[-70.5955680186721,-33.4156027244805],[-70.5959876586072,-33.4156828322688],[-70.5964072959149,-33.4157705709165],[-70.5963432902918,-33.415979022335],[-70.5963402709362,-33.415988854262],[-70.5975714405563,-33.4162413467827],[-70.5984641534998,-33.4164660686593],[-70.5987301374107,-33.4165467638393],[-70.5987380488702,-33.4165264498631],[-70.5988106847341,-33.4163275149902],[-70.5988946101286,-33.4159307759609],[-70.5990014217891,-33.4153356683782],[-70.597925619908,-33.4150495662574],[-70.5962824146288,-33.4147187232826],[-70.5963157293145,-33.414572727814],[-70.5979027240525,-33.414393422897],[-70.5990090421667,-33.4142446397771],[-70.6000619528602,-33.4141187454006],[-70.6012521993644,-33.4140157389775],[-70.6023890372674,-33.4139203625403],[-70.6023778746359,-33.4137763299343],[-70.6022977178553,-33.4134446558126],[-70.6022368620548,-33.4132519084322],[-70.5999192222361,-33.4134480379945],[-70.5988417229056,-33.4135691372808],[-70.5977431405537,-33.413681048465],[-70.5963004120594,-33.4138684517215],[-70.595898657223,-33.4138685028295],[-70.5948207252435,-33.4137009401723],[-70.59257733706,-33.4133084107118],[-70.5924257723188,-33.4139816662591],[-70.5923480784809,-33.4143263205147],[-70.5922870015183,-33.4146386117148],[-70.5922712044366,-33.4146878150609],[-70.5922431440626,-33.4147511759916],[-70.5922143225669,-33.4147725462178],[-70.5921897981555,-33.4148008622558],[-70.5921275247102,-33.4148191627449],[-70.5921150080657,-33.4148193225129]]]},"properties":{"ZONA":"UC2/EAa4","NOMBRE":"UC2/EAa4 Zona de Uso de Comercio N°2 e Instituciones Metropolitanas/ Edificación Aislada Alta Nº4"}},{"type":"Feature","geometry":{"type":"Polygon","coordinates":[[[-70.5682533272368,-33.4109107023813],[-70.5686729715848,-33.4113913627855],[-70.5686728330682,-33.4113920319018],[-70.5686733010527,-33.411391744608],[-70.5693215102132,-33.4121428715619],[-70.5699242603735,-33.411784278045],[-70.5699687211979,-33.41175736433],[-70.5700644588985,-33.4116938306087],[-70.5701594109437,-33.4116389915157],[-70.5702022427928,-33.41161478403],[-70.570237657266,-33.4115986625683],[-70.5703139682246,-33.411561279146],[-70.570352434794,-33.411545832371],[-70.5704132177226,-33.4115261322261],[-70.5704816093663,-33.411511070395],[-70.5705510114871,-33.4114999331815],[-70.5705863491061,-33.4114958558151],[-70.570695255204,-33.411495363293],[-70.570812573147,-33.4115065458331],[-70.5708608099494,-33.4115179024182],[-70.5709172488797,-33.4115329284195],[-70.5716257037041,-33.4117346759695],[-70.5727625453298,-33.4120627394699],[-70.5736247138779,-33.4123488443739],[-70.574217228121,-33.4125346881663],[-70.5744334737546,-33.4126006151915],[-70.5748416682123,-33.412736038549],[-70.5749472716634,-33.4127710735139],[-70.5752498638904,-33.4128714605229],[-70.5760508143998,-33.4131300890176],[-70.5763485566624,-33.4132262286256],[-70.5769207916244,-33.4134169632924],[-70.5777036859089,-33.4136626390734],[-70.577790937869,-33.4136914081312],[-70.5786756489789,-33.413981542816],[-70.5792469634493,-33.4141719716435],[-70.5794538903504,-33.4142409430059],[-70.5797590821788,-33.4143286815688],[-70.580232131066,-33.4145461211208],[-70.5809951136436,-33.414908521188],[-70.5817504652554,-33.4152136999355],[-70.5825668570855,-33.4154998031036],[-70.5825999655588,-33.41541429916],[-70.5828558401337,-33.4148814629931],[-70.5830556276618,-33.4144654208523],[-70.580892273658,-33.4135948893657],[-70.5804978782781,-33.4134223754165],[-70.579211145688,-33.4130224611258],[-70.57825345906,-33.4127991761178],[-70.5781627399892,-33.4127780242522],[-70.5756354402999,-33.4120354871128],[-70.5755931981576,-33.4121313899679],[-70.574746495991,-33.4118566866352],[-70.5739048114176,-33.4115836029025],[-70.5739301190771,-33.411516219819],[-70.5739459233681,-33.411474138584],[-70.5717891411767,-33.4108387834258],[-70.5701882401301,-33.4103671503702],[-70.5701607724982,-33.4104262144225],[-70.5694206835427,-33.4102011453958],[-70.5691572204632,-33.4103612885281],[-70.5682533272368,-33.4109107023813]]]},"properties":{"ZONA":"UV2/EAa2","NOMBRE":"UV2/EAa2 Zona de Uso de Vivienda Nâ°2 Equipamiento (Media Intensidad)/ Edificación Aislada Alta N"}},{"type":"Feature","geometry":{"type":"Polygon","coordinates":[[[-70.5668418300923,-33.4125167357962],[-70.5672004296755,-33.4122954760195],[-70.5686728330682,-33.4113920319018],[-70.5686729715848,-33.4113913627855],[-70.5682533272368,-33.4109107023813],[-70.5671808922085,-33.4115704101785],[-70.5671602387102,-33.4115847525236],[-70.5671400974695,-33.4116005538901],[-70.5671271502649,-33.4116149179087],[-70.5671188805283,-33.4116364502098],[-70.567015531996,-33.412032694224],[-70.5670139602183,-33.4120466647089],[-70.5670144553225,-33.412061476656],[-70.5670191084398,-33.4120742925987],[-70.5668418300923,-33.4125167357962]]]},"properties":{"ZONA":"UV2/EAm2","NOMBRE":"UV2/EAm2 Zona de Uso de Vivienda Nâ°2 Equipamiento (Media Intensidad)/ Edificación Aislada Media"}},{"type":"Feature","geometry":{"type":"Polygon","coordinates":[[[-70.5675821015328,-33.4078124942839],[-70.5674552461299,-33.4081230702076],[-70.5674415412364,-33.4081569994309],[-70.5687572904413,-33.4078535645568],[-70.5687704170646,-33.4078819987408],[-70.5688272357397,-33.4080534548804],[-70.5709304585189,-33.4086531765979],[-70.5723250114011,-33.4090440247469],[-70.5732716695111,-33.4093319386353],[-70.5739424179304,-33.4095359325972],[-70.5747844844826,-33.4097920227127],[-70.5788284138549,-33.4109700231451],[-70.5788587369765,-33.4108953794757],[-70.5789274046173,-33.4107847493878],[-70.5790571095678,-33.4106664909567],[-70.5788205828456,-33.4104299760668],[-70.5787899089284,-33.4103993025307],[-70.5785840584729,-33.410193459764],[-70.5781796747744,-33.4096059848682],[-70.5781781127922,-33.409603691515],[-70.5778134400866,-33.4090681025897],[-70.5776379534317,-33.4088811794428],[-70.5773709095534,-33.4086675524912],[-70.5772412018419,-33.4085798129671],[-70.5763866638345,-33.4081563733423],[-70.5757839044404,-33.4078779023274],[-70.5752134560203,-33.4076054454388],[-70.5743723860089,-33.4072065048773],[-70.574124689213,-33.4071073955354],[-70.5737129141582,-33.4069256030883],[-70.5735637083773,-33.4069623774138],[-70.5734756076228,-33.4069814939672],[-70.5734328567189,-33.4069887865394],[-70.5733712672951,-33.4069918133322],[-70.5731111894155,-33.4069861159371],[-70.5728464292739,-33.406954740544],[-70.5719011484379,-33.406378780744],[-70.5719537367167,-33.4062604570544],[-70.5707940059992,-33.4058370211672],[-70.5701073229283,-33.4056310259809],[-70.569443529702,-33.4054326609419],[-70.569322549874,-33.405401190293],[-70.5688081391675,-33.4052540234936],[-70.5686861502211,-33.4052210625033],[-70.5686215847139,-33.4051949751243],[-70.56807566406,-33.4065780418935],[-70.5675821015328,-33.4078124942839]]]},"properties":{"ZONA":"UVO/EAa2","NOMBRE":"UVO/EAa2 Zona de Uso de Vivienda y Equipamiento de Oficina/ Edificación Aislada Alta N°2"}},{"type":"Feature","geometry":{"type":"Polygon","coordinates":[[[-70.567112787128,-33.4077040234223],[-70.5671433792252,-33.4077082697119],[-70.5674464897679,-33.4077801362752],[-70.5675330175891,-33.407800651968],[-70.5675821015328,-33.4078124942839],[-70.56807566406,-33.4065780418935],[-70.5686215847139,-33.4051949751243],[-70.5685431486475,-33.4051632822723],[-70.568419100291,-33.4051127646872],[-70.5682125875169,-33.4050204581803],[-70.5681240990695,-33.4051680914336],[-70.5680299613964,-33.4053251481658],[-70.5679800125459,-33.4055469479776],[-70.5679437587018,-33.4055834484536],[-70.5677291155354,-33.4059037703413],[-70.5676927075013,-33.4059042304631],[-70.5676426689959,-33.4060327597678],[-70.5677845726058,-33.4060767801146],[-70.5676334733093,-33.4062810348306],[-70.5676258795782,-33.4063651223129],[-70.5674790225763,-33.4065521421884],[-70.5674325952198,-33.406755073068],[-70.5673578674278,-33.4069030035733],[-70.5673373178138,-33.4070987065221],[-70.567112787128,-33.4077040234223]]]},"properties":{"ZONA":"UVO/EAm4","NOMBRE":"UVO/EAm4 Zona de Uso de Vivienda y Equipamiento de Oficina/ Edificación Aislada Media N°4"}},{"type":"Feature","geometry":{"type":"Polygon","coordinates":[[[-70.5411755391376,-33.3908632127891],[-70.5418305635996,-33.3917812752635],[-70.5418940460589,-33.3917518526022],[-70.54201232265,-33.3919257648064],[-70.5420762140236,-33.3919998992413],[-70.5422637273741,-33.3921481308069],[-70.5424613832345,-33.3924678050249],[-70.5426098094308,-33.3928990456929],[-70.542719619872,-33.3930766418502],[-70.5430396359761,-33.3935594372272],[-70.5431196149768,-33.3934975964639],[-70.5434029546144,-33.393744312281],[-70.5434411023385,-33.3936451274705],[-70.5436160471881,-33.3934962190451],[-70.5436876565398,-33.3934352675631],[-70.5451179369724,-33.3946699771732],[-70.5452594916691,-33.3944939334678],[-70.5454763257454,-33.3942456209714],[-70.5455147410142,-33.3942007209123],[-70.5454049724563,-33.3941541043757],[-70.5453013639493,-33.3940861967917],[-70.5450359150888,-33.3938747486512],[-70.5443793855852,-33.3933298879695],[-70.5442512100635,-33.3932304905209],[-70.5440820007673,-33.3930996095516],[-70.543954659738,-33.3929865672181],[-70.5437081378655,-33.3927677252815],[-70.5431511587372,-33.3922946960881],[-70.5426979913349,-33.3919181008371],[-70.542640978805,-33.391870722095],[-70.5425317741303,-33.3917658309236],[-70.5421348872073,-33.3913986687994],[-70.5419309232093,-33.3912122514262],[-70.5414839602691,-33.3906965053024],[-70.5414297754672,-33.3907262126643],[-70.5411755391376,-33.3908632127891]]]},"properties":{"ZONA":"UC2/EAb2","NOMBRE":"UC2/EAb2 Zona de Uso de Comercio N°2 e Instituciones Metropolitanas/ Edificación Aislada Baja Nº2"}},{"type":"Feature","geometry":{"type":"Polygon","coordinates":[[[-70.5455147410142,-33.3942007209123],[-70.5462428875472,-33.3945341621008],[-70.5462939666619,-33.394557552598],[-70.5463942183438,-33.3946034608518],[-70.5469431870185,-33.3948009873663],[-70.5473363521532,-33.3949227864057],[-70.5474685651219,-33.3949680020598],[-70.5475201103459,-33.3949856306217],[-70.5480276098175,-33.3951591896757],[-70.5481134070068,-33.3951917184514],[-70.5481784639454,-33.3952163848171],[-70.54832931934,-33.3952735797554],[-70.5485584658167,-33.3953841554238],[-70.5487667115956,-33.3955105268265],[-70.5491941411387,-33.3958476460796],[-70.549503970243,-33.3961808404302],[-70.5495190556013,-33.3961970629761],[-70.5502392740679,-33.3969715805968],[-70.5505029789319,-33.3972653723363],[-70.5507268302807,-33.3975147603696],[-70.5507479749187,-33.3975383175104],[-70.5509412211733,-33.3977536081856],[-70.5514447938241,-33.3982800447964],[-70.5519040230992,-33.3987693447719],[-70.5525511247367,-33.3994588074179],[-70.5530699553629,-33.3999661694401],[-70.5532495919043,-33.4000956516456],[-70.5536346671499,-33.4003732119852],[-70.5536832020195,-33.400408604126],[-70.5542678360669,-33.4008206762842],[-70.5546951055839,-33.4006490082153],[-70.555122374432,-33.4004773378034],[-70.5551988660899,-33.4008422901225],[-70.5552019601797,-33.4008570524595],[-70.5552252428726,-33.4009681378731],[-70.5552308829891,-33.4010726192714],[-70.5552245155062,-33.4011392311052],[-70.555199264962,-33.4012060805619],[-70.5551661804296,-33.4012571863636],[-70.5550989932478,-33.4013023859736],[-70.5549621533774,-33.4013471112511],[-70.5545139124101,-33.4015232059871],[-70.5544280705301,-33.4015569294039],[-70.5546068454408,-33.4018912614968],[-70.5552215808693,-33.4030408774793],[-70.5551620582304,-33.4030641392027],[-70.5557164896313,-33.4041080542122],[-70.5557535419451,-33.4040943702633],[-70.5565459236424,-33.4055286129053],[-70.5573022041998,-33.4069583085454],[-70.5580028168464,-33.4067102267504],[-70.5579888314152,-33.4066844364403],[-70.5579449116246,-33.4066034476011],[-70.5579072952761,-33.4065504666866],[-70.5578462565919,-33.4064360205595],[-70.5577165478447,-33.4061995042249],[-70.5575715792359,-33.4059248409386],[-70.5572358635175,-33.4053068473707],[-70.5572177751333,-33.4052709834325],[-70.5570145929028,-33.4048681473791],[-70.5568769299073,-33.4046040323491],[-70.5568203319935,-33.4043381431692],[-70.5568162185013,-33.404318820414],[-70.5574876416604,-33.4047689607733],[-70.5577287402754,-33.4049113679976],[-70.5578252792552,-33.4049683888431],[-70.5589601995633,-33.4056387238716],[-70.5594857586197,-33.405941261806],[-70.5599768152271,-33.4062327724747],[-70.5603686836677,-33.4057607957918],[-70.5597802531485,-33.4055096511684],[-70.5598050541951,-33.4054029322775],[-70.5598052163298,-33.4054018967229],[-70.5598200414395,-33.4053075350076],[-70.5598150031642,-33.4052123940489],[-70.5597926235028,-33.4050810663064],[-70.5597672661405,-33.4049781120104],[-70.5596958449835,-33.4048464836869],[-70.5596202274741,-33.4047563172559],[-70.5595301835805,-33.4046870412405],[-70.5593606233343,-33.4045856344957],[-70.558891520008,-33.4043188083687],[-70.5582506136045,-33.4039487767359],[-70.558105647504,-33.4038419638454],[-70.5579988287102,-33.4037275209409],[-70.5579225296657,-33.4036092631306],[-70.5577165205322,-33.4029531212718],[-70.5571671763818,-33.4030408641206],[-70.5566712409489,-33.4031476812168],[-70.556381296588,-33.4017858042524],[-70.5562325082605,-33.4010590890028],[-70.5560837226371,-33.4003323725192],[-70.5560074216458,-33.4000004864299],[-70.5559997894617,-33.3997525253347],[-70.5559972542521,-33.3996511479613],[-70.5554434961314,-33.3994871387376],[-70.5554419387816,-33.3994355878969],[-70.554871136963,-33.3992508199901],[-70.5548629466492,-33.3992108327912],[-70.554138116949,-33.3993290954375],[-70.554015123503,-33.3993494649283],[-70.5539070526776,-33.3993831832262],[-70.5538395097625,-33.3994124058598],[-70.5537449491091,-33.3994506200655],[-70.5536650691566,-33.3994893195195],[-70.5531853564024,-33.398965018716],[-70.552992677796,-33.3987526673382],[-70.5526197813585,-33.3983372599484],[-70.5521467315194,-33.3978298965427],[-70.551742346819,-33.3973835689779],[-70.5513379633962,-33.3969563149866],[-70.5509183219565,-33.3965176173708],[-70.5505139391192,-33.3960827335587],[-70.5501553349783,-33.3956707388741],[-70.5498582609453,-33.3953816351388],[-70.5497280636382,-33.3952549301278],[-70.5495449477465,-33.3950947103194],[-70.5493160531284,-33.394911600282],[-70.5491558256461,-33.3948200476592],[-70.5489269306626,-33.3947056055085],[-70.5486675175178,-33.394583533633],[-70.5483699547303,-33.394472906505],[-70.5479197952584,-33.3943279480404],[-70.5467524358538,-33.3939350319069],[-70.5466652993422,-33.3939108564549],[-70.5464021233895,-33.3937858135598],[-70.5462843767045,-33.3937298674901],[-70.5462505827227,-33.39371381095],[-70.5461389492342,-33.3936607691672],[-70.5460687085376,-33.3936308733334],[-70.5459949282094,-33.3935869932839],[-70.5456024156732,-33.3940431144344],[-70.5455147410142,-33.3942007209123]]]},"properties":{"ZONA":"UC2/EAm1p","NOMBRE":"UC2/EAm1p Zona de Uso de Comercio N°2 e Instituciones Metropolitanas/ Edificación Aislada Media N"}},{"type":"Feature","geometry":{"type":"Polygon","coordinates":[[[-70.5384563524257,-33.3870420346333],[-70.5387953715827,-33.3874303286983],[-70.5394934491113,-33.3883093284384],[-70.5397068607801,-33.3885777059041],[-70.539862688876,-33.3887736664324],[-70.5402811464779,-33.3892491668462],[-70.5403662601255,-33.3893458818043],[-70.5405417467159,-33.3895595099398],[-70.5407859026856,-33.3898532461294],[-70.5414839602691,-33.3906965053024],[-70.5419309232093,-33.3912122514262],[-70.5421348872073,-33.3913986687994],[-70.5425317741303,-33.3917658309236],[-70.542640978805,-33.391870722095],[-70.5426979913349,-33.3919181008371],[-70.5431511587372,-33.3922946960881],[-70.5437081378655,-33.3927677252815],[-70.543954659738,-33.3929865672181],[-70.5440820007673,-33.3930996095516],[-70.5442512100635,-33.3932304905209],[-70.5443793855852,-33.3933298879695],[-70.5450359150888,-33.3938747486512],[-70.5453013639493,-33.3940861967917],[-70.5454049724563,-33.3941541043757],[-70.5455147410142,-33.3942007209123],[-70.5456024156732,-33.3940431144344],[-70.5459949282094,-33.3935869932839],[-70.5465237197725,-33.392946471899],[-70.5448665356954,-33.3915997284101],[-70.5441859328289,-33.3912991544976],[-70.5442494078541,-33.3911750400055],[-70.5443803618325,-33.3908458975307],[-70.544805160846,-33.3898877542769],[-70.5449329349675,-33.3895736062051],[-70.5449423793588,-33.3895503867963],[-70.5451700402192,-33.388990648123],[-70.5452495820961,-33.3887950750903],[-70.5448706598832,-33.3886680402242],[-70.5448374173226,-33.388656895081],[-70.5437564121691,-33.3913592624397],[-70.5425351894565,-33.3905775553639],[-70.5424920094874,-33.3906290963687],[-70.5420999206609,-33.3901716531241],[-70.5416119352581,-33.3895185420834],[-70.5413722631189,-33.3892351808481],[-70.541262830055,-33.3890784573522],[-70.5409448491357,-33.3887901030701],[-70.5408048447541,-33.3887142914545],[-70.540089328625,-33.3876583533446],[-70.5399876924304,-33.387540306974],[-70.5389715377012,-33.3867744308238],[-70.5385986968622,-33.386379324596],[-70.5385964907432,-33.3863789506264],[-70.5384990265425,-33.3863913330482],[-70.5384681496845,-33.3864028898302],[-70.5384263394825,-33.3864238946872],[-70.538373726042,-33.3864617952969],[-70.5383300571264,-33.3865033096473],[-70.5382931767166,-33.3865521891269],[-70.5382761424968,-33.3865933723615],[-70.5382702701883,-33.3866381427735],[-70.5382709453873,-33.3867495844315],[-70.5384012810352,-33.3869053472619],[-70.5384405403233,-33.3869744059658],[-70.5384563524257,-33.3870420346333]]]},"properties":{"ZONA":"UC2/EAa1","NOMBRE":"UC2/EAa1 Zona de Uso de Comercio N°2 e Instituciones Metropolitanas/ Edificación Aislada Alta Nº1"}},{"type":"Feature","geometry":{"type":"Polygon","coordinates":[[[-70.5503199715424,-33.397734746777],[-70.5510520228412,-33.3985302317023],[-70.5516848297527,-33.399208498226],[-70.5517085425047,-33.3991981793956],[-70.551782149217,-33.3993060676548],[-70.5518194630338,-33.3992927153083],[-70.5519440095602,-33.3994815718347],[-70.55198639149,-33.3994652935706],[-70.5522698455044,-33.3998554608981],[-70.5522919531416,-33.399850888776],[-70.5523602639491,-33.3999488206848],[-70.5524077406059,-33.3999310463898],[-70.5524778848697,-33.4000361132565],[-70.5525439554425,-33.4000080848861],[-70.5526212060647,-33.40012881171],[-70.5527362555631,-33.4000715356661],[-70.5528105781785,-33.4001235781786],[-70.5529103614216,-33.4002635883731],[-70.5529140971584,-33.4003136510015],[-70.554409096952,-33.4013543758476],[-70.5545139124101,-33.4015232059871],[-70.5549621533774,-33.4013471112511],[-70.5542678360669,-33.4008206762842],[-70.5536832020195,-33.400408604126],[-70.5536346671499,-33.4003732119852],[-70.5532495919043,-33.4000956516456],[-70.5530699553629,-33.3999661694401],[-70.5525511247367,-33.3994588074179],[-70.5519040230992,-33.3987693447719],[-70.5514447938241,-33.3982800447964],[-70.5509412211733,-33.3977536081856],[-70.5507479749187,-33.3975383175104],[-70.5503199715424,-33.397734746777]]]},"properties":{"ZONA":"UC2/EAb3","NOMBRE":"UC2/EAb3 Zona de Uso de Comercio N°2 e Instituciones Metropolitanas/ Edificación Aislada Baja Nº3"}},{"type":"Feature","geometry":{"type":"Polygon","coordinates":[[[-70.5310216419724,-33.3832239033709],[-70.5320493155934,-33.3842041565024],[-70.5318827586617,-33.3843511397721],[-70.5325915946804,-33.3850143114703],[-70.5331805787602,-33.3845584987395],[-70.5337303764858,-33.3841707353962],[-70.5338049262685,-33.3841714580278],[-70.5338420711866,-33.3841644189702],[-70.5338713134343,-33.3841541831156],[-70.5339844976213,-33.3840923300455],[-70.5341086686178,-33.3840159321319],[-70.5341577339394,-33.3839857438353],[-70.5342187350609,-33.3839482120596],[-70.5342370519793,-33.3839369423957],[-70.5342147958011,-33.3839194267022],[-70.5338042958315,-33.3835963564757],[-70.5336955775519,-33.3835107930948],[-70.5333921185768,-33.3832531969181],[-70.5333527086319,-33.3832197435341],[-70.5331644684012,-33.3830281933827],[-70.5331166800598,-33.3829782637539],[-70.5330071061957,-33.382863777934],[-70.5328115822908,-33.38265948832],[-70.5326660032896,-33.3825073823648],[-70.5326538019909,-33.3824946329426],[-70.5326114157685,-33.3824495866613],[-70.5323458570527,-33.3821673563027],[-70.5321339219685,-33.3819475416648],[-70.5321213436796,-33.3819344956219],[-70.5319523970925,-33.3817480749354],[-70.5316690803761,-33.3815024159972],[-70.5312208171904,-33.3810911794283],[-70.5309796937947,-33.3808699705425],[-70.5305619613297,-33.3804867334456],[-70.5303131269564,-33.3802584458431],[-70.5303057436627,-33.3802516719728],[-70.5301086600433,-33.3800708597066],[-70.5296654791232,-33.3796837503898],[-70.529447879984,-33.3794841255817],[-70.52938077397,-33.3794225613824],[-70.5291337820401,-33.3791647515994],[-70.5290722146658,-33.3791004864612],[-70.5287925437058,-33.3787703683344],[-70.5286972668488,-33.378657902857],[-70.5285095391949,-33.3784363097959],[-70.5283267275132,-33.3782195304145],[-70.5281610135527,-33.3780230231434],[-70.5281569324162,-33.3780184991875],[-70.5279108581966,-33.3777457290412],[-70.5276787185001,-33.3775345928009],[-70.5275387625781,-33.3774072988126],[-70.5273079994859,-33.3772222283621],[-70.5268546788038,-33.3769146226446],[-70.5267524492406,-33.376857489693],[-70.5265531152589,-33.3767460870087],[-70.5264935460572,-33.3767127954196],[-70.5264817898492,-33.3767062257057],[-70.5262926854039,-33.3766005389872],[-70.5258760365386,-33.3763676816045],[-70.5258658468034,-33.3763619863097],[-70.5257016750008,-33.3762811998879],[-70.5256925207973,-33.3762766949238],[-70.5254798038332,-33.376172017792],[-70.5251108208313,-33.3759935300563],[-70.5250677022861,-33.3759695474772],[-70.5246128554591,-33.3766040526573],[-70.5246765415642,-33.3766360924109],[-70.5264465393589,-33.3775614029976],[-70.5268303528622,-33.377878814431],[-70.5272776142374,-33.378273934081],[-70.5276716624263,-33.3787406659752],[-70.5283862863459,-33.3796424249409],[-70.5316842750171,-33.3826873018624],[-70.5313661537562,-33.3829449187303],[-70.531350843853,-33.382957316062],[-70.5310216419724,-33.3832239033709]]]},"properties":{"ZONA":"UC2/EAm1p","NOMBRE":"UC2/EAm1p Zona de Uso de Comercio N°2 e Instituciones Metropolitanas/ Edificación Aislada Media N"}},{"type":"Feature","geometry":{"type":"Polygon","coordinates":[[[-70.532203259648,-33.385313383794],[-70.5323041460639,-33.3852367647087],[-70.532405960616,-33.3851579723382],[-70.5323312278511,-33.3850871951437],[-70.5316812322094,-33.384471598059],[-70.5314644176973,-33.384633822877],[-70.532203259648,-33.385313383794]]]},"properties":{"ZONA":"UC2/EAm1p","NOMBRE":"UC2/EAm1p Zona de Uso de Comercio N°2 e Instituciones Metropolitanas/ Edificación Aislada Media N"}},{"type":"Feature","geometry":{"type":"Polygon","coordinates":[[[-70.5325915946804,-33.3850143114703],[-70.532405960616,-33.3851579723382],[-70.5323041460639,-33.3852367647087],[-70.532203259648,-33.385313383794],[-70.5321684963648,-33.3853397855223],[-70.5328506721565,-33.3860228539819],[-70.5328890370973,-33.3859927298127],[-70.5337699458235,-33.3852765824822],[-70.5338885328853,-33.3851801740251],[-70.5342528882366,-33.3848776007189],[-70.5352412514374,-33.3855153682094],[-70.5351794865691,-33.3855614694272],[-70.5358492679773,-33.3861469513151],[-70.536040140942,-33.3860003400015],[-70.5364694617625,-33.3864143114961],[-70.5364322095005,-33.3864383868759],[-70.5367619815695,-33.3867516624569],[-70.5366188799285,-33.3868631982529],[-70.5368592383873,-33.3871059953009],[-70.5370780716845,-33.3869338671915],[-70.5374667831872,-33.3873633322594],[-70.5379728217054,-33.3879941648285],[-70.538520106964,-33.3877368338557],[-70.5390329985053,-33.388383428786],[-70.5393692560238,-33.3888033580297],[-70.5394512856815,-33.3889904242659],[-70.5395905461995,-33.389157737724],[-70.5396869299034,-33.389115801496],[-70.5397061249479,-33.3891051108433],[-70.5397293093604,-33.3890850798047],[-70.5397670815526,-33.3891720501302],[-70.5397836503452,-33.3892102002805],[-70.5398741867458,-33.3893438945628],[-70.5400174095673,-33.3894990356444],[-70.5403178346735,-33.3898300216025],[-70.540280303875,-33.3898556951624],[-70.5403682335407,-33.3899739690803],[-70.540351006195,-33.3899791368185],[-70.5402737199158,-33.39002175729],[-70.5402477012114,-33.3900361058733],[-70.5403259519061,-33.3901337745121],[-70.5403405724724,-33.3901520232502],[-70.5401409192823,-33.390265194012],[-70.5400961136278,-33.390290590765],[-70.5407564228282,-33.3910710450688],[-70.54096139802,-33.3909786066166],[-70.5411755391376,-33.3908632127891],[-70.5414297754672,-33.3907262126643],[-70.5414839602691,-33.3906965053024],[-70.5407859026856,-33.3898532461294],[-70.5405417467159,-33.3895595099398],[-70.5403662601255,-33.3893458818043],[-70.5402811464779,-33.3892491668462],[-70.539862688876,-33.3887736664324],[-70.5397068607801,-33.3885777059041],[-70.5394934491113,-33.3883093284384],[-70.5387953715827,-33.3874303286983],[-70.5384563524257,-33.3870420346333],[-70.5383751815711,-33.3869911745684],[-70.5382991065851,-33.3869292107964],[-70.5381628726775,-33.3867631541778],[-70.5379729800234,-33.3865069008378],[-70.5377767636252,-33.3862990341863],[-70.537687978018,-33.3861929059882],[-70.5376040002118,-33.3860695613004],[-70.5374882696129,-33.3860302496104],[-70.5373952766315,-33.3859756411533],[-70.5372118879313,-33.3858685409623],[-70.537100931962,-33.3858098664958],[-70.5369848622534,-33.385751255268],[-70.5368251176732,-33.3856803190206],[-70.536655225315,-33.3856137956386],[-70.5365599803543,-33.3855763739793],[-70.5364929609381,-33.3855450338622],[-70.5364153818564,-33.3854945239005],[-70.5363193073072,-33.3854099327866],[-70.5356948026053,-33.3851808888669],[-70.5353059037703,-33.3850058834216],[-70.5350292462965,-33.3848750427133],[-70.5347031711803,-33.3846968646343],[-70.5345608663058,-33.384621842558],[-70.5343779267423,-33.3845198171466],[-70.5338511884213,-33.3842367088817],[-70.5337303764858,-33.3841707353962],[-70.5331805787602,-33.3845584987395],[-70.5325915946804,-33.3850143114703]]]},"properties":{"ZONA":"UC2/EAb3","NOMBRE":"UC2/EAb3 Zona de Uso de Comercio N°2 e Instituciones Metropolitanas/ Edificación Aislada Baja Nº3"}},{"type":"Feature","geometry":{"type":"Polygon","coordinates":[[[-70.5482327278155,-33.4073287379638],[-70.5482183736907,-33.4074793345447],[-70.5464506390966,-33.4073493505452],[-70.546417420476,-33.4077375026203],[-70.5463924192628,-33.4079557179714],[-70.5463791469575,-33.4080212548],[-70.5460690302809,-33.4079953431811],[-70.5460047736354,-33.4083447408722],[-70.5459603307165,-33.4084870941753],[-70.5459217465258,-33.4085842648993],[-70.5484257856045,-33.4087696636482],[-70.5498044786704,-33.4088889765875],[-70.5505293088162,-33.4089423794556],[-70.5510252457787,-33.4089843388477],[-70.5515822201505,-33.4090224836356],[-70.5519408184145,-33.4089843298632],[-70.5518425685265,-33.4084636925356],[-70.5518219458938,-33.4084073839653],[-70.5525869150792,-33.4084461488662],[-70.5526881067007,-33.4084482488644],[-70.5524017483985,-33.407921024621],[-70.5517222449316,-33.4081778917714],[-70.5517012115432,-33.4081314915],[-70.5514739507046,-33.4077290628649],[-70.5494264287317,-33.4075771063601],[-70.5494534953635,-33.4073439905353],[-70.5494153450698,-33.407229546397],[-70.5493848251283,-33.4071532516],[-70.5493314154769,-33.4070807707148],[-70.5492703766778,-33.4070235487585],[-70.5492017087416,-33.4069777718056],[-70.5491254105603,-33.4069472546742],[-70.5490643718332,-33.4069205511449],[-70.5489422953808,-33.4068976634185],[-70.5487973291696,-33.4068900347463],[-70.5486447334111,-33.406920553729],[-70.548499767587,-33.4069701469617],[-70.5483853220738,-33.4070655174547],[-70.5483090244759,-33.4071608869749],[-70.5482632468072,-33.407256257006],[-70.5482327278155,-33.4073287379638]]]},"properties":{"ZONA":"UC1/EAm1p","NOMBRE":"UC1/EAm1p Zona de Uso de Comercio N°1 e Instituciones Comunal/ Edificación Aislada Media N°1 Prim"}},{"type":"Feature","geometry":{"type":"Polygon","coordinates":[[[-70.544150784535,-33.406462807429],[-70.5442560511057,-33.4065313677621],[-70.5443446185491,-33.4065934225386],[-70.5444332131258,-33.4066569424155],[-70.5445006821122,-33.4067133815059],[-70.544536315191,-33.4067496575108],[-70.544630697871,-33.406843947495],[-70.5446699040285,-33.4068845844979],[-70.5447096046973,-33.4069235117375],[-70.5448226858263,-33.4070120818739],[-70.5448820374917,-33.4070844068907],[-70.5449681065252,-33.407229455171],[-70.5450058512483,-33.4073111804457],[-70.5450517063067,-33.4074415081181],[-70.5450899890684,-33.4075536685572],[-70.545113320863,-33.407641655381],[-70.5451464913312,-33.4078598701195],[-70.5451579743213,-33.4079175463924],[-70.5451738124227,-33.4080103864977],[-70.5451791471091,-33.4080965547936],[-70.5451768094294,-33.4081796225091],[-70.5451744728236,-33.4082626902101],[-70.5451532685522,-33.4083555777803],[-70.5451208122847,-33.4084581858393],[-70.5450806846258,-33.4085576941949],[-70.5450102120237,-33.4086639691918],[-70.544924395528,-33.4087640456579],[-70.5448421617355,-33.4088513045685],[-70.5447448667321,-33.4089483322254],[-70.5446096681849,-33.4090554121312],[-70.544481688425,-33.4091400442871],[-70.544364848618,-33.4092085712949],[-70.5442402231289,-33.4092676102757],[-70.5441153725258,-33.4093138781544],[-70.544018349753,-33.4093390452876],[-70.5439024239546,-33.4093623345932],[-70.5438591269312,-33.4093686994247],[-70.5439416586048,-33.4094968998625],[-70.544256384906,-33.4097998648746],[-70.5442661857367,-33.4098092988443],[-70.5443094824284,-33.4098516886955],[-70.5444767238426,-33.4097522519162],[-70.5448280190722,-33.4095388514721],[-70.5450255235723,-33.40941326585],[-70.5452527593463,-33.4092314752211],[-70.5454737072523,-33.4089839032548],[-70.5456134684747,-33.4087788627289],[-70.5457073990185,-33.4085700435377],[-70.5459217465258,-33.4085842648993],[-70.5459603307165,-33.4084870941753],[-70.5460047736354,-33.4083447408722],[-70.5460690302809,-33.4079953431811],[-70.5463791469575,-33.4080212548],[-70.5463924192628,-33.4079557179714],[-70.546417420476,-33.4077375026203],[-70.5464506390966,-33.4073493505452],[-70.5456968355094,-33.4073156274323],[-70.545519373644,-33.4069120112718],[-70.5453266739194,-33.4066338018035],[-70.5450763542171,-33.4063792157548],[-70.5447353315972,-33.4061114418428],[-70.5445233124067,-33.4059952524584],[-70.5444346697383,-33.405947266673],[-70.5444025623587,-33.4060660674416],[-70.5443415254179,-33.4061690663298],[-70.544150784535,-33.406462807429]]]},"properties":{"ZONA":"UC1/EAm2","NOMBRE":"UC1/EAm2 Zona de Uso de Comercio N°1 e Instituciones Comunal/ Edificación Aislada Media N°2"}},{"type":"Feature","geometry":{"type":"Polygon","coordinates":[[[-70.5611738748005,-33.4050585891542],[-70.5612949173496,-33.4055509698937],[-70.5613279308918,-33.4056615788392],[-70.5613593348334,-33.405813712789],[-70.5613783375146,-33.4059274344739],[-70.561386108452,-33.4059739422585],[-70.561408244894,-33.4061422456925],[-70.5614021272116,-33.4063349975718],[-70.561385314219,-33.4064636609157],[-70.5613502334748,-33.4066407154649],[-70.5613199985043,-33.406781690188],[-70.5612634568624,-33.4069229238561],[-70.561440255561,-33.4070191809893],[-70.561539874276,-33.4070857963015],[-70.5618874813616,-33.4072584622456],[-70.5622790674768,-33.4073965520817],[-70.5623087566167,-33.4072346585096],[-70.5623821781677,-33.4072516299979],[-70.5623663448655,-33.4068757742086],[-70.562366413881,-33.4068230577531],[-70.5624019290117,-33.4068230297937],[-70.5623161315313,-33.404973056513],[-70.5611738748005,-33.4050585891542]]]},"properties":{"ZONA":"UEe5/Ee5","NOMBRE":"UEe5/Ee5 Zona Especial 5 Uso de Interés Patrimonial/ Edificación Espacial N°5 Áreas de Interé"}},{"type":"Feature","geometry":{"type":"Polygon","coordinates":[[[-70.5855394521585,-33.4156007156119],[-70.5853466098766,-33.4160328761262],[-70.5853239380646,-33.4160836843172],[-70.5853132753307,-33.4161075786932],[-70.5851537657442,-33.4164650354663],[-70.5851208303754,-33.4165390565002],[-70.5851150361502,-33.4165520773743],[-70.5850033590162,-33.4168030664012],[-70.5850015984525,-33.4168070245321],[-70.5847566211016,-33.4173575919732],[-70.585977389042,-33.4176665814481],[-70.5872439356353,-33.4179297952118],[-70.5888614555756,-33.4182616717836],[-70.589944888017,-33.4184791073554],[-70.5904769925336,-33.4185827006176],[-70.5906133723332,-33.4181101680561],[-70.5900778964111,-33.4180021778928],[-70.5901290653563,-33.4178186973669],[-70.5905765750257,-33.4179064428048],[-70.5905927516637,-33.4178417051309],[-70.5906760178445,-33.4175084753653],[-70.590590350667,-33.4174916779463],[-70.5907152458762,-33.4170277914541],[-70.5907211530048,-33.4170058514959],[-70.5901063435474,-33.4168732566372],[-70.5900596141525,-33.4168631779483],[-70.5902242274929,-33.416247783157],[-70.5894903240066,-33.4160914009899],[-70.5878723525769,-33.4157617354503],[-70.5868533076667,-33.4155540908525],[-70.5868185519717,-33.4156416280402],[-70.5867299425273,-33.4158644709915],[-70.5867118559193,-33.4159099558203],[-70.5855394521585,-33.4156007156119]]]},"properties":{"ZONA":"UV2/EAa1","NOMBRE":"UV2/EAa1 Zona de Uso de Vivienda Nâ°2 Equipamiento (Media Intensidad)/ Edificación Aislada Alta N"}},{"type":"Feature","geometry":{"type":"Polygon","coordinates":[[[-70.5844392311726,-33.4180809874442],[-70.5842787830238,-33.4184434567029],[-70.5842575242391,-33.4184914843144],[-70.5842173773618,-33.4185821802699],[-70.5842009923193,-33.4186191936678],[-70.5848503404881,-33.4188211725035],[-70.584845893535,-33.4188326511357],[-70.5848136483905,-33.4189158935957],[-70.5848921529817,-33.4189375103694],[-70.5854018063557,-33.4190778485147],[-70.5853828770601,-33.4191241393455],[-70.5853732610973,-33.4191476578013],[-70.5859542829904,-33.4192472254027],[-70.5859601630812,-33.4192282792088],[-70.5860416407096,-33.4189657388527],[-70.5860832260989,-33.4189738151044],[-70.586894443826,-33.4191433614886],[-70.5868121331541,-33.4194183809522],[-70.5872183411582,-33.4194980082816],[-70.5872614255046,-33.4193567293074],[-70.5875246373159,-33.4194112603133],[-70.5875832801994,-33.4192180327146],[-70.5876386113832,-33.4192283178486],[-70.5878168610769,-33.4192632719723],[-70.5877503035294,-33.4194836174068],[-70.587814182766,-33.419494509086],[-70.588473440181,-33.4196148046847],[-70.5885738935471,-33.4192644962326],[-70.5896596114462,-33.4194671849745],[-70.5895695147291,-33.4197821049829],[-70.5900026230593,-33.4198697284588],[-70.5900423883141,-33.4197356346182],[-70.5901038864325,-33.4195282501249],[-70.5901538557557,-33.4193597438044],[-70.5900346664,-33.4193281293397],[-70.5901375374743,-33.4189774820942],[-70.5901879775114,-33.4189868710452],[-70.5903525281351,-33.4190139446359],[-70.5904769925336,-33.4185827006176],[-70.589944888017,-33.4184791073554],[-70.5888614555756,-33.4182616717836],[-70.5872439356353,-33.4179297952118],[-70.585977389042,-33.4176665814481],[-70.5847566211016,-33.4173575919732],[-70.5847312912399,-33.4174211824371],[-70.5844392311726,-33.4180809874442]]]},"properties":{"ZONA":"UV2/EAb2","NOMBRE":"UV2/EAb2 Zona de Uso de Vivienda Nâ°2 Equipamiento (Media Intensidad)/  Edificación Aislada Baja"}},{"type":"Feature","geometry":{"type":"Polygon","coordinates":[[[-70.6011222493562,-33.4085635776179],[-70.6020293678794,-33.4095423924594],[-70.6022747408232,-33.4097059153325],[-70.6031697033434,-33.4111174187634],[-70.6031819459515,-33.4111367276049],[-70.6033898228801,-33.4114645759746],[-70.6052472265381,-33.4109961190243],[-70.6053278030828,-33.4119733842794],[-70.6054227628678,-33.4134229141156],[-70.605437967414,-33.4144912024254],[-70.6056927443851,-33.4148320751883],[-70.6061706085317,-33.4153577119614],[-70.6066484784955,-33.4158833466779],[-70.6067797251509,-33.4160290453653],[-70.6069053397446,-33.4161643167872],[-70.6074480219466,-33.4161052910106],[-70.607770892846,-33.4160742926533],[-70.607266486155,-33.4149352567497],[-70.606838184249,-33.4133510389064],[-70.6065810258195,-33.4123998222806],[-70.6064687816201,-33.4121054139208],[-70.6064613614443,-33.4120859509756],[-70.6054600877522,-33.4092833028179],[-70.6054594137808,-33.4092830824743],[-70.6047173049537,-33.4090398036844],[-70.6045009038554,-33.4089688615763],[-70.6044286508715,-33.4089451750817],[-70.6041187222543,-33.4088435710443],[-70.60372552771,-33.4087146691498],[-70.6033800997487,-33.4086014249372],[-70.6032183573197,-33.4085483987789],[-70.6027575185921,-33.408399018808],[-70.6019606240066,-33.4082079648692],[-70.6018628966129,-33.4081950067487],[-70.6015444643863,-33.4081527856464],[-70.6012908825412,-33.4081379360898],[-70.6012912067266,-33.4081512646898],[-70.6012809415026,-33.4082435209404],[-70.6012628236267,-33.408340127122],[-70.6012462960054,-33.4083808321356],[-70.601244750948,-33.4083840626266],[-70.6012323241477,-33.4084100417844],[-70.6012126658485,-33.4084456827992],[-70.6011941574661,-33.4084749609242],[-70.601175425589,-33.4085013776915],[-70.601156568084,-33.408525343978],[-70.6011222493562,-33.4085635776179]]]},"properties":{"ZONA":"UEe4/Ee4","NOMBRE":"UEe4/Ee4 Zona Especial 5 Uso de Interés Patrimonial/ Edificación Espacial N°5 Áreas de Interé"}},{"type":"Feature","geometry":{"type":"Polygon","coordinates":[[[-70.5604776046385,-33.4074809171888],[-70.5608258839294,-33.4074688300191],[-70.5611864006319,-33.4074642932287],[-70.5612744223499,-33.4074057152689],[-70.5613121418667,-33.4073594032999],[-70.5613275738756,-33.4073241552183],[-70.5613354686652,-33.4072536054578],[-70.5612171117154,-33.4071223154657],[-70.5612634568624,-33.4069229238561],[-70.5610393912029,-33.4068019690237],[-70.5610113585758,-33.4067844228547],[-70.5608648351429,-33.4066985467751],[-70.5605179201031,-33.4064952560083],[-70.5602638602706,-33.4063570279256],[-70.5601778395099,-33.4063159287124],[-70.5601068744885,-33.4062820235024],[-70.5599978592086,-33.4062452653482],[-70.5598071133219,-33.406474156337],[-70.5597155567794,-33.4066076742306],[-70.559555332848,-33.4069433736031],[-70.5595440900578,-33.4072388551317],[-70.559539590725,-33.4073467688863],[-70.5595485230405,-33.4074868774208],[-70.5595518016527,-33.4075367533814],[-70.5598814128089,-33.4075135195597],[-70.5604214263146,-33.407482866636],[-70.5604262997449,-33.4074826971095],[-70.5604776046385,-33.4074809171888]]]},"properties":{"ZONA":"UC2/EAa+cm","NOMBRE":"UC2/EAa+cm Zona de Uso de Comercio N°2 e Instituciones Metropolitanas/ Edificación Aislada Alta co"}},{"type":"Feature","geometry":{"type":"Polygon","coordinates":[[[-70.5601778395099,-33.4063159287124],[-70.5602638602706,-33.4063570279256],[-70.5605179201031,-33.4064952560083],[-70.5608648351429,-33.4066985467751],[-70.5610113585758,-33.4067844228547],[-70.5610393912029,-33.4068019690237],[-70.5612634568624,-33.4069229238561],[-70.5613199985043,-33.406781690188],[-70.5613502334748,-33.4066407154649],[-70.561385314219,-33.4064636609157],[-70.5614021272116,-33.4063349975718],[-70.561408244894,-33.4061422456925],[-70.561386108452,-33.4059739422585],[-70.5613783375146,-33.4059274344739],[-70.5607805030224,-33.4060516585711],[-70.5605517821529,-33.4058617367684],[-70.5601778395099,-33.4063159287124]]]},"properties":{"ZONA":"UC2/EAm1p","NOMBRE":"UC2/EAm1p Zona de Uso de Comercio N°2 e Instituciones Metropolitanas/ Edificación Aislada Media N"}},{"type":"Feature","geometry":{"type":"Polygon","coordinates":[[[-70.5623663448655,-33.4068757742086],[-70.5623821781677,-33.4072516299979],[-70.5624133748587,-33.4072508077871],[-70.5627542717185,-33.4072418248762],[-70.5626566171374,-33.4075515304836],[-70.5628863793087,-33.4076218034782],[-70.5633768416335,-33.4077450378284],[-70.5633429830149,-33.4078386206748],[-70.5631866361154,-33.4082716343409],[-70.5631086151855,-33.4084959351792],[-70.5644897383487,-33.4088465385854],[-70.564549166142,-33.4089025890434],[-70.5647183253991,-33.4090621353925],[-70.5647456478006,-33.4090879045579],[-70.5648053975975,-33.4091542760467],[-70.5648356029058,-33.4091821398825],[-70.5649154735066,-33.4091284509893],[-70.56503124275,-33.4090506293789],[-70.5652788165029,-33.4088947934156],[-70.5658224817328,-33.4086551638291],[-70.5662491565725,-33.4084916954228],[-70.5704900109883,-33.4096669207111],[-70.570461247961,-33.409725683781],[-70.5703369085708,-33.410047461249],[-70.5702024066438,-33.4103366862199],[-70.5701882401301,-33.4103671503702],[-70.5717891411767,-33.4108387834258],[-70.5739459233681,-33.411474138584],[-70.5739301190771,-33.411516219819],[-70.5739048114176,-33.4115836029025],[-70.574746495991,-33.4118566866352],[-70.5755931981576,-33.4121313899679],[-70.5756354402999,-33.4120354871128],[-70.5781627399892,-33.4127780242522],[-70.57825345906,-33.4127991761178],[-70.579211145688,-33.4130224611258],[-70.5804978782781,-33.4134223754165],[-70.580892273658,-33.4135948893657],[-70.5830556276618,-33.4144654208523],[-70.5828558401337,-33.4148814629931],[-70.5825999655588,-33.41541429916],[-70.5825668570855,-33.4154998031036],[-70.583011180916,-33.4156495985936],[-70.5830803441478,-33.4156729149307],[-70.5834555072922,-33.4157993924292],[-70.5836468684481,-33.415866939279],[-70.5837724688509,-33.4156533542143],[-70.5837817304572,-33.415582122192],[-70.5838009645118,-33.415517129822],[-70.5838575333638,-33.4153850074368],[-70.5839387006115,-33.4152335294248],[-70.5840120042706,-33.4151124843041],[-70.5840250416858,-33.4150397331382],[-70.584039978315,-33.4149981370598],[-70.5840897413054,-33.4148996400505],[-70.5841351585912,-33.4148087234856],[-70.5841567122443,-33.4147614000616],[-70.5841629566442,-33.414734972123],[-70.5841599643986,-33.4146936104326],[-70.5841588709805,-33.414633402168],[-70.5841801511954,-33.4145710250961],[-70.5842124942869,-33.414494050209],[-70.5841561465758,-33.4145456193038],[-70.5841159404535,-33.4145710867562],[-70.5840676981286,-33.4145848354994],[-70.584011426198,-33.4145868726545],[-70.5839486324076,-33.4145745356596],[-70.5833729900138,-33.4143447085948],[-70.5832561344161,-33.4143127735591],[-70.5832288582653,-33.4143055255255],[-70.5832080385643,-33.4143050265191],[-70.5831890400255,-33.4143052690246],[-70.583170124238,-33.4143100710814],[-70.5831117127711,-33.4143486263325],[-70.5831314037666,-33.4142788737119],[-70.5832790259814,-33.4139734008094],[-70.5832860577312,-33.4139459040964],[-70.583290427021,-33.4139100028418],[-70.5832773044411,-33.4138785499973],[-70.5832516254512,-33.4138472520204],[-70.5832040029688,-33.4137825016669],[-70.5830006671049,-33.4136985941477],[-70.5830556017579,-33.4135866896836],[-70.5830705223562,-33.413592787788],[-70.5831424165374,-33.4135668088974],[-70.5831727447327,-33.4135558287626],[-70.5831894091728,-33.4135467951464],[-70.5832132897784,-33.4135288403926],[-70.5832308828531,-33.4135127298933],[-70.5832545350423,-33.4134833165473],[-70.5833705057472,-33.4133221182775],[-70.583426950695,-33.4132428635728],[-70.5834413411734,-33.4132250308294],[-70.5834568900781,-33.4132115969066],[-70.583474547233,-33.413199022577],[-70.5834964261428,-33.413187271839],[-70.5835173176688,-33.4131781760976],[-70.583543448447,-33.4131689674695],[-70.5826736494789,-33.4127951199446],[-70.5821548208219,-33.4125280878812],[-70.5806593749854,-33.4116545103117],[-70.5793623029999,-33.4108686727154],[-70.5790571095678,-33.4106664909567],[-70.5789274046173,-33.4107847493878],[-70.5788587369765,-33.4108953794757],[-70.5788284138549,-33.4109700231451],[-70.5747844844826,-33.4097920227127],[-70.5739424179304,-33.4095359325972],[-70.5732716695111,-33.4093319386353],[-70.5723250114011,-33.4090440247469],[-70.5709304585189,-33.4086531765979],[-70.5688272357397,-33.4080534548804],[-70.5687704170646,-33.4078819987408],[-70.5687572904413,-33.4078535645568],[-70.5674415412364,-33.4081569994309],[-70.5674552461299,-33.4081230702076],[-70.5675821015328,-33.4078124942839],[-70.5675330175891,-33.407800651968],[-70.5674464897679,-33.4077801362752],[-70.5671433792252,-33.4077082697119],[-70.567112787128,-33.4077040234223],[-70.5670714211974,-33.4079169683274],[-70.5667834626468,-33.4078719981825],[-70.5661566916683,-33.4077340939179],[-70.5662085194129,-33.4075918516943],[-70.5659872519407,-33.4075308153641],[-70.5659033245032,-33.4074926680532],[-70.5658499150436,-33.4074316317145],[-70.5654379011024,-33.4068174528436],[-70.5646825540893,-33.4071340855066],[-70.5648504125248,-33.4074354534156],[-70.5640864104551,-33.4072475939421],[-70.5640685863627,-33.4072432111558],[-70.5639195760147,-33.4072065702871],[-70.562874292318,-33.4069395418661],[-70.5627598461563,-33.4069319129691],[-70.562760363314,-33.4069681732733],[-70.5624202171483,-33.4068884078198],[-70.5623663448655,-33.4068757742086]],[[-70.5727850599408,-33.4103049435133],[-70.5731916630288,-33.4094861089367],[-70.5732156832976,-33.4094398228982],[-70.5738283342348,-33.409663797834],[-70.5734187114842,-33.4104906801629],[-70.5727850599408,-33.4103049435133]]]},"properties":{"ZONA":"UC2/EAa+cm","NOMBRE":"UC2/EAa+cm Zona de Uso de Comercio N°2 e Instituciones Metropolitanas/ Edificación Aislada Alta co"}},{"type":"Feature","geometry":{"type":"Polygon","coordinates":[[[-70.5629216596806,-33.4090186448565],[-70.5632840269558,-33.4092268761417],[-70.5635420818117,-33.409338157986],[-70.5639945670651,-33.4097859869778],[-70.5637593746326,-33.4099570326876],[-70.5644536910864,-33.4106093569786],[-70.5646139167369,-33.4106894670301],[-70.5647665135564,-33.4107352433799],[-70.565186152964,-33.4108420544938],[-70.5653387468245,-33.4108802032659],[-70.5655809003627,-33.4109427509033],[-70.5658250941839,-33.4100534835453],[-70.5652645812079,-33.4099087584921],[-70.5652388058303,-33.4098921029118],[-70.5646520543634,-33.4093123287757],[-70.5647512112482,-33.4092388681585],[-70.5648334364497,-33.4091835957355],[-70.5648356029058,-33.4091821398825],[-70.5648053975975,-33.4091542760467],[-70.5647456478006,-33.4090879045579],[-70.5647183253991,-33.4090621353925],[-70.564549166142,-33.4089025890434],[-70.5644897383487,-33.4088465385854],[-70.5631086151855,-33.4084959351792],[-70.5629845860882,-33.4088524986391],[-70.5629384398099,-33.4089812395239],[-70.5629216596806,-33.4090186448565]]]},"properties":{"ZONA":"UC2/EAm2","NOMBRE":"UC2/EAm2 Zona de Uso de Comercio N°2 e Instituciones Metropolitanas/ Edificación Aislada Media Nº"}},{"type":"Feature","geometry":{"type":"Polygon","coordinates":[[[-70.5652388058303,-33.4098921029118],[-70.5652645812079,-33.4099087584921],[-70.5658250941839,-33.4100534835453],[-70.5655809003627,-33.4109427509033],[-70.5662784268974,-33.4111229165693],[-70.5662704209234,-33.4111574131086],[-70.5662675068408,-33.4111764652956],[-70.5662637156864,-33.4112054831165],[-70.5662700446627,-33.4113142900918],[-70.5660027156756,-33.4122808064152],[-70.5659832810118,-33.4123499490828],[-70.5662109700014,-33.4123878069558],[-70.5668418300923,-33.4125167357962],[-70.5670191084398,-33.4120742925987],[-70.5670144553225,-33.412061476656],[-70.5670139602183,-33.4120466647089],[-70.567015531996,-33.412032694224],[-70.5671188805283,-33.4116364502098],[-70.5671271502649,-33.4116149179087],[-70.5671400974695,-33.4116005538901],[-70.5671602387102,-33.4115847525236],[-70.5671808922085,-33.4115704101785],[-70.5682533272368,-33.4109107023813],[-70.5691572204632,-33.4103612885281],[-70.5694206835427,-33.4102011453958],[-70.569170298938,-33.410120061962],[-70.5679886178316,-33.4106481301981],[-70.5677631973813,-33.4107488648174],[-70.5677749608658,-33.4107701908503],[-70.5675182963958,-33.4108951277192],[-70.5672701689656,-33.4105451153207],[-70.5666443523438,-33.4103931502097],[-70.5666731115083,-33.4103155124288],[-70.5666803492084,-33.4102959718355],[-70.5667116199768,-33.4102017300286],[-70.5661519462328,-33.4100653089297],[-70.5661934217155,-33.4099167014604],[-70.5653721799114,-33.4097132948084],[-70.5652388058303,-33.4098921029118]]]},"properties":{"ZONA":"UC2/EAa+cm","NOMBRE":"UC2/EAa+cm Zona de Uso de Comercio N°2 e Instituciones Metropolitanas/ Edificación Aislada Alta co"}},{"type":"Feature","geometry":{"type":"Polygon","coordinates":[[[-70.5652445224009,-33.4121414233992],[-70.5653241566854,-33.4121545007546],[-70.5654868918527,-33.4121872247834],[-70.5660027156756,-33.4122808064152],[-70.5662700446627,-33.4113142900918],[-70.5662637156864,-33.4112054831165],[-70.5662675068408,-33.4111764652956],[-70.5662704209234,-33.4111574131086],[-70.5662784268974,-33.4111229165693],[-70.5655809003627,-33.4109427509033],[-70.5652445224009,-33.4121414233992]]]},"properties":{"ZONA":"UC2/EAm2","NOMBRE":"UC2/EAm2 Zona de Uso de Comercio N°2 e Instituciones Metropolitanas/ Edificación Aislada Media Nº"}},{"type":"Feature","geometry":{"type":"Polygon","coordinates":[[[-70.5540925623512,-33.4254641983812],[-70.5538789178052,-33.4242243941595],[-70.5538636580328,-33.4241595425095],[-70.5537101034882,-33.4233070666695],[-70.5536573717025,-33.4229850561818],[-70.553552970217,-33.4231960069411],[-70.5535391594759,-33.4232169945289],[-70.5535269629551,-33.4232290426474],[-70.5535111672793,-33.4232381615653],[-70.5534969847229,-33.4232383392239],[-70.5534240070424,-33.4233831003385],[-70.5534188661044,-33.4233932987654],[-70.5532304524428,-33.423767040241],[-70.5530860625276,-33.4241035033854],[-70.5528683951543,-33.4245475848195],[-70.5526327840513,-33.4249885311598],[-70.5525605338348,-33.4251237474616],[-70.5524903049204,-33.4252849133543],[-70.5540925623512,-33.4254641983812]]]},"properties":{"ZONA":"UC1/EAm4","NOMBRE":"UC1/EAm4 Zona de Uso de Comercio N°1 e Instituciones Comunal/ Edificación Aislada Media N°4"}},{"type":"Feature","geometry":{"type":"Polygon","coordinates":[[[-70.5693215102132,-33.4121428715619],[-70.5689705421107,-33.4123641319352],[-70.5680854904745,-33.4129058364534],[-70.5674903697508,-33.4132644303195],[-70.5669257684714,-33.4136230236331],[-70.5671012555822,-33.4138213911001],[-70.5671470348649,-33.4138824275733],[-70.5671775548704,-33.4139549082365],[-70.567169924962,-33.4140273893388],[-70.5671622961186,-33.4140998704267],[-70.5671165178179,-33.4141647223414],[-70.5667350297048,-33.4143592788768],[-70.5664985071253,-33.4144699086098],[-70.5664374699916,-33.4145042425034],[-70.5663916917996,-33.4145843533573],[-70.5663459137115,-33.4146873520913],[-70.5662162101468,-33.414992536239],[-70.5664145847116,-33.4150535714062],[-70.5669105220824,-33.4152023449048],[-70.567688763819,-33.4154464870791],[-70.5681541817904,-33.4155914458913],[-70.5683525568773,-33.4156524815068],[-70.5686958981574,-33.4157592935125],[-70.5689095334214,-33.4158279578043],[-70.5693576872849,-33.4159596830171],[-70.5701684519805,-33.4161979849834],[-70.5705957206453,-33.4163391291652],[-70.5708169855451,-33.4164077945056],[-70.5709627671248,-33.4164495900875],[-70.5713892220843,-33.41657945523],[-70.5720148662824,-33.4167701921237],[-70.5722835584283,-33.4168492155674],[-70.5726633989083,-33.4169609268815],[-70.5727909535061,-33.4169986360787],[-70.5733043032145,-33.4171516629716],[-70.5734034914618,-33.4172050689904],[-70.5742580305905,-33.4174606548491],[-70.5744640354969,-33.4175216900963],[-70.5751049391525,-33.4177162405432],[-70.575223612551,-33.417752322136],[-70.5752350089555,-33.4177557865645],[-70.5756695450774,-33.4178879023399],[-70.5762036322531,-33.4180443051306],[-70.5764630458623,-33.4181549323073],[-70.5765805592489,-33.418220599616],[-70.5767224592008,-33.4182998929469],[-70.5769895042467,-33.418490630868],[-70.5772107697427,-33.4186889982653],[-70.5773862569337,-33.4188797362136],[-70.5776304127271,-33.4192383250315],[-70.5780042771702,-33.4197418744692],[-70.5784239205329,-33.4203255340874],[-70.5784468101862,-33.4203598671539],[-70.5787138560543,-33.4207184553839],[-70.5789198622941,-33.4209397121814],[-70.5792250563485,-33.4211991151713],[-70.5793929125236,-33.4213021133349],[-70.5799880300855,-33.4206116339685],[-70.5803262838714,-33.4201842103097],[-70.580407664315,-33.4200813762179],[-70.5806518143836,-33.4197533026725],[-70.5809112245439,-33.4193908967612],[-70.5810943365955,-33.4191353048657],[-70.5811553745063,-33.4190551935834],[-70.5812774493395,-33.4188263056846],[-70.5814247691464,-33.4188803865237],[-70.5819139649518,-33.4178820932008],[-70.5814758159351,-33.4177314586044],[-70.5825668570855,-33.4154998031036],[-70.5817504652554,-33.4152136999355],[-70.5809951136436,-33.414908521188],[-70.580232131066,-33.4145461211208],[-70.5797590821788,-33.4143286815688],[-70.5794538903504,-33.4142409430059],[-70.5792469634493,-33.4141719716435],[-70.5777639087945,-33.4163276421046],[-70.5774777911749,-33.4162322736636],[-70.5769589643656,-33.4160758706346],[-70.5763333193138,-33.4158851353407],[-70.5757153047053,-33.4156944000024],[-70.5751735889226,-33.4155303674024],[-70.5749408787392,-33.415461702773],[-70.5760508143998,-33.4131300890176],[-70.5752498638904,-33.4128714605229],[-70.5749472716634,-33.4127710735139],[-70.5748416682123,-33.412736038549],[-70.5744334737546,-33.4126006151915],[-70.574217228121,-33.4125346881663],[-70.5736247138779,-33.4123488443739],[-70.5727625453298,-33.4120627394699],[-70.5716257037041,-33.4117346759695],[-70.5709172488797,-33.4115329284195],[-70.5708608099494,-33.4115179024182],[-70.570812573147,-33.4115065458331],[-70.570695255204,-33.411495363293],[-70.5705863491061,-33.4114958558151],[-70.5705510114871,-33.4114999331815],[-70.5704816093663,-33.411511070395],[-70.5704132177226,-33.4115261322261],[-70.570352434794,-33.411545832371],[-70.5703139682246,-33.411561279146],[-70.570237657266,-33.4115986625683],[-70.5702022427928,-33.41161478403],[-70.5701594109437,-33.4116389915157],[-70.5700644588985,-33.4116938306087],[-70.5699687211979,-33.41175736433],[-70.5699242603735,-33.411784278045],[-70.5693215102132,-33.4121428715619]],[[-70.5696343445988,-33.4136802288659],[-70.5694893780367,-33.413600119106],[-70.5694525493031,-33.4135320657511],[-70.5694368652003,-33.4134616011547],[-70.56943163651,-33.4134172352841],[-70.5694342511732,-33.4133676485997],[-70.5694420914052,-33.4133154525955],[-70.569460388122,-33.413258036981],[-70.5694942914735,-33.4131770066119],[-70.5695334999817,-33.4131169806787],[-70.5695649455112,-33.4130805694425],[-70.5696495979523,-33.4129783077419],[-70.5698937491342,-33.4127837527943],[-70.5700060694605,-33.4127203086363],[-70.5700532877974,-33.412698107288],[-70.5701013669437,-33.4126804772929],[-70.5701843557799,-33.4126506218695],[-70.5703017514754,-33.4126180680772],[-70.5703718402616,-33.4126055992531],[-70.570402585783,-33.4126014186411],[-70.5704620948165,-33.4125968738395],[-70.5705158954206,-33.4125948137199],[-70.5705574464919,-33.4125925659823],[-70.5706157502728,-33.4126023693671],[-70.5707139729243,-33.4126308386108],[-70.5707979348018,-33.4126608907427],[-70.5708708097738,-33.4126941062084],[-70.5709314004967,-33.4127303396641],[-70.570945746038,-33.4127883395015],[-70.5709572090441,-33.4128341243022],[-70.5709640886855,-33.4128650290175],[-70.570969551475,-33.4129096344456],[-70.5709688041059,-33.4129605719102],[-70.5709653649983,-33.4130075023064],[-70.5709550475285,-33.4130727460748],[-70.5709401381641,-33.4131173831605],[-70.5709161447093,-33.413169039809],[-70.5708322182611,-33.4132872990722],[-70.5707101432549,-33.4133979283981],[-70.5705270284683,-33.4135238177239],[-70.570282876747,-33.4136382622624],[-70.5701531707889,-33.413672596112],[-70.5699700552559,-33.4137107451932],[-70.5697640518928,-33.4137145610018],[-70.5696343445988,-33.4136802288659]]]},"properties":{"ZONA":"UV1/EAb2","NOMBRE":"UV1/EAb2 Zona de Uso de Vivienda N°1 Equipamiento en (Baja Intensidad)/ Edificación Aislada Baja N"}},{"type":"Feature","geometry":{"type":"MultiPolygon","coordinates":[[[[-70.5771420223238,-33.4209655547849],[-70.5783376911419,-33.422607377448],[-70.5786649366643,-33.4226768385147],[-70.5788752826519,-33.4223597339709],[-70.5791900764,-33.4224583301315],[-70.5791886075844,-33.4223772201458],[-70.5793200633652,-33.4220939833815],[-70.5791769559302,-33.4220480830085],[-70.5788628115777,-33.4219852716771],[-70.5791673358321,-33.4218310683977],[-70.5792744532474,-33.4219323077168],[-70.579467767582,-33.4217652031085],[-70.5793836674512,-33.4216779875527],[-70.5796883979472,-33.4214898017383],[-70.5796692513689,-33.4214795842629],[-70.5795772443057,-33.4214316635467],[-70.5794607154418,-33.4213618751899],[-70.5793929125236,-33.4213021133349],[-70.5792250563485,-33.4211991151713],[-70.5789198622941,-33.4209397121814],[-70.5787138560543,-33.4207184553839],[-70.5784468101862,-33.4203598671539],[-70.5775541281086,-33.4207680544048],[-70.5771420223238,-33.4209655547849]]],[[[-70.5816639499659,-33.4189681879408],[-70.582077500587,-33.4191199994855],[-70.582213531156,-33.418846832673],[-70.5822184235603,-33.4188370069317],[-70.5822818465272,-33.4187096461103],[-70.5825786541657,-33.4181005481729],[-70.5819975482689,-33.4179108284197],[-70.5819139649518,-33.4178820932008],[-70.5814247691464,-33.4188803865237],[-70.5815167489758,-33.4189141518704],[-70.5816314296632,-33.4189562510546],[-70.5816639499659,-33.4189681879408]]]]},"properties":{"ZONA":"UV1/EAa1","NOMBRE":"UV1/EAa1 Zona de Uso de Vivienda N°1 Equipamiento en (baja intensidad)/ Edificación Aislada Alta N"}},{"type":"Feature","geometry":{"type":"Polygon","coordinates":[[[-70.5760058881576,-33.4194590481244],[-70.5760371677446,-33.4194909708401],[-70.5761579749545,-33.4196142622118],[-70.5771420223238,-33.4209655547849],[-70.5775541281086,-33.4207680544048],[-70.5784468101862,-33.4203598671539],[-70.5784239205329,-33.4203255340874],[-70.5780042771702,-33.4197418744692],[-70.5776304127271,-33.4192383250315],[-70.5773862569337,-33.4188797362136],[-70.5772107697427,-33.4186889982653],[-70.5769895042467,-33.418490630868],[-70.5767224592008,-33.4182998929469],[-70.5761749633748,-33.4190033967024],[-70.5762854994063,-33.4190580656984],[-70.5763319218457,-33.419107584709],[-70.5762927414554,-33.4191438740731],[-70.5763376635073,-33.4192048655383],[-70.5761937446303,-33.4193656108876],[-70.5760058881576,-33.4194590481244]]]},"properties":{"ZONA":"UV1/EAm4","NOMBRE":"UV1/EAm4 Zona de Uso de Vivienda N°1 Equipamiento en (baja Intensidad)/ Edificación Aislada Media"}},{"type":"Feature","geometry":{"type":"Polygon","coordinates":[[[-70.5819139649518,-33.4178820932008],[-70.5819975482689,-33.4179108284197],[-70.5830803441478,-33.4156729149307],[-70.583011180916,-33.4156495985936],[-70.5825668570855,-33.4154998031036],[-70.5814758159351,-33.4177314586044],[-70.5819139649518,-33.4178820932008]]]},"properties":{"ZONA":"UV1/EAm4","NOMBRE":"UV1/EAm4 Zona de Uso de Vivienda N°1 Equipamiento en (baja Intensidad)/ Edificación Aislada Media"}},{"type":"Feature","geometry":{"type":"Polygon","coordinates":[[[-70.5658365396351,-33.4162190110345],[-70.5664018300716,-33.4163756840003],[-70.5676395611672,-33.4167363826986],[-70.5683959813553,-33.4169724466607],[-70.5690949962251,-33.4171831328487],[-70.5709047215085,-33.4177642688378],[-70.5721301388886,-33.4181330808931],[-70.572919399368,-33.4183810629647],[-70.5736705669769,-33.4186062665628],[-70.573804881516,-33.418302543429],[-70.5743071067667,-33.418460812472],[-70.5741811766683,-33.4187593469167],[-70.5741826331605,-33.4187597838604],[-70.5746869859021,-33.4189137748154],[-70.575223612551,-33.417752322136],[-70.5751049391525,-33.4177162405432],[-70.5744640354969,-33.4175216900963],[-70.5742580305905,-33.4174606548491],[-70.5734034914618,-33.4172050689904],[-70.5733043032145,-33.4171516629716],[-70.5727909535061,-33.4169986360787],[-70.5726633989083,-33.4169609268815],[-70.5722835584283,-33.4168492155674],[-70.5720148662824,-33.4167701921237],[-70.5713892220843,-33.41657945523],[-70.5709627671248,-33.4164495900875],[-70.5708169855451,-33.4164077945056],[-70.5705957206453,-33.4163391291652],[-70.5701684519805,-33.4161979849834],[-70.5693576872849,-33.4159596830171],[-70.5689095334214,-33.4158279578043],[-70.5686958981574,-33.4157592935125],[-70.5683525568773,-33.4156524815068],[-70.5681541817904,-33.4155914458913],[-70.567688763819,-33.4154464870791],[-70.5669105220824,-33.4152023449048],[-70.5664145847116,-33.4150535714062],[-70.5662162101468,-33.414992536239],[-70.5658365396351,-33.4162190110345]]]},"properties":{"ZONA":"UV1/EAm4","NOMBRE":"UV1/EAm4 Zona de Uso de Vivienda N°1 Equipamiento en (baja Intensidad)/ Edificación Aislada Media"}},{"type":"Feature","geometry":{"type":"Polygon","coordinates":[[[-70.5793929125236,-33.4213021133349],[-70.5794607154418,-33.4213618751899],[-70.5795772443057,-33.4214316635467],[-70.5796692513689,-33.4214795842629],[-70.5796883979472,-33.4214898017383],[-70.5797211592042,-33.4215072832718],[-70.5812882361571,-33.4193958077793],[-70.5815167489758,-33.4189141518704],[-70.5814247691464,-33.4188803865237],[-70.5812774493395,-33.4188263056846],[-70.5811553745063,-33.4190551935834],[-70.5810943365955,-33.4191353048657],[-70.5809112245439,-33.4193908967612],[-70.5806518143836,-33.4197533026725],[-70.580407664315,-33.4200813762179],[-70.5803262838714,-33.4201842103097],[-70.5799880300855,-33.4206116339685],[-70.5793929125236,-33.4213021133349]]]},"properties":{"ZONA":"UV1/EAm4","NOMBRE":"UV1/EAm4 Zona de Uso de Vivienda N°1 Equipamiento en (baja Intensidad)/ Edificación Aislada Media"}},{"type":"Feature","geometry":{"type":"Polygon","coordinates":[[[-70.5686728330682,-33.4113920319018],[-70.5672004296755,-33.4122954760195],[-70.5668418300923,-33.4125167357962],[-70.5669098240936,-33.4125951255199],[-70.5665661578845,-33.4137829925936],[-70.5662162101468,-33.414992536239],[-70.5663459137115,-33.4146873520913],[-70.5663916917996,-33.4145843533573],[-70.5664374699916,-33.4145042425034],[-70.5664985071253,-33.4144699086098],[-70.5667350297048,-33.4143592788768],[-70.5671165178179,-33.4141647223414],[-70.5671622961186,-33.4140998704267],[-70.567169924962,-33.4140273893388],[-70.5671775548704,-33.4139549082365],[-70.5671470348649,-33.4138824275733],[-70.5671012555822,-33.4138213911001],[-70.5669257684714,-33.4136230236331],[-70.5674903697508,-33.4132644303195],[-70.5680854904745,-33.4129058364534],[-70.5689705421107,-33.4123641319352],[-70.5693215102132,-33.4121428715619],[-70.5686733010527,-33.411391744608],[-70.5686728330682,-33.4113920319018]]]},"properties":{"ZONA":"UV1/EAm2","NOMBRE":"UV1/EAm2 Zona de Uso de Vivienda N°1 Equipamiento en (baja Intensidad)/ Edificación Aislada Media"}},{"type":"Feature","geometry":{"type":"Polygon","coordinates":[[[-70.5832440466306,-33.4177148862942],[-70.5838491942173,-33.4179002529203],[-70.5841932262063,-33.4171919463608],[-70.5847566211016,-33.4173575919732],[-70.5850015984525,-33.4168070245321],[-70.5842380847735,-33.4165762964469],[-70.5845346378051,-33.4158845705901],[-70.5845407277891,-33.4158703645513],[-70.5841533098868,-33.4157679312446],[-70.5840007812533,-33.4161523589913],[-70.5837914229045,-33.4165747555741],[-70.5836035574084,-33.416933216453],[-70.5835712042411,-33.4170090594958],[-70.583479444836,-33.4172341445566],[-70.5832440466306,-33.4177148862942]]]},"properties":{"ZONA":"UVO/EAa1","NOMBRE":"UVO/EAa1 Zona de Uso de Vivienda y Equipamiento de Oficina/ Edificación Aislada Alta N°1"}},{"type":"Feature","geometry":{"type":"Polygon","coordinates":[[[-70.5838491942173,-33.4179002529203],[-70.5844392311726,-33.4180809874442],[-70.5847312912399,-33.4174211824371],[-70.5847566211016,-33.4173575919732],[-70.5841932262063,-33.4171919463608],[-70.5838491942173,-33.4179002529203]]]},"properties":{"ZONA":"UVO/EAm4","NOMBRE":"UVO/EAm4 Zona de Uso de Vivienda y Equipamiento de Oficina/ Edificación Aislada Media N°4"}},{"type":"Feature","geometry":{"type":"Polygon","coordinates":[[[-70.5920747774933,-33.4134107767638],[-70.5920655654996,-33.4134544728035],[-70.5920651101944,-33.4134566295354],[-70.5920070548769,-33.4137319975187],[-70.5918995436778,-33.4142419338183],[-70.5918918347635,-33.4142784923311],[-70.591817059209,-33.4146331589236],[-70.591780102185,-33.4147914722862],[-70.5918850665576,-33.4147977718536],[-70.5919185748468,-33.4148043436661],[-70.5920022837786,-33.4148172685002],[-70.5920399646344,-33.4148237858206],[-70.5921150080657,-33.4148193225129],[-70.5921275247102,-33.4148191627449],[-70.5921897981555,-33.4148008622558],[-70.5922143225669,-33.4147725462178],[-70.5922431440626,-33.4147511759916],[-70.5922712044366,-33.4146878150609],[-70.5922870015183,-33.4146386117148],[-70.5923480784809,-33.4143263205147],[-70.5924257723188,-33.4139816662591],[-70.59257733706,-33.4133084107118],[-70.592581481985,-33.4132900005457],[-70.5925867738301,-33.4132590761557],[-70.5925861954593,-33.4132332269377],[-70.5925808053621,-33.4132066395701],[-70.592573552935,-33.4131873665858],[-70.5925544344671,-33.4131562830547],[-70.5925404971638,-33.4131411081842],[-70.5925172322504,-33.4131230490451],[-70.5923787450756,-33.4130582812069],[-70.5921561912879,-33.4130448455698],[-70.592114077022,-33.4132243751936],[-70.5920747774933,-33.4134107767638]]]},"properties":{"ZONA":"AV","NOMBRE":"AV Zona de Áreas Verdes"}},{"type":"Feature","geometry":{"type":"Polygon","coordinates":[[[-70.5476669814988,-33.3910576386045],[-70.5474095937638,-33.3915398071429],[-70.5471465312813,-33.3920720426951],[-70.5469489304562,-33.3924314101593],[-70.5465237197725,-33.392946471899],[-70.5459949282094,-33.3935869932839],[-70.5460687085376,-33.3936308733334],[-70.5461389492342,-33.3936607691672],[-70.5462505827227,-33.39371381095],[-70.5462843767045,-33.3937298674901],[-70.5464021233895,-33.3937858135598],[-70.5470355600547,-33.3930521061405],[-70.5473176930174,-33.3927015497225],[-70.5476269344548,-33.3921070377641],[-70.5477011541422,-33.3921350352083],[-70.5481793205616,-33.3912431317489],[-70.5484176212626,-33.39081975791],[-70.5484569217392,-33.3908340920666],[-70.5490748753462,-33.3910594707437],[-70.5491581295332,-33.3910883086897],[-70.549333989257,-33.3907493331938],[-70.5494519656865,-33.3905219266958],[-70.5487727705256,-33.3902648440675],[-70.5487650598493,-33.3902619254287],[-70.5483082919605,-33.3900890308382],[-70.5482171452369,-33.3903000170284],[-70.5481425161518,-33.3904727669329],[-70.5480556010422,-33.3906899238752],[-70.5479022123096,-33.3908685010034],[-70.5478289373161,-33.3909506790417],[-70.5477828005176,-33.3910023362833],[-70.5477332749406,-33.3910797673728],[-70.5476669814988,-33.3910576386045]]]},"properties":{"ZONA":"UV2/EAm2","NOMBRE":"UV2/EAm2 Zona de Uso de Vivienda Nâ°2 Equipamiento (Media Intensidad)/ Edificación Aislada Media"}},{"type":"Feature","geometry":{"type":"Polygon","coordinates":[[[-70.5727850599408,-33.4103049435133],[-70.5734187114842,-33.4104906801629],[-70.5738283342348,-33.409663797834],[-70.5732156832976,-33.4094398228982],[-70.5731916630288,-33.4094861089367],[-70.5727850599408,-33.4103049435133]]]},"properties":{"ZONA":"UEe5/Ee5","NOMBRE":"UEe5/Ee5 Zona Especial 5 Uso de Interés Patrimonial/ Edificación Espacial N°5 Áreas de Interé"}},{"type":"Feature","geometry":{"type":"Polygon","coordinates":[[[-70.5696954887136,-33.4258112523532],[-70.5702299176481,-33.4258594051385],[-70.5702400077761,-33.4257585714095],[-70.5702830530589,-33.4254266301561],[-70.5694820243375,-33.4253636716571],[-70.5694527534883,-33.4257839920246],[-70.5696954887136,-33.4258112523532]]]},"properties":{"ZONA":"UEe5/Ee5","NOMBRE":"UEe5/Ee5 Zona Especial 5 Uso de Interés Patrimonial/ Edificación Espacial N°5 Áreas de Interé"}},{"type":"Feature","geometry":{"type":"Polygon","coordinates":[[[-70.5792469634493,-33.4141719716435],[-70.5786756489789,-33.413981542816],[-70.577790937869,-33.4136914081312],[-70.5777036859089,-33.4136626390734],[-70.5769207916244,-33.4134169632924],[-70.5763485566624,-33.4132262286256],[-70.5760508143998,-33.4131300890176],[-70.5749408787392,-33.415461702773],[-70.5751735889226,-33.4155303674024],[-70.5757153047053,-33.4156944000024],[-70.5763333193138,-33.4158851353407],[-70.5769589643656,-33.4160758706346],[-70.5774777911749,-33.4162322736636],[-70.5777639087945,-33.4163276421046],[-70.5792469634493,-33.4141719716435]]]},"properties":{"ZONA":"UEe2/Ee2","NOMBRE":"UEe2/Ee2 Zona Especial 2 Equipamiento Recreacional Deportivo/ Edificación Especial N°2, Equipamien"}},{"type":"Feature","geometry":{"type":"Polygon","coordinates":[[[-70.5918918347635,-33.4142784923311],[-70.5918995436778,-33.4142419338183],[-70.5920070548769,-33.4137319975187],[-70.5920651101944,-33.4134566295354],[-70.5920655654996,-33.4134544728035],[-70.5920747774933,-33.4134107767638],[-70.5914410138532,-33.413326050303],[-70.5912392070295,-33.4134932811535],[-70.5911390871044,-33.4136198374322],[-70.5910901444516,-33.4139783838567],[-70.5911644012614,-33.4141715450625],[-70.5918918347635,-33.4142784923311]]]},"properties":{"ZONA":"UEe5/Ee5","NOMBRE":"UEe5/Ee5 Zona Especial 5 Uso de Interés Patrimonial/ Edificación Espacial N°5 Áreas de Interé"}},{"type":"Feature","geometry":{"type":"Polygon","coordinates":[[[-70.5907211530048,-33.4170058514959],[-70.5914530108122,-33.4171636863605],[-70.59154638065,-33.416843881944],[-70.591615236909,-33.416604331073],[-70.5916217379121,-33.4165817115834],[-70.5916315303959,-33.4165476415865],[-70.5905006741578,-33.4163066880828],[-70.5902719000593,-33.4162579407826],[-70.5902242274929,-33.416247783157],[-70.5900596141525,-33.4168631779483],[-70.5901063435474,-33.4168732566372],[-70.5907211530048,-33.4170058514959]]]},"properties":{"ZONA":"UEe5/Ee5","NOMBRE":"UEe5/Ee5 Zona Especial 5 Uso de Interés Patrimonial/ Edificación Espacial N°5 Áreas de Interé"}},{"type":"Feature","geometry":{"type":"Polygon","coordinates":[[[-70.5908334211524,-33.415582469425],[-70.5917433187268,-33.4157712617927],[-70.5918579629576,-33.4152436915677],[-70.5909006121447,-33.4150727166193],[-70.5908249275616,-33.415059199325],[-70.5906962730127,-33.4155540123089],[-70.5907246102592,-33.4155598923122],[-70.5908334211524,-33.415582469425]]]},"properties":{"ZONA":"UEe5/Ee5","NOMBRE":"UEe5/Ee5 Zona Especial 5 Uso de Interés Patrimonial/ Edificación Espacial N°5 Áreas de Interé"}},{"type":"Feature","geometry":{"type":"Polygon","coordinates":[[[-70.5854117804971,-33.4201444228028],[-70.5854069353471,-33.4201596122034],[-70.5849459958776,-33.4215997123656],[-70.5844202853134,-33.421436627751],[-70.5841300430583,-33.4221344879622],[-70.5841119192907,-33.4221780663984],[-70.5860990825127,-33.4226329668644],[-70.5861875515412,-33.4226079744978],[-70.5867701477848,-33.4227409642026],[-70.5867989956168,-33.422699785061],[-70.587060860092,-33.4222595787213],[-70.5869613042949,-33.422201164465],[-70.5869222188335,-33.4221728174699],[-70.5865777249218,-33.4219617134391],[-70.5867759172206,-33.4217116174293],[-70.5873967375014,-33.4210355584498],[-70.587499237625,-33.4208045822031],[-70.5875577615515,-33.4205847446822],[-70.5870097013807,-33.4204855394971],[-70.5871359617109,-33.4200207777036],[-70.5866695865284,-33.4199226962965],[-70.5865959757924,-33.4199146033821],[-70.5861568513608,-33.4198253368041],[-70.5860979758737,-33.4198133684153],[-70.5859937288981,-33.4201628090558],[-70.5854691348312,-33.4200554941694],[-70.5854415838879,-33.4200509872593],[-70.5854117804971,-33.4201444228028]]]},"properties":{"ZONA":"UEe1/Ee1","NOMBRE":"UEe1/Ee1 Zona Especial 1 Equipamientos Intercomunales y Comunal/ Edificación Especial N°1, Equipam"}},{"type":"Feature","geometry":{"type":"Polygon","coordinates":[[[-70.5325987260813,-33.417272286679],[-70.5335790188314,-33.4173338902666],[-70.5335948350051,-33.4172741293714],[-70.5336859649977,-33.4169896622718],[-70.5326654424345,-33.4168900440293],[-70.5325987260813,-33.417272286679]]]},"properties":{"ZONA":"UEe5/Ee5","NOMBRE":"UEe5/Ee5 Zona Especial 5 Uso de Interés Patrimonial/ Edificación Espacial N°5 Áreas de Interé"}},{"type":"Feature","geometry":{"type":"Polygon","coordinates":[[[-70.5379513366715,-33.4194108235071],[-70.540350354493,-33.4198159667093],[-70.5404450359016,-33.4193685438915],[-70.5405404479152,-33.4188662732558],[-70.540658017946,-33.418316132263],[-70.5409936979941,-33.4167016034963],[-70.5410038360775,-33.4166590032019],[-70.5404037376039,-33.4165878002868],[-70.5392383451894,-33.4164202512356],[-70.5390060862107,-33.4163866906119],[-70.5390023726785,-33.4164831677268],[-70.5389686630365,-33.4165569901442],[-70.5386316168386,-33.4172989026586],[-70.5386101884027,-33.4173511717648],[-70.5386045918247,-33.4173648230272],[-70.5384666852945,-33.4177012024036],[-70.5382301665097,-33.4182848658686],[-70.5381386118721,-33.4185671606339],[-70.5380699449215,-33.4187922333109],[-70.5379926886952,-33.4191666358641],[-70.5379913888275,-33.419172936963],[-70.5379707618601,-33.4192728974725],[-70.5379513366715,-33.4194108235071]]]},"properties":{"ZONA":"UEe5/Ee5","NOMBRE":"UEe5/Ee5 Zona Especial 5 Uso de Interés Patrimonial/ Edificación Espacial N°5 Áreas de Interé"}},{"type":"Feature","geometry":{"type":"Polygon","coordinates":[[[-70.5007163972482,-33.3690161759734],[-70.5014581207266,-33.3686274391475],[-70.5014828408846,-33.3685821606909],[-70.5014924511465,-33.3685477692055],[-70.5015065237283,-33.3685032860241],[-70.5014733355806,-33.3684276137202],[-70.5012487942739,-33.3681665570497],[-70.5010108471183,-33.3680518690935],[-70.5007011802341,-33.3685569392668],[-70.5007747089144,-33.368588780573],[-70.5005372612954,-33.3689346779149],[-70.5006779160941,-33.3690042848423],[-70.5006858038837,-33.3690060761671],[-70.5006962016833,-33.3690087597472],[-70.5007051509314,-33.3690113995142],[-70.5007115101755,-33.3690136836976],[-70.5007163972482,-33.3690161759734]]]},"properties":{"ZONA":"UC1/EAm1","NOMBRE":"UC1/EAm1 Zona de Uso de Comercio N°1 e Instituciones Comunal/ Edificación Aislada Media N°1"}},{"type":"Feature","geometry":{"type":"Polygon","coordinates":[[[-70.5392132327924,-33.4287672985662],[-70.5406000310295,-33.4289253269765],[-70.5415967394663,-33.4290388949104],[-70.5435778377065,-33.4292769108364],[-70.5469391614547,-33.4296806762311],[-70.5469788970886,-33.429685449111],[-70.547442636343,-33.4297411463395],[-70.551528961315,-33.4301787687634],[-70.5516345517106,-33.4301900066658],[-70.5516369375625,-33.4301902608932],[-70.5520308675116,-33.4302321873302],[-70.5528264420319,-33.4303168588016],[-70.5530602793528,-33.4303417441502],[-70.5530648535603,-33.4303421540166],[-70.5532086655082,-33.4303550501378],[-70.5546120245853,-33.4304808864593],[-70.5546124473908,-33.430447658134],[-70.5546047778925,-33.430409081418],[-70.5545656439954,-33.4303719840749],[-70.554534033188,-33.4303559640944],[-70.5544867026525,-33.4303368584543],[-70.5544216692244,-33.4303130488364],[-70.5543705708145,-33.4303021980636],[-70.5543060056554,-33.4302980742757],[-70.5541394778838,-33.430317299219],[-70.5539425127198,-33.4302988971532],[-70.5537104124347,-33.4302642391664],[-70.55343797423,-33.4302008681305],[-70.553328108439,-33.4301813730277],[-70.5527537097274,-33.4301325776669],[-70.5522067029702,-33.4300757909248],[-70.5516225857278,-33.4300128068923],[-70.5515154305826,-33.4300057992653],[-70.5508709195706,-33.4299344045498],[-70.5503128805025,-33.4298764523319],[-70.5499195016422,-33.4298365958625],[-70.5498847916882,-33.4298330787108],[-70.5497492620373,-33.4298193465105],[-70.549186662616,-33.429760534423],[-70.5480486282537,-33.4296443857885],[-70.5475636370975,-33.4295873615843],[-70.5474623240866,-33.429571746074],[-70.5468378825175,-33.4295022144897],[-70.5463087225904,-33.429441255929],[-70.5457678800434,-33.4293788137944],[-70.5452348128114,-33.4293162723982],[-70.5446998608351,-33.4292570096398],[-70.5441580509742,-33.4291937572205],[-70.5436249771494,-33.4291312089419],[-70.5433151420303,-33.4290945580541],[-70.5417365573364,-33.4289078138959],[-70.5415940837156,-33.4288896732783],[-70.5396734049841,-33.4286753693924],[-70.5391794331684,-33.4286207098718],[-70.5392132327924,-33.4287672985662]]]},"properties":{"ZONA":"AV","NOMBRE":"AV Zona de Áreas Verdes"}},{"type":"Feature","geometry":{"type":"Polygon","coordinates":[[[-70.591574441214,-33.4182329666308],[-70.5915629518016,-33.4182737698812],[-70.5914219918466,-33.4187743850114],[-70.5920278248415,-33.4188987219139],[-70.5931875550212,-33.419135231571],[-70.5944312127277,-33.4193984441753],[-70.5944894070332,-33.4193219938893],[-70.594962042372,-33.4194296329818],[-70.5955291066265,-33.4189303213314],[-70.5955626125651,-33.4189635279493],[-70.5970639503682,-33.420451408933],[-70.5971334598387,-33.4203946269155],[-70.5983655683498,-33.4195187477169],[-70.5983635295735,-33.4194204123474],[-70.5982155866558,-33.4193831620113],[-70.5987124497029,-33.4181008740806],[-70.5987130770618,-33.4180992526057],[-70.597869845448,-33.4178419306389],[-70.5954575422408,-33.4173067233361],[-70.59382754997,-33.4170012140778],[-70.592147726819,-33.4166496824463],[-70.5920674019243,-33.4169544647386],[-70.5921212398874,-33.4169658916509],[-70.5921510095266,-33.4169722101626],[-70.5917750452992,-33.4182704662912],[-70.591574441214,-33.4182329666308]]]},"properties":{"ZONA":"UV2/EAa1","NOMBRE":"UV2/EAa1 Zona de Uso de Vivienda Nâ°2 Equipamiento (Media Intensidad)/ Edificación Aislada Alta N"}},{"type":"Feature","geometry":{"type":"Polygon","coordinates":[[[-70.5915899434151,-33.4203850082569],[-70.5915933805741,-33.4203734007691],[-70.5916310194858,-33.4202434867217],[-70.5921390274987,-33.4203447331481],[-70.5921523984162,-33.4202957738224],[-70.5921938431781,-33.4203033294461],[-70.5924133651577,-33.4203463676953],[-70.5923707380743,-33.4205159051602],[-70.5924312533043,-33.4205269620815],[-70.5927789391874,-33.4206016660821],[-70.5928316236401,-33.4204143755917],[-70.5933249496226,-33.4205043126485],[-70.593262811726,-33.4207506959969],[-70.5933233195762,-33.4207612754998],[-70.5935671858206,-33.4208030628037],[-70.5935448728731,-33.420880723639],[-70.5942762236997,-33.4210422451593],[-70.5945087354087,-33.4210335644859],[-70.5946360920166,-33.4210736848195],[-70.5949648116099,-33.4210852786613],[-70.5937637183685,-33.4202367079398],[-70.5937741038932,-33.4202170496739],[-70.5937944319821,-33.4201914521883],[-70.5937979242518,-33.4201870550364],[-70.5940005528694,-33.4199319099545],[-70.5944312127277,-33.4193984441753],[-70.5931875550212,-33.419135231571],[-70.5920278248415,-33.4188987219139],[-70.5914219918466,-33.4187743850114],[-70.5912925492674,-33.4192340890708],[-70.5913579301346,-33.4192474622557],[-70.5913944780624,-33.4192550277811],[-70.5912983904007,-33.4195939525115],[-70.5913559245191,-33.4196054053507],[-70.5913866351799,-33.4196112060231],[-70.5912355548071,-33.420126863564],[-70.5912891008064,-33.4201375108495],[-70.5912424968036,-33.4203124144322],[-70.5915899434151,-33.4203850082569]]]},"properties":{"ZONA":"UV2/EAb2","NOMBRE":"UV2/EAb2 Zona de Uso de Vivienda Nâ°2 Equipamiento (Media Intensidad)/  Edificación Aislada Baja"}},{"type":"Feature","geometry":{"type":"Polygon","coordinates":[[[-70.5482327278155,-33.4073287379638],[-70.5482632468072,-33.407256257006],[-70.5483090244759,-33.4071608869749],[-70.5483853220738,-33.4070655174547],[-70.548499767587,-33.4069701469617],[-70.5486447334111,-33.406920553729],[-70.5487973291696,-33.4068900347463],[-70.5489422953808,-33.4068976634185],[-70.5490643718332,-33.4069205511449],[-70.5491254105603,-33.4069472546742],[-70.5492017087416,-33.4069777718056],[-70.5492703766778,-33.4070235487585],[-70.5493314154769,-33.4070807707148],[-70.5493848251283,-33.4071532516],[-70.5494153450698,-33.407229546397],[-70.5494534953635,-33.4073439905353],[-70.5496075143966,-33.4073318306258],[-70.5495619001802,-33.4069995807148],[-70.5495076929779,-33.406830841215],[-70.5492929285664,-33.4065925228889],[-70.5491046960536,-33.4064063685076],[-70.5489379599793,-33.4062322502221],[-70.548800092605,-33.4063464997285],[-70.5484091780738,-33.4059612457681],[-70.5484939014972,-33.4059083517709],[-70.5485769448456,-33.4058516792042],[-70.5482192961168,-33.4054859428379],[-70.5483340781701,-33.4054080055422],[-70.547965665465,-33.4050169796176],[-70.54806676355,-33.4049523902314],[-70.5477321467174,-33.4046024331268],[-70.5478283251525,-33.404528687523],[-70.5479645248681,-33.4044356199726],[-70.5476007384375,-33.4040599936705],[-70.5476197871635,-33.4040418976236],[-70.5476909843753,-33.4039908034707],[-70.5476089056417,-33.4039096023229],[-70.5475330616077,-33.4039642364348],[-70.5474414349471,-33.4038508446523],[-70.5467536907679,-33.4040526996126],[-70.5466358608323,-33.4043870365751],[-70.547341863032,-33.4048630589298],[-70.5473384505104,-33.4053247974115],[-70.5476070683186,-33.4053450533],[-70.5477496783562,-33.4053502706018],[-70.5477310626884,-33.4058303835824],[-70.5478898831928,-33.4058400790469],[-70.5480230915954,-33.4058479502331],[-70.5480146633333,-33.4063261693459],[-70.5481213237964,-33.4063334978154],[-70.5481030169047,-33.4068099282592],[-70.5481938935125,-33.4068157861195],[-70.5481116653165,-33.4073198082011],[-70.5482327278155,-33.4073287379638]]]},"properties":{"ZONA":"AV","NOMBRE":"AV Zona de Áreas Verdes"}},{"type":"Feature","geometry":{"type":"Polygon","coordinates":[[[-70.5611864006319,-33.4074642932287],[-70.5613236568623,-33.4074625657024],[-70.5616296452783,-33.4074706444595],[-70.5619569046454,-33.4074995956888],[-70.5625327812249,-33.4076352611966],[-70.5628066198363,-33.4077031862509],[-70.5628273555159,-33.4077083297666],[-70.5632362521572,-33.4078097548439],[-70.5633429830149,-33.4078386206748],[-70.5633768416335,-33.4077450378284],[-70.5628863793087,-33.4076218034782],[-70.5626566171374,-33.4075515304836],[-70.5627542717185,-33.4072418248762],[-70.5624133748587,-33.4072508077871],[-70.5623821781677,-33.4072516299979],[-70.5623087566167,-33.4072346585096],[-70.5622790674768,-33.4073965520817],[-70.5618874813616,-33.4072584622456],[-70.561539874276,-33.4070857963015],[-70.561440255561,-33.4070191809893],[-70.5612634568624,-33.4069229238561],[-70.5612171117154,-33.4071223154657],[-70.5613354686652,-33.4072536054578],[-70.5613275738756,-33.4073241552183],[-70.5613121418667,-33.4073594032999],[-70.5612744223499,-33.4074057152689],[-70.5611864006319,-33.4074642932287]]]},"properties":{"ZONA":"AV","NOMBRE":"AV Zona de Áreas Verdes"}},{"type":"Feature","geometry":{"type":"Polygon","coordinates":[[[-70.5519408184145,-33.4089843298632],[-70.5519706682498,-33.4091566303688],[-70.551973737253,-33.4091743457336],[-70.5519804983775,-33.4092133715458],[-70.5520247526449,-33.4094688107532],[-70.5520822736426,-33.4096618168026],[-70.552101054611,-33.4097244044686],[-70.5522138790787,-33.4096976498719],[-70.5522082586657,-33.4096462905727],[-70.5522022777237,-33.4095751492601],[-70.5521861731902,-33.4094645687925],[-70.5521847657258,-33.4093854547351],[-70.5521884244207,-33.4093260638072],[-70.5522007288672,-33.4092230433539],[-70.5522318804868,-33.4091197879541],[-70.5522956526538,-33.4089963369041],[-70.552295582312,-33.4089923831847],[-70.5523829861174,-33.4088725990748],[-70.5524385442936,-33.408816512311],[-70.5524940927393,-33.4087604265467],[-70.5526198160781,-33.4086757657921],[-70.552708416779,-33.4086232208236],[-70.5527781074614,-33.4085669570084],[-70.552810848411,-33.4085109419679],[-70.5528466345045,-33.4084515384364],[-70.5526881067007,-33.4084482488644],[-70.5525869150792,-33.4084461488662],[-70.5518219458938,-33.4084073839653],[-70.5518425685265,-33.4084636925356],[-70.5519408184145,-33.4089843298632]]]},"properties":{"ZONA":"AV","NOMBRE":"AV Zona de Áreas Verdes"}},{"type":"Feature","geometry":{"type":"Polygon","coordinates":[[[-70.5358724374331,-33.4038726159907],[-70.5365142267054,-33.4042246583277],[-70.5369599758133,-33.4044310307218],[-70.53723574957,-33.4039461365492],[-70.5372928980406,-33.4039603413624],[-70.5374361204484,-33.4038865167125],[-70.5377526198604,-33.4044003829987],[-70.5377962569938,-33.4044580339465],[-70.537891631923,-33.4044165587448],[-70.5380430232488,-33.4043507235228],[-70.5381838133191,-33.404398412792],[-70.5386275654749,-33.4035154212771],[-70.5387149891376,-33.403341460381],[-70.5385665571187,-33.4033940070061],[-70.5383684536591,-33.4034531351711],[-70.5382491924019,-33.4034659485037],[-70.5381137513832,-33.4034485384141],[-70.5378407104909,-33.4033719870777],[-70.5376127383359,-33.4032698231238],[-70.537468610441,-33.4031630392986],[-70.5366671125241,-33.4024797932916],[-70.5365133278141,-33.4024077346362],[-70.5366010780762,-33.4025380041091],[-70.5367947644766,-33.4028468750005],[-70.5368883757587,-33.4029982732446],[-70.5369181345281,-33.4030464024788],[-70.5364069661707,-33.4034586527387],[-70.5363785422906,-33.4034370519192],[-70.5363637140376,-33.4034257820607],[-70.5358724374331,-33.4038726159907]]]},"properties":{"ZONA":"UEe1/Ee1","NOMBRE":"UEe1/Ee1 Zona Especial 1 Equipamientos Intercomunales y Comunal/ Edificación Especial N°1, Equipam"}},{"type":"Feature","geometry":{"type":"Polygon","coordinates":[[[-70.5369599758133,-33.4044310307218],[-70.5371243767452,-33.4045071444835],[-70.5376151268695,-33.4047022527903],[-70.5383212774492,-33.4049657178916],[-70.5383413833188,-33.4049167668588],[-70.5385141439672,-33.4045641014132],[-70.5385217217291,-33.4045486317909],[-70.5385371629261,-33.4045181002456],[-70.5381838133191,-33.404398412792],[-70.5380430232488,-33.4043507235228],[-70.537891631923,-33.4044165587448],[-70.5377962569938,-33.4044580339465],[-70.5377526198604,-33.4044003829987],[-70.5374361204484,-33.4038865167125],[-70.5372928980406,-33.4039603413624],[-70.53723574957,-33.4039461365492],[-70.5369599758133,-33.4044310307218]]]},"properties":{"ZONA":"AV","NOMBRE":"AV Zona de Áreas Verdes"}},{"type":"Feature","geometry":{"type":"Polygon","coordinates":[[[-70.51014300438,-33.3996310228442],[-70.5101995013285,-33.399643832291],[-70.5102563545033,-33.3996567221496],[-70.5109763975705,-33.3998519804973],[-70.5105984041998,-33.3996817039291],[-70.5105165635114,-33.3996188851235],[-70.5103620405231,-33.3994732066462],[-70.5102554266302,-33.3993508709853],[-70.5101574007595,-33.3991765866245],[-70.5100437799624,-33.3991979123544],[-70.50935624935,-33.3993064289642],[-70.5093190375472,-33.3993168715349],[-70.5092971740337,-33.3993299736305],[-70.5092838748777,-33.3993472625618],[-70.5092808190559,-33.3993672794462],[-70.5092978411127,-33.3995162897801],[-70.5095901470037,-33.3995271792662],[-70.5097544771874,-33.399547746716],[-70.5098973837059,-33.3995730866681],[-70.51014300438,-33.3996310228442]]]},"properties":{"ZONA":"AV","NOMBRE":"AV Zona de Áreas Verdes"}},{"type":"Feature","geometry":{"type":"Polygon","coordinates":[[[-70.562431783926,-33.4094878218638],[-70.5625396699377,-33.4097560514956],[-70.562587312968,-33.4098448404286],[-70.5626254270851,-33.4099082614329],[-70.5626857734987,-33.4099907081406],[-70.5629021241499,-33.4102027603661],[-70.5631184758426,-33.410414811275],[-70.5636897260248,-33.4100067807956],[-70.5637593746326,-33.4099570326876],[-70.5639945670651,-33.4097859869778],[-70.5635420818117,-33.409338157986],[-70.5632840269558,-33.4092268761417],[-70.5629216596806,-33.4090186448565],[-70.5628524100155,-33.4091730150527],[-70.56270655464,-33.409353027521],[-70.5625478173631,-33.409439430025],[-70.562431783926,-33.4094878218638]]]},"properties":{"ZONA":"UVO/EAm2","NOMBRE":"UVO/EAm2 Zona de Uso de Vivienda y Equipamiento de Oficina/ Edificación Aislada Media N°2"}},{"type":"Feature","geometry":{"type":"Polygon","coordinates":[[[-70.5819975482689,-33.4179108284197],[-70.5825786541657,-33.4181005481729],[-70.5830307716719,-33.4171522519231],[-70.5831693851822,-33.4168614435752],[-70.5832028803854,-33.4167865293781],[-70.5835148965662,-33.4161402812757],[-70.5836468684481,-33.415866939279],[-70.5834555072922,-33.4157993924292],[-70.5830803441478,-33.4156729149307],[-70.5819975482689,-33.4179108284197]]]},"properties":{"ZONA":"UVO/EAa1","NOMBRE":"UVO/EAa1 Zona de Uso de Vivienda y Equipamiento de Oficina/ Edificación Aislada Alta N°1"}},{"type":"Feature","geometry":{"type":"Polygon","coordinates":[[[-70.5766230357522,-33.4247810749179],[-70.5768278989245,-33.4249288044045],[-70.5769141915076,-33.424991031714],[-70.5771336755767,-33.4247704181205],[-70.5769814100558,-33.4246620737615],[-70.577020570367,-33.4246201578437],[-70.5772577744956,-33.4243662590205],[-70.5774388571211,-33.4242303327663],[-70.5777829249355,-33.4238748773198],[-70.5777605111457,-33.4238668249603],[-70.5774287377115,-33.4237274760052],[-70.5772562611976,-33.423611594407],[-70.5770972020569,-33.4234704500116],[-70.5754558980013,-33.4211754739593],[-70.5750286710251,-33.4211609931486],[-70.5747768872596,-33.4211495500028],[-70.5740825762201,-33.4211190358506],[-70.5735414627075,-33.4210966278879],[-70.5748989799634,-33.4229768322916],[-70.5750820973389,-33.42321716247],[-70.5756314480521,-33.4239763018321],[-70.5758298250371,-33.4241975577827],[-70.5759671621135,-33.4243158160608],[-70.5763639138014,-33.424598107248],[-70.5764968884818,-33.4246901073497],[-70.5766230357522,-33.4247810749179]]]},"properties":{"ZONA":"UV1/EAa1","NOMBRE":"UV1/EAa1 Zona de Uso de Vivienda N°1 Equipamiento en (baja intensidad)/ Edificación Aislada Alta N"}},{"type":"Feature","geometry":{"type":"Polygon","coordinates":[[[-70.5654760080775,-33.4291258461549],[-70.5665749317485,-33.4291873549827],[-70.5671013870018,-33.4292140550101],[-70.5671955520848,-33.429218763021],[-70.5691620367778,-33.429317072758],[-70.5695429221685,-33.4293361133642],[-70.5701162873674,-33.429362569339],[-70.5702253331388,-33.4293678748352],[-70.5717222742628,-33.4294560998465],[-70.5737316788756,-33.4295726052749],[-70.5738099064673,-33.4295721671011],[-70.5739287150236,-33.4295788136211],[-70.573964527091,-33.4287824079941],[-70.5737854171361,-33.4287694816223],[-70.5737500142917,-33.4287669259888],[-70.5737572896713,-33.4283977580078],[-70.5737912148293,-33.4283987794255],[-70.5740062051861,-33.4284052567461],[-70.5740508098712,-33.4280016128198],[-70.5741509951739,-33.4271696040617],[-70.5742473911582,-33.4262517104288],[-70.5742932022369,-33.4262485658408],[-70.5743449917114,-33.4262376535366],[-70.5745252982542,-33.4261733528787],[-70.574819475396,-33.426073144818],[-70.5748439221333,-33.4260654113123],[-70.5750210829264,-33.4260324780427],[-70.5748292590129,-33.4257890182209],[-70.5757914231003,-33.4252528434745],[-70.5761203355409,-33.425061591174],[-70.5766230357522,-33.4247810749179],[-70.5764968884818,-33.4246901073497],[-70.5763639138014,-33.424598107248],[-70.5759671621135,-33.4243158160608],[-70.5758298250371,-33.4241975577827],[-70.5756314480521,-33.4239763018321],[-70.5750820973389,-33.42321716247],[-70.5748989799634,-33.4229768322916],[-70.5735414627075,-33.4210966278879],[-70.5734187849831,-33.4210923367953],[-70.5730144057194,-33.4210618202151],[-70.5725260980872,-33.4210122310898],[-70.5720988313664,-33.4209283105405],[-70.5717020795555,-33.4208329416013],[-70.5710306595211,-33.4206155010524],[-70.5710650401725,-33.4206749902506],[-70.5710653548073,-33.420692455853],[-70.5708914663726,-33.4213323097322],[-70.5708110339354,-33.4212616978726],[-70.5705576432665,-33.4210726414338],[-70.5705118335587,-33.4210465775156],[-70.5701608615558,-33.4207642842964],[-70.5701857214373,-33.4207112207891],[-70.5701999805936,-33.4206603711395],[-70.5702753034944,-33.4202912501882],[-70.5701990057445,-33.4202607328704],[-70.5697564765909,-33.4201272174593],[-70.5689782364985,-33.4198830756777],[-70.5680473990461,-33.4195969728579],[-70.5680282944151,-33.4196433048905],[-70.5677837877502,-33.4202362779418],[-70.5677274440723,-33.4203328533822],[-70.5676659566946,-33.4204197539116],[-70.5676024029452,-33.4202445742984],[-70.5673313049524,-33.4196546762425],[-70.5673191834208,-33.4196185789407],[-70.5673116778566,-33.4195750696754],[-70.5673124904873,-33.4195344728575],[-70.5673200156101,-33.4194818841766],[-70.5673454567162,-33.4193833483408],[-70.566445138634,-33.4191125044996],[-70.5663993604881,-33.4192040597324],[-70.5663841015598,-33.4192765406036],[-70.5663764733031,-33.4193566511918],[-70.5664069931697,-33.4194749095322],[-70.5667884903585,-33.4204247890543],[-70.5668113808609,-33.4205430471469],[-70.566826645188,-33.4207757489655],[-70.5659492182557,-33.4207872015564],[-70.565605876202,-33.420798645519],[-70.5653579083968,-33.4208043692509],[-70.5652231630603,-33.4208074794781],[-70.5651019704303,-33.4253567662022],[-70.5651481281371,-33.4253611320705],[-70.5653236130371,-33.4253763903728],[-70.565201544904,-33.4263644215918],[-70.564798948138,-33.4263295335525],[-70.5650330322375,-33.4272963435153],[-70.5652563879652,-33.428218820187],[-70.5653520263981,-33.4286138049111],[-70.5653560620967,-33.4286304705158],[-70.5654760080775,-33.4291258461549]],[[-70.5701308135975,-33.4273940334416],[-70.570386439871,-33.427430567786],[-70.5703686588143,-33.4274307929558],[-70.570443448616,-33.4274358115221],[-70.5705823065225,-33.4274430010192],[-70.5705574650384,-33.4277563601525],[-70.5704508533185,-33.4277491572773],[-70.5705347819167,-33.4278636004194],[-70.5705958210109,-33.428012376115],[-70.5706110819051,-33.4281573378142],[-70.5705805639822,-33.428275596811],[-70.5705118966616,-33.4283785964138],[-70.5704861779252,-33.4284025900578],[-70.570463314662,-33.4284180395621],[-70.5704303742654,-33.4284360408301],[-70.5703952202326,-33.4284516459729],[-70.5703607538698,-33.4284654224815],[-70.5703326991353,-33.4284736607461],[-70.5703031632021,-33.4284800987468],[-70.5702592855553,-33.4284869979171],[-70.5702332178427,-33.428488336261],[-70.5701990227149,-33.4284876139933],[-70.5701567978323,-33.4284837440535],[-70.57008367168,-33.4284744620034],[-70.5700437962345,-33.4284679875205],[-70.5699992820024,-33.4284607997784],[-70.5699528655919,-33.4284505319638],[-70.5699054815306,-33.4284379532383],[-70.5698636030686,-33.4284229762415],[-70.5697993252482,-33.4283966526373],[-70.5697172633758,-33.4283581501879],[-70.5696817864167,-33.4283392168828],[-70.5696192101669,-33.4282984917807],[-70.5694971330318,-33.4281993075206],[-70.5693903149324,-33.4280276429061],[-70.5693445349686,-33.4278674220999],[-70.5693521634535,-33.427730089606],[-70.5693826818847,-33.4276347196135],[-70.5694141947308,-33.42758754678],[-70.5694329770718,-33.4275704076592],[-70.5694633144074,-33.4275469013909],[-70.5694915941984,-33.4275269789219],[-70.5695283398191,-33.4275060555728],[-70.5695651229039,-33.4274869155817],[-70.5695998429921,-33.4274713549479],[-70.56963042035,-33.4274611856437],[-70.569662103805,-33.427453669979],[-70.569704409962,-33.4274469090601],[-70.5697467630704,-33.4274428160821],[-70.569780698279,-33.4274423865126],[-70.5698189053523,-33.4274436794846],[-70.5698581876304,-33.427445849853],[-70.5698921857923,-33.4274489763194],[-70.5699304580561,-33.4274538298043],[-70.5700128966188,-33.427466945029],[-70.5701159905599,-33.4275075122668],[-70.5701308135975,-33.4273940334416]],[[-70.5696954887136,-33.4258112523532],[-70.5694527534883,-33.4257839920246],[-70.5694820243375,-33.4253636716571],[-70.5702830530589,-33.4254266301561],[-70.5702400077761,-33.4257585714095],[-70.5702299176481,-33.4258594051385],[-70.5696954887136,-33.4258112523532]]]},"properties":{"ZONA":"UV1/EAb2","NOMBRE":"UV1/EAb2 Zona de Uso de Vivienda N°1 Equipamiento en (Baja Intensidad)/ Edificación Aislada Baja N"}},{"type":"Feature","geometry":{"type":"Polygon","coordinates":[[[-70.5652049385289,-33.4187239758015],[-70.5652515595383,-33.4187382940035],[-70.5653769655248,-33.4187768099264],[-70.5663517724133,-33.4190831626121],[-70.566445138634,-33.4191125044996],[-70.5673454567162,-33.4193833483408],[-70.5680473990461,-33.4195969728579],[-70.5689782364985,-33.4198830756777],[-70.5697564765909,-33.4201272174593],[-70.5701990057445,-33.4202607328704],[-70.5702753034944,-33.4202912501882],[-70.570488938713,-33.4203789890832],[-70.5710306595211,-33.4206155010524],[-70.5717020795555,-33.4208329416013],[-70.5720988313664,-33.4209283105405],[-70.5725260980872,-33.4210122310898],[-70.5730144057194,-33.4210618202151],[-70.5734187849831,-33.4210923367953],[-70.5735414627075,-33.4210966278879],[-70.5740825762201,-33.4211190358506],[-70.5747768872596,-33.4211495500028],[-70.5750286710251,-33.4211609931486],[-70.5754558980013,-33.4211754739593],[-70.5748838217711,-33.420404785995],[-70.5731045788008,-33.4198738523657],[-70.5724487524384,-33.4196487705928],[-70.5715599938091,-33.4193852741037],[-70.5694623551696,-33.4187623600388],[-70.5677727149004,-33.4182122067229],[-70.5669446958758,-33.417956704476],[-70.5658566671482,-33.4176445637615],[-70.5654380015118,-33.4175368522675],[-70.5654367119743,-33.4175414598301],[-70.5653890443801,-33.4176602399736],[-70.5653371064191,-33.4177772964612],[-70.5652653569737,-33.4177655779814],[-70.5652036098226,-33.4179715645651],[-70.5652049385289,-33.4187239758015]]]},"properties":{"ZONA":"UV1/EAm4","NOMBRE":"UV1/EAm4 Zona de Uso de Vivienda N°1 Equipamiento en (baja Intensidad)/ Edificación Aislada Media"}},{"type":"Feature","geometry":{"type":"MultiPolygon","coordinates":[[[[-70.573964527091,-33.4287824079941],[-70.5739287150236,-33.4295788136211],[-70.5738099064673,-33.4295721671011],[-70.5737316788756,-33.4295726052749],[-70.5717222742628,-33.4294560998465],[-70.5702253331388,-33.4293678748352],[-70.5701162873674,-33.429362569339],[-70.5695429221685,-33.4293361133642],[-70.5691620367778,-33.429317072758],[-70.5671955520848,-33.429218763021],[-70.5671013870018,-33.4292140550101],[-70.5665749317485,-33.4291873549827],[-70.5654760080775,-33.4291258461549],[-70.5659682659116,-33.4309683481785],[-70.5664506634818,-33.4309845992864],[-70.5668962169147,-33.4309968923533],[-70.568074945444,-33.4310294056922],[-70.5683364732639,-33.4310366182294],[-70.569788170442,-33.4310766424476],[-70.5700632962188,-33.4310842257082],[-70.5701668823078,-33.4310870815051],[-70.5705827821134,-33.4310992867631],[-70.5707125252955,-33.4311030941195],[-70.5711118685467,-33.4311148110962],[-70.5714747227284,-33.4311254569884],[-70.5717887066758,-33.4311346686934],[-70.5720707439444,-33.4311429417793],[-70.5721462393588,-33.4311451564125],[-70.5727714698606,-33.4311625506745],[-70.5737420720262,-33.4311895483864],[-70.5739574089434,-33.4311955369884],[-70.5739708338832,-33.4308315199546],[-70.573996970895,-33.4306254828859],[-70.5737938516013,-33.4306123337706],[-70.5738173776197,-33.4303691857576],[-70.5740907758307,-33.4303808655668],[-70.5741259738546,-33.4295898481833],[-70.5742976514565,-33.4295994513162],[-70.5743359194007,-33.4288092101072],[-70.5740594157054,-33.4287892552027],[-70.573964527091,-33.4287824079941]]],[[[-70.5740062051861,-33.4284052567461],[-70.5740693517417,-33.428407158934],[-70.5740707428708,-33.4283803160215],[-70.574090205197,-33.4280046651114],[-70.5740508098712,-33.4280016128198],[-70.5740062051861,-33.4284052567461]]],[[[-70.5742473911582,-33.4262517104288],[-70.5741509951739,-33.4271696040617],[-70.5743566992997,-33.427188992218],[-70.5748339134986,-33.4272350402745],[-70.5748369751663,-33.4271961356613],[-70.5748680119629,-33.4268017732389],[-70.5748724191222,-33.4267457805897],[-70.5749909148644,-33.4267541950316],[-70.5749946715983,-33.4267113207003],[-70.5751809718836,-33.4267299745438],[-70.5752025048124,-33.426504211961],[-70.5754673499904,-33.4265151642786],[-70.5755068367005,-33.4259839202704],[-70.5757240114753,-33.4259669804207],[-70.5758039207476,-33.4259537261598],[-70.5758909579415,-33.4259322268239],[-70.5759559981407,-33.4259155233903],[-70.5761433720783,-33.4258674016029],[-70.5760076086563,-33.4255001623151],[-70.5757914231003,-33.4252528434745],[-70.5748292590129,-33.4257890182209],[-70.5750210829264,-33.4260324780427],[-70.5748439221333,-33.4260654113123],[-70.574819475396,-33.426073144818],[-70.5745252982542,-33.4261733528787],[-70.5743449917114,-33.4262376535366],[-70.5742932022369,-33.4262485658408],[-70.5742473911582,-33.4262517104288]]],[[[-70.5761203355409,-33.425061591174],[-70.5762007202333,-33.4252266435052],[-70.5762555490868,-33.4252006066924],[-70.5768278989245,-33.4249288044045],[-70.5766230357522,-33.4247810749179],[-70.5761203355409,-33.425061591174]]]]},"properties":{"ZONA":"UV1/EAm2","NOMBRE":"UV1/EAm2 Zona de Uso de Vivienda N°1 Equipamiento en (baja Intensidad)/ Edificación Aislada Media"}},{"type":"Feature","geometry":{"type":"Polygon","coordinates":[[[-70.5797211592042,-33.4215072832718],[-70.5796883979472,-33.4214898017383],[-70.5793836674512,-33.4216779875527],[-70.579467767582,-33.4217652031085],[-70.5792744532474,-33.4219323077168],[-70.5791673358321,-33.4218310683977],[-70.5788628115777,-33.4219852716771],[-70.5791769559302,-33.4220480830085],[-70.5793200633652,-33.4220939833815],[-70.5791886075844,-33.4223772201458],[-70.5791900764,-33.4224583301315],[-70.5788752826519,-33.4223597339709],[-70.5786649366643,-33.4226768385147],[-70.5789019894327,-33.4227271546991],[-70.5787495369196,-33.4229034628321],[-70.5787559080122,-33.4229604880851],[-70.5785193489003,-33.4233383358826],[-70.5784315374431,-33.4233209207226],[-70.5782153464074,-33.4232720174096],[-70.5780993672789,-33.4232369065174],[-70.5780043061231,-33.4232057012678],[-70.5779203808222,-33.4233964406751],[-70.5777324647396,-33.4235229698847],[-70.577716940954,-33.4235334222104],[-70.5778892256938,-33.4237444182377],[-70.5778983677651,-33.423755613708],[-70.5777829249355,-33.4238748773198],[-70.5774388571211,-33.4242303327663],[-70.5772577744956,-33.4243662590205],[-70.577020570367,-33.4246201578437],[-70.5769814100558,-33.4246620737615],[-70.5771336755767,-33.4247704181205],[-70.5769141915076,-33.424991031714],[-70.5771355344476,-33.4251506438989],[-70.5772306482001,-33.4252106971866],[-70.5772727627686,-33.4251616903214],[-70.5780616682964,-33.424353765845],[-70.5781247434195,-33.4242850861693],[-70.5785096354958,-33.423888045733],[-70.5788713859499,-33.4235258672128],[-70.5789627788786,-33.4234279244103],[-70.5792864162695,-33.4230225971102],[-70.5795679349575,-33.4226498045601],[-70.5801332401313,-33.4219012063179],[-70.5802568859984,-33.4217332033972],[-70.5803254404892,-33.4216637638097],[-70.5811393570291,-33.4205531442126],[-70.5813574395716,-33.4202510292597],[-70.5815243695607,-33.4200291699115],[-70.58167787564,-33.419827564633],[-70.5817937505377,-33.4196619653361],[-70.5818818513723,-33.4195204151504],[-70.5819317215269,-33.4194193780403],[-70.5819440417559,-33.4193944175697],[-70.5820256381378,-33.4192275670434],[-70.582077500587,-33.4191199994855],[-70.5816639499659,-33.4189681879408],[-70.5816314296632,-33.4189562510546],[-70.5814747974376,-33.4192563013968],[-70.5809416174312,-33.4199813223729],[-70.5809933858531,-33.4200116821686],[-70.580768517633,-33.4203099428507],[-70.5807025121375,-33.4202685960265],[-70.5800274187118,-33.4211931937267],[-70.5800676789234,-33.4212165417012],[-70.579818675101,-33.4215579429375],[-70.5797211592042,-33.4215072832718]]]},"properties":{"ZONA":"UVO/EAa1","NOMBRE":"UVO/EAa1 Zona de Uso de Vivienda y Equipamiento de Oficina/ Edificación Aislada Alta N°1"}},{"type":"Feature","geometry":{"type":"Polygon","coordinates":[[[-70.573964527091,-33.4287824079941],[-70.5740062051861,-33.4284052567461],[-70.5737912148293,-33.4283987794255],[-70.5737572896713,-33.4283977580078],[-70.5737500142917,-33.4287669259888],[-70.5737854171361,-33.4287694816223],[-70.573964527091,-33.4287824079941]]]},"properties":{"ZONA":"UVO/EAa2","NOMBRE":"UVO/EAa2 Zona de Uso de Vivienda y Equipamiento de Oficina/ Edificación Aislada Alta N°2"}},{"type":"Feature","geometry":{"type":"Polygon","coordinates":[[[-70.5761203355409,-33.425061591174],[-70.5757914231003,-33.4252528434745],[-70.5760076086563,-33.4255001623151],[-70.5761433720783,-33.4258674016029],[-70.5759559981407,-33.4259155233903],[-70.5758909579415,-33.4259322268239],[-70.5758039207476,-33.4259537261598],[-70.5757240114753,-33.4259669804207],[-70.5755068367005,-33.4259839202704],[-70.5754673499904,-33.4265151642786],[-70.5752025048124,-33.426504211961],[-70.5751809718836,-33.4267299745438],[-70.5749946715983,-33.4267113207003],[-70.5749909148644,-33.4267541950316],[-70.5748724191222,-33.4267457805897],[-70.5748680119629,-33.4268017732389],[-70.5748369751663,-33.4271961356613],[-70.5748339134986,-33.4272350402745],[-70.5743566992997,-33.427188992218],[-70.5741509951739,-33.4271696040617],[-70.5740508098712,-33.4280016128198],[-70.574090205197,-33.4280046651114],[-70.5740707428708,-33.4283803160215],[-70.5740693517417,-33.428407158934],[-70.5740062051861,-33.4284052567461],[-70.573964527091,-33.4287824079941],[-70.5740594157054,-33.4287892552027],[-70.5743359194007,-33.4288092101072],[-70.5742976514565,-33.4295994513162],[-70.5741259738546,-33.4295898481833],[-70.5740907758307,-33.4303808655668],[-70.5738173776197,-33.4303691857576],[-70.5737938516013,-33.4306123337706],[-70.573996970895,-33.4306254828859],[-70.5739708338832,-33.4308315199546],[-70.5739574089434,-33.4311955369884],[-70.5740006046033,-33.4311967382662],[-70.5740065297461,-33.4311969029454],[-70.5742922258794,-33.4312048467571],[-70.574306680866,-33.4312049175582],[-70.5743850266124,-33.431207427417],[-70.5743944625276,-33.4311670972574],[-70.5744739763469,-33.4307250399362],[-70.5745101046197,-33.4305231326026],[-70.5745192082219,-33.4303934820612],[-70.5745694468836,-33.4300426459707],[-70.5746196851988,-33.4296918098526],[-70.5746293132738,-33.42961139583],[-70.5746481222946,-33.4295233564993],[-70.5747540206093,-33.4289098802273],[-70.5747530137411,-33.4288393095565],[-70.5747747782639,-33.4287797407531],[-70.5747902124659,-33.4286986992477],[-70.5748963663328,-33.4280652906907],[-70.5749090000495,-33.4280001715579],[-70.5749274294937,-33.4279315193553],[-70.5749432654218,-33.4278746961649],[-70.5750023400182,-33.427722952494],[-70.5750454135051,-33.4276185945318],[-70.57510516949,-33.4275045868978],[-70.5751542819586,-33.4274237479544],[-70.575257377913,-33.4272764267649],[-70.5753316283273,-33.4271821791117],[-70.5753637933934,-33.4271413509023],[-70.5754324207361,-33.4270620459776],[-70.5755287768252,-33.4269667021093],[-70.5756251328187,-33.4268713644824],[-70.5757351450821,-33.4267562355177],[-70.5760423976638,-33.4264425234816],[-70.5761378081319,-33.4263465265145],[-70.5761828363529,-33.4262952581359],[-70.5762741108835,-33.4262030553722],[-70.5764693199677,-33.4260054796586],[-70.576606032235,-33.4258563430036],[-70.5767065190163,-33.4257392339158],[-70.5768445536049,-33.4256308497051],[-70.5769084013549,-33.4255645876595],[-70.5772306482001,-33.4252106971866],[-70.5771355344476,-33.4251506438989],[-70.5769141915076,-33.424991031714],[-70.5768278989245,-33.4249288044045],[-70.5762555490868,-33.4252006066924],[-70.5762007202333,-33.4252266435052],[-70.5761203355409,-33.425061591174]]]},"properties":{"ZONA":"UVO/EAm2","NOMBRE":"UVO/EAm2 Zona de Uso de Vivienda y Equipamiento de Oficina/ Edificación Aislada Media N°2"}},{"type":"Feature","geometry":{"type":"Polygon","coordinates":[[[-70.5797211592042,-33.4215072832718],[-70.579818675101,-33.4215579429375],[-70.5800676789234,-33.4212165417012],[-70.5800274187118,-33.4211931937267],[-70.5807025121375,-33.4202685960265],[-70.580768517633,-33.4203099428507],[-70.5809933858531,-33.4200116821686],[-70.5809416174312,-33.4199813223729],[-70.5814747974376,-33.4192563013968],[-70.5816314296632,-33.4189562510546],[-70.5815167489758,-33.4189141518704],[-70.5812882361571,-33.4193958077793],[-70.5797211592042,-33.4215072832718]]]},"properties":{"ZONA":"UVO/EAm4","NOMBRE":"UVO/EAm4 Zona de Uso de Vivienda y Equipamiento de Oficina/ Edificación Aislada Media N°4"}},{"type":"Feature","geometry":{"type":"Polygon","coordinates":[[[-70.5891737796954,-33.4264461140816],[-70.5899779897092,-33.4266310526675],[-70.5905858569727,-33.4261582696503],[-70.5906926731654,-33.426093417354],[-70.5908223782329,-33.4259637141601],[-70.5913822527129,-33.4255164643847],[-70.5900641287181,-33.4252271710942],[-70.590036117865,-33.4252208422089],[-70.5898288154529,-33.425891198645],[-70.5897852129178,-33.4258809914796],[-70.5893727164507,-33.4257844279633],[-70.5891737796954,-33.4264461140816]]]},"properties":{"ZONA":"UV2/EAm4","NOMBRE":"UV2/EAm4 Zona de Uso de Vivienda Nâ°2 Equipamiento (Media Intensidad)/ Edificación Aislada Media"}},{"type":"Feature","geometry":{"type":"Polygon","coordinates":[[[-70.5795122519827,-33.4242503229374],[-70.5813124991913,-33.4246635495384],[-70.5836380449106,-33.4251855557466],[-70.5880430142644,-33.4261839687129],[-70.5891737796954,-33.4264461140816],[-70.5893727164507,-33.4257844279633],[-70.5897852129178,-33.4258809914796],[-70.5898288154529,-33.425891198645],[-70.590036117865,-33.4252208422089],[-70.5880851246423,-33.4247799915627],[-70.588010674162,-33.4247631669909],[-70.5879383069489,-33.4247468144152],[-70.5860329112354,-33.4243128568222],[-70.5846532281267,-33.4240310004749],[-70.5815505891663,-33.423314672153],[-70.5815469895756,-33.4233139045981],[-70.5807830899363,-33.4231510940967],[-70.5807263508011,-33.4231390003604],[-70.5805665951663,-33.423367976539],[-70.580547459262,-33.4233954027929],[-70.5801644082972,-33.4233022161618],[-70.5801187343344,-33.4232911048519],[-70.5799942183139,-33.4236637183581],[-70.5801525638141,-33.4236987926737],[-70.5799933810624,-33.4242495978981],[-70.5795399106344,-33.4241539643347],[-70.5795122519827,-33.4242503229374]]]},"properties":{"ZONA":"UV2/EAa1","NOMBRE":"UV2/EAa1 Zona de Uso de Vivienda Nâ°2 Equipamiento (Media Intensidad)/ Edificación Aislada Alta N"}},{"type":"Feature","geometry":{"type":"Polygon","coordinates":[[[-70.5840107646318,-33.4190234671984],[-70.5840962950795,-33.4190488221544],[-70.584346488015,-33.4191196845179],[-70.5845143970148,-33.4191704413828],[-70.5847423976451,-33.4192336520706],[-70.5850844210126,-33.4193297868607],[-70.5852792260659,-33.4193776250715],[-70.5859151455457,-33.4195068461367],[-70.5866435296394,-33.4196548513591],[-70.586740449783,-33.4196578906293],[-70.5883631064967,-33.4199995681088],[-70.588473440181,-33.4196148046847],[-70.587814182766,-33.419494509086],[-70.5877503035294,-33.4194836174068],[-70.5878168610769,-33.4192632719723],[-70.5876386113832,-33.4192283178486],[-70.5875832801994,-33.4192180327146],[-70.5875246373159,-33.4194112603133],[-70.5872614255046,-33.4193567293074],[-70.5872183411582,-33.4194980082816],[-70.5868121331541,-33.4194183809522],[-70.586894443826,-33.4191433614886],[-70.5860832260989,-33.4189738151044],[-70.5860416407096,-33.4189657388527],[-70.5859601630812,-33.4192282792088],[-70.5859542829904,-33.4192472254027],[-70.5853732610973,-33.4191476578013],[-70.5853828770601,-33.4191241393455],[-70.5854018063557,-33.4190778485147],[-70.5848921529817,-33.4189375103694],[-70.5848136483905,-33.4189158935957],[-70.584845893535,-33.4188326511357],[-70.5848503404881,-33.4188211725035],[-70.5842009923193,-33.4186191936678],[-70.5840674800043,-33.4189208105159],[-70.5840107646318,-33.4190234671984]]]},"properties":{"ZONA":"UV3/Ee5","NOMBRE":"UV3/Ee5 Zona de Uso de Vivienda Nâ°3 y Equipamiento de Oficina Restringido (Media Intensidad)/  Ed"}},{"type":"Feature","geometry":{"type":"Polygon","coordinates":[[[-70.5834065925013,-33.4188114847804],[-70.5836514740641,-33.4183073226378],[-70.5830442995313,-33.4181228151719],[-70.5829857005457,-33.4182424879323],[-70.582809043752,-33.4186118963072],[-70.5832311286547,-33.4187524826104],[-70.5833850329613,-33.4188042359732],[-70.5834065925013,-33.4188114847804]]]},"properties":{"ZONA":"UV3/EAa1","NOMBRE":"UV3/EAa1 Zona de Uso de Vivienda Nâ°3 y Equipamiento de Oficina Restringido (Media Intensidad)/ Ed"}},{"type":"Feature","geometry":{"type":"Polygon","coordinates":[[[-70.5834065925013,-33.4188114847804],[-70.5834497927867,-33.4188260120093],[-70.5839281714533,-33.4189868729108],[-70.5840107646318,-33.4190234671984],[-70.5840674800043,-33.4189208105159],[-70.5842009923193,-33.4186191936678],[-70.5842173773618,-33.4185821802699],[-70.5842575242391,-33.4184914843144],[-70.5836514740641,-33.4183073226378],[-70.5834065925013,-33.4188114847804]]]},"properties":{"ZONA":"UV3/EAm4","NOMBRE":"UV3/EAm4 Zona de Uso de Vivienda Nâ°3 y Equipamiento de Oficina Restringido (Media Intensidad)/ Ed"}},{"type":"Feature","geometry":{"type":"Polygon","coordinates":[[[-70.5904769925336,-33.4185827006176],[-70.5903525281351,-33.4190139446359],[-70.5901879775114,-33.4189868710452],[-70.5901375374743,-33.4189774820942],[-70.5900346664,-33.4193281293397],[-70.5901538557557,-33.4193597438044],[-70.5901038864325,-33.4195282501249],[-70.5906593339565,-33.4196405940488],[-70.5906022037777,-33.4198433414312],[-70.5900423883141,-33.4197356346182],[-70.5900026230593,-33.4198697284588],[-70.5895695147291,-33.4197821049829],[-70.589536724925,-33.4198967161303],[-70.5894670554951,-33.4201408269706],[-70.5894437962428,-33.4202123721656],[-70.5904763623364,-33.4204316485234],[-70.5912556856163,-33.4205828717353],[-70.5912863865623,-33.4205888285689],[-70.5915163632256,-33.4206334531624],[-70.5915899434151,-33.4203850082569],[-70.5912424968036,-33.4203124144322],[-70.5912891008064,-33.4201375108495],[-70.5912355548071,-33.420126863564],[-70.5913866351799,-33.4196112060231],[-70.5913559245191,-33.4196054053507],[-70.5912983904007,-33.4195939525115],[-70.5913944780624,-33.4192550277811],[-70.5913579301346,-33.4192474622557],[-70.5912925492674,-33.4192340890708],[-70.5914219918466,-33.4187743850114],[-70.5915629518016,-33.4182737698812],[-70.591574441214,-33.4182329666308],[-70.5911240761693,-33.4181487759449],[-70.5911090937986,-33.4181998481199],[-70.5910690162092,-33.4181926623645],[-70.5906492372282,-33.4181174016762],[-70.5906133723332,-33.4181101680561],[-70.5904769925336,-33.4185827006176]]]},"properties":{"ZONA":"UV3/Ee5","NOMBRE":"UV3/Ee5 Zona de Uso de Vivienda Nâ°3 y Equipamiento de Oficina Restringido (Media Intensidad)/  Ed"}},{"type":"Feature","geometry":{"type":"Polygon","coordinates":[[[-70.5921390274987,-33.4203447331481],[-70.5920317833388,-33.4207374131947],[-70.59251519091,-33.4208349146314],[-70.5927034826796,-33.4208699148523],[-70.5935006724267,-33.4210345563064],[-70.5934823541015,-33.4211030031251],[-70.5936745684906,-33.4212093617209],[-70.5934440786673,-33.4212353806606],[-70.5932006271707,-33.4212318419922],[-70.5930463916901,-33.4212223753335],[-70.5926221246025,-33.4211349187905],[-70.592483635485,-33.4211115151156],[-70.5924377704178,-33.4210901902668],[-70.591443507088,-33.4208835255683],[-70.5903941063988,-33.420674781317],[-70.5898868636542,-33.4205710369707],[-70.5898368774775,-33.4205608133059],[-70.5897008602062,-33.4210416688118],[-70.5897681111489,-33.4210556203691],[-70.5902539246134,-33.4211564005255],[-70.5903253738384,-33.4209184431757],[-70.5906220265012,-33.4209734188512],[-70.5905778439921,-33.4211368945964],[-70.5911924165781,-33.4212588153912],[-70.5914359685283,-33.4212575995167],[-70.5918150854149,-33.4213252716259],[-70.5920196568701,-33.4214333617522],[-70.5920690757159,-33.4212723804461],[-70.592374390053,-33.4213289388541],[-70.5923657151605,-33.421361614727],[-70.5923338571091,-33.4214559295174],[-70.5928025431121,-33.4215473879648],[-70.5927855217146,-33.4216125091841],[-70.5930048073183,-33.4216535968726],[-70.5930562555364,-33.4214792265991],[-70.5933701558424,-33.4215402761242],[-70.59338109651,-33.4214979547746],[-70.5938771180862,-33.4215851394383],[-70.5938169598382,-33.4217554293145],[-70.5938960028989,-33.4217480564094],[-70.5940839821388,-33.421730521916],[-70.5942969087487,-33.421703924014],[-70.5945276287739,-33.4216389185587],[-70.5945602081486,-33.4216694660915],[-70.5946951282138,-33.4217959726682],[-70.5947167230864,-33.4217792454594],[-70.5947516837783,-33.4217521655254],[-70.5948203522529,-33.421691128992],[-70.5948751391941,-33.4216260692753],[-70.594881389548,-33.4216186470314],[-70.5949195375863,-33.4215499810857],[-70.5949347966679,-33.4214774998169],[-70.5949500553325,-33.4213859446747],[-70.5952508396989,-33.4214044010529],[-70.5952663973602,-33.4212983440815],[-70.5952116763901,-33.4212596845217],[-70.5949850900088,-33.421099605099],[-70.5949648116099,-33.4210852786613],[-70.5946360920166,-33.4210736848195],[-70.5945087354087,-33.4210335644859],[-70.5942762236997,-33.4210422451593],[-70.5935448728731,-33.420880723639],[-70.5935671858206,-33.4208030628037],[-70.5933233195762,-33.4207612754998],[-70.593262811726,-33.4207506959969],[-70.5933249496226,-33.4205043126485],[-70.5928316236401,-33.4204143755917],[-70.5927789391874,-33.4206016660821],[-70.5924312533043,-33.4205269620815],[-70.5923707380743,-33.4205159051602],[-70.5924133651577,-33.4203463676953],[-70.5921938431781,-33.4203033294461],[-70.5921523984162,-33.4202957738224],[-70.5921390274987,-33.4203447331481]]]},"properties":{"ZONA":"UV3/Ee5","NOMBRE":"UV3/Ee5 Zona de Uso de Vivienda Nâ°3 y Equipamiento de Oficina Restringido (Media Intensidad)/  Ed"}},{"type":"Feature","geometry":{"type":"Polygon","coordinates":[[[-70.5948751391941,-33.4216260692753],[-70.5952411704032,-33.4219284843137],[-70.5952985514232,-33.421881368286],[-70.5953746122448,-33.4218189151672],[-70.5954003352634,-33.4218127457624],[-70.5958539679005,-33.4217039410261],[-70.5960601676104,-33.4218918088621],[-70.5961293189459,-33.4218382199956],[-70.5964539954417,-33.421586614506],[-70.5965143515901,-33.4215411550847],[-70.5966286117659,-33.4214889332121],[-70.5952508396989,-33.4214044010529],[-70.5949500553325,-33.4213859446747],[-70.5949347966679,-33.4214774998169],[-70.5949195375863,-33.4215499810857],[-70.594881389548,-33.4216186470314],[-70.5948751391941,-33.4216260692753]]]},"properties":{"ZONA":"UV3/EAm1","NOMBRE":"UV3/EAm1 Zona de Uso de Vivienda Nâ°3 y Equipamiento de Oficina Restringido (Media Intensidad)/ Ed"}},{"type":"Feature","geometry":{"type":"Polygon","coordinates":[[[-70.5881673760014,-33.4206950887212],[-70.5881502815502,-33.420753369851],[-70.5881041740526,-33.4208834373581],[-70.5880363764872,-33.421032278409],[-70.5879339362622,-33.4212148570963],[-70.5878543502355,-33.4213325804133],[-70.587930648238,-33.4213554688972],[-70.5880273253337,-33.4213761213583],[-70.5887699268557,-33.4215347591496],[-70.5895190045677,-33.4216845661084],[-70.5897008602062,-33.4210416688118],[-70.5898368774775,-33.4205608133059],[-70.5894336615346,-33.420478343513],[-70.5893673630151,-33.4204739011776],[-70.589289146649,-33.4204641626184],[-70.5882859148055,-33.4202626104952],[-70.5882374142775,-33.4204563055146],[-70.5881704411073,-33.4206846395381],[-70.5881673760014,-33.4206950887212]]]},"properties":{"ZONA":"UEe1/Ee1","NOMBRE":"UEe1/Ee1 Zona Especial 1 Equipamientos Intercomunales y Comunal/ Edificación Especial N°1, Equipam"}},{"type":"Feature","geometry":{"type":"Polygon","coordinates":[[[-70.5875577615515,-33.4205847446822],[-70.5881673760014,-33.4206950887212],[-70.5881704411073,-33.4206846395381],[-70.5882374142775,-33.4204563055146],[-70.5882859148055,-33.4202626104952],[-70.5873635158926,-33.4200686326802],[-70.5873505328974,-33.4200659021415],[-70.5871712908344,-33.4200282076608],[-70.5871359617109,-33.4200207777036],[-70.5870097013807,-33.4204855394971],[-70.5875577615515,-33.4205847446822]]]},"properties":{"ZONA":"UV3/Ee5","NOMBRE":"UV3/Ee5 Zona de Uso de Vivienda Nâ°3 y Equipamiento de Oficina Restringido (Media Intensidad)/  Ed"}},{"type":"Feature","geometry":{"type":"Polygon","coordinates":[[[-70.5833450027177,-33.4196627426772],[-70.5844048936097,-33.4199920793386],[-70.5844223536778,-33.4199390517367],[-70.5849718183191,-33.4201023830811],[-70.5849964342155,-33.4200427950557],[-70.5854117804971,-33.4201444228028],[-70.5854415838879,-33.4200509872593],[-70.5854691348312,-33.4200554941694],[-70.5859937288981,-33.4201628090558],[-70.5860979758737,-33.4198133684153],[-70.585826911112,-33.419758263832],[-70.5851741951306,-33.4196255721123],[-70.5850768671621,-33.4196076050616],[-70.5848996033072,-33.419562259625],[-70.5845481282463,-33.4194662423924],[-70.5841586625711,-33.4193601326307],[-70.5839685092,-33.4192990789953],[-70.5839018813848,-33.4192734825506],[-70.5837002879784,-33.4192052669846],[-70.5836369250268,-33.4191836220535],[-70.5835821922029,-33.4191649241353],[-70.5833450027177,-33.4196627426772]]]},"properties":{"ZONA":"UV3/Ee5","NOMBRE":"UV3/Ee5 Zona de Uso de Vivienda Nâ°3 y Equipamiento de Oficina Restringido (Media Intensidad)/  Ed"}},{"type":"Feature","geometry":{"type":"Polygon","coordinates":[[[-70.5829657097758,-33.4195448826811],[-70.5830079860557,-33.4195580194892],[-70.5833450027177,-33.4196627426772],[-70.5835821922029,-33.4191649241353],[-70.5833864483074,-33.4190980564643],[-70.5832180556367,-33.4190392156244],[-70.5831909473102,-33.419029742433],[-70.5829657097758,-33.4195448826811]]]},"properties":{"ZONA":"UV3/EAm4","NOMBRE":"UV3/EAm4 Zona de Uso de Vivienda Nâ°3 y Equipamiento de Oficina Restringido (Media Intensidad)/ Ed"}},{"type":"Feature","geometry":{"type":"Polygon","coordinates":[[[-70.5937926682512,-33.4118644684144],[-70.593632537473,-33.4123719294393],[-70.5936542719672,-33.412376319913],[-70.5941030724126,-33.4124669792143],[-70.5947134560162,-33.4125852336298],[-70.5948889415556,-33.412608121473],[-70.5949957590765,-33.4126157500841],[-70.5954931109112,-33.412594515546],[-70.5964301593731,-33.4125890383114],[-70.597513589795,-33.4125852165776],[-70.5979408577322,-33.4125508810273],[-70.598528350066,-33.4124364340604],[-70.5988106523134,-33.4123792100545],[-70.5989937664959,-33.4123410610139],[-70.5993828852223,-33.4122609488963],[-70.5993065850111,-33.4120282474088],[-70.5992989547776,-33.4119595805962],[-70.599291323745,-33.4118031748113],[-70.5993218418512,-33.4116887311893],[-70.599329164866,-33.4116508948176],[-70.5993378277258,-33.4116061357906],[-70.5993447303121,-33.4115704719572],[-70.5992150247768,-33.4116353244458],[-70.5984901975937,-33.4120396964486],[-70.5984195227701,-33.4120638746799],[-70.5983452326649,-33.412089288984],[-70.5978492965426,-33.4121579588075],[-70.597566994763,-33.4121694041767],[-70.596338597291,-33.4120664123712],[-70.5961936311672,-33.4120702286778],[-70.5960270119989,-33.4120785765107],[-70.5960172188986,-33.412079285111],[-70.5952934616307,-33.4121316803479],[-70.595157340449,-33.4121423411787],[-70.5951209327084,-33.4121447645822],[-70.5950918058966,-33.4121447639898],[-70.5950634894843,-33.4121399182083],[-70.5950375990915,-33.4121318396932],[-70.5950141363418,-33.4121221463248],[-70.5949939103827,-33.4121124528141],[-70.5937926682512,-33.4118644684144]]]},"properties":{"ZONA":"UV3/EAb2","NOMBRE":"UV3/EAb2 Zona de Uso de Vivienda Nâ°3 y Equipamiento de Oficina Restringido (Media Intensidad)/ Ed"}},{"type":"Feature","geometry":{"type":"Polygon","coordinates":[[[-70.580418203724,-33.405428737635],[-70.5805514746,-33.4055478414875],[-70.5806076591808,-33.4055083508748],[-70.5807298392664,-33.4055783777788],[-70.5808732877654,-33.4054482950936],[-70.5812993532914,-33.4056069106608],[-70.5813000557875,-33.4056456764288],[-70.5817730452008,-33.4058424677831],[-70.5818297158869,-33.4058298137676],[-70.5819479097859,-33.4058760293267],[-70.5816862918768,-33.4063536091846],[-70.5817404337562,-33.406397658326],[-70.5816335124843,-33.4065809638538],[-70.5815262544668,-33.4065495223553],[-70.5815056241721,-33.4065885600951],[-70.5815558877798,-33.4066147635005],[-70.5814124373949,-33.4067448460903],[-70.5813129931181,-33.4067520795124],[-70.5813234550294,-33.4069368716444],[-70.5812481209617,-33.407005185174],[-70.5814772391245,-33.4071749653347],[-70.5831536136265,-33.4083782235055],[-70.5837923730119,-33.4088312983548],[-70.5846473193743,-33.4094406505957],[-70.5855503956828,-33.4100891445521],[-70.5857182429313,-33.4101943522925],[-70.5857996122935,-33.410237047734],[-70.586278602182,-33.4104170135037],[-70.5867469209382,-33.4094370874349],[-70.5870342234208,-33.4088064465127],[-70.5870719219376,-33.4086916098146],[-70.5870959779749,-33.4085878265685],[-70.587119238358,-33.4084404828422],[-70.5871360667487,-33.4082959458699],[-70.5871419289329,-33.4080834719152],[-70.5871363436268,-33.4079823748245],[-70.5870140103924,-33.4079434698878],[-70.5867785411847,-33.4078458493862],[-70.5860459712144,-33.4075421386221],[-70.5853745476446,-33.4072560350154],[-70.5846420843896,-33.4069508552183],[-70.5837570254689,-33.4065846410129],[-70.5821547637856,-33.4059285072984],[-70.5821729666516,-33.4058927254036],[-70.5816815535635,-33.4056861483339],[-70.5808444323176,-33.4053342379211],[-70.580418203724,-33.405428737635]]]},"properties":{"ZONA":"UVO/EAa1","NOMBRE":"UVO/EAa1 Zona de Uso de Vivienda y Equipamiento de Oficina/ Edificación Aislada Alta N°1"}},{"type":"Feature","geometry":{"type":"Polygon","coordinates":[[[-70.565575171729,-33.3991573606924],[-70.5656944795175,-33.3993578703795],[-70.565824621787,-33.3995742157855],[-70.5659330906028,-33.3997554885592],[-70.5659996178177,-33.3998455188116],[-70.5661056239687,-33.3999889756334],[-70.5662278017682,-33.4001523979761],[-70.5663996009563,-33.400344647949],[-70.5666208097186,-33.4005539571183],[-70.5668490303677,-33.4007631709959],[-70.5670554703726,-33.4009314199577],[-70.567225441019,-33.401058536164],[-70.5670706295194,-33.4012669278935],[-70.5671532548521,-33.4013173028805],[-70.5676514973826,-33.4015288314512],[-70.5680756994101,-33.4016964432968],[-70.5682898025481,-33.4017883864064],[-70.5693875975451,-33.402243466509],[-70.5695398491105,-33.4022993837602],[-70.5695829898913,-33.4021979530361],[-70.5696237637055,-33.4020673910843],[-70.5700433022243,-33.4008995884406],[-70.570101101374,-33.4007433598849],[-70.5701848358388,-33.4005086238877],[-70.5700865960534,-33.400470236569],[-70.5697061412884,-33.4003112452727],[-70.5692297868183,-33.4000689205597],[-70.568835701991,-33.3998519767935],[-70.5686005339721,-33.3997228445233],[-70.568117411996,-33.3994541859171],[-70.5677920686194,-33.3992099466342],[-70.5674259413492,-33.3987971319481],[-70.5671469016537,-33.39837532038],[-70.5665365212525,-33.3986843215301],[-70.565575171729,-33.3991573606924]]]},"properties":{"ZONA":"UEe3/Ee3","NOMBRE":"UEe3/Ee3 Zona Especial 3 Área de Parques"}},{"type":"Feature","geometry":{"type":"Polygon","coordinates":[[[-70.5697144033111,-33.4023732963118],[-70.57009383883,-33.4025372207508],[-70.5706997294749,-33.4027888348093],[-70.5711754683771,-33.4029911878931],[-70.5722711479568,-33.4034490634847],[-70.5733904869171,-33.4038957907273],[-70.5743567337525,-33.4042789082498],[-70.5749532156375,-33.4045154081535],[-70.5759705306943,-33.4049287850632],[-70.576811782446,-33.4052209895991],[-70.5771190992213,-33.4053029130937],[-70.5773458725511,-33.4053337884628],[-70.5774851458595,-33.405349173217],[-70.5775916262356,-33.4053598253375],[-70.5776889947598,-33.4054063946276],[-70.5778362143955,-33.4054336697297],[-70.5780645608786,-33.4054631484528],[-70.5785173657572,-33.4055205407075],[-70.578537460579,-33.4055640045489],[-70.5785517317833,-33.4056059236855],[-70.5785541603376,-33.4056334179343],[-70.5785475231167,-33.4056934154381],[-70.5789573314426,-33.4056015255063],[-70.5791786749111,-33.4055577128465],[-70.580185426231,-33.4053326780272],[-70.5815245380475,-33.4050298881347],[-70.5818082663628,-33.4049657316197],[-70.5817096732187,-33.4048362062715],[-70.5809262779624,-33.4045265695659],[-70.5800077558316,-33.4041370429849],[-70.5796727548751,-33.4039980200197],[-70.5796468164414,-33.403987255844],[-70.5789654910763,-33.4037045064184],[-70.5756074119641,-33.4023160204728],[-70.5755098576619,-33.4022836829089],[-70.5740566174455,-33.4016624327102],[-70.574047455832,-33.4016585168089],[-70.573586471569,-33.4014614437028],[-70.5730829037715,-33.4012554484743],[-70.572648002069,-33.4010723425098],[-70.5723787181869,-33.4009732765571],[-70.5722753941185,-33.4009437655636],[-70.5719805000912,-33.4008766086174],[-70.5703667943562,-33.4005564407767],[-70.5703280730615,-33.4006370643707],[-70.569873069159,-33.4019321378075],[-70.5697418725438,-33.4022609305563],[-70.5697144033111,-33.4023732963118]]]},"properties":{"ZONA":"UEe3/Ee3","NOMBRE":"UEe3/Ee3 Zona Especial 3 Área de Parques"}},{"type":"Feature","geometry":{"type":"Polygon","coordinates":[[[-70.5808444323176,-33.4053342379211],[-70.5816815535635,-33.4056861483339],[-70.5821729666516,-33.4058927254036],[-70.5821547637856,-33.4059285072984],[-70.5837570254689,-33.4065846410129],[-70.5846420843896,-33.4069508552183],[-70.5853745476446,-33.4072560350154],[-70.5860459712144,-33.4075421386221],[-70.5867785411847,-33.4078458493862],[-70.5870140103924,-33.4079434698878],[-70.5871363436268,-33.4079823748245],[-70.587126886298,-33.4078513708113],[-70.5870356314695,-33.4074689915607],[-70.5869977381935,-33.4073753403569],[-70.5869379246717,-33.4072244248748],[-70.5868779081451,-33.4070978102682],[-70.5867090118475,-33.4068257307198],[-70.5866439060197,-33.4068471543382],[-70.5865374811934,-33.406884003016],[-70.5864495053735,-33.4069038450109],[-70.5863530134155,-33.4069194363504],[-70.5862636175899,-33.406920852812],[-70.5861657070257,-33.4069095160222],[-70.5860777289976,-33.4068939271316],[-70.5859911708352,-33.4068641656198],[-70.585912521759,-33.406832410866],[-70.5847183762645,-33.4063366741027],[-70.5836730914205,-33.4058979795331],[-70.5834629632284,-33.4058180505387],[-70.5829820915227,-33.4056124118881],[-70.5829666903473,-33.4056058256659],[-70.5828746572169,-33.4055664685575],[-70.5822495439829,-33.405307651467],[-70.5819906037183,-33.4051852560853],[-70.5819504170693,-33.4051601183713],[-70.5818987897792,-33.4051004660219],[-70.5809491295845,-33.405311024938],[-70.5808444323176,-33.4053342379211]]]},"properties":{"ZONA":"UEe3/Ee3","NOMBRE":"UEe3/Ee3 Zona Especial 3 Área de Parques"}},{"type":"Feature","geometry":{"type":"Polygon","coordinates":[[[-70.5572177751333,-33.4052709834325],[-70.5572358635175,-33.4053068473707],[-70.5575715792359,-33.4059248409386],[-70.5577165478447,-33.4061995042249],[-70.5578462565919,-33.4064360205595],[-70.5579072952761,-33.4065504666866],[-70.5579449116246,-33.4066034476011],[-70.5579888314152,-33.4066844364403],[-70.5580028168464,-33.4067102267504],[-70.5573022041998,-33.4069583085454],[-70.55697498265,-33.4070741729359],[-70.5566781140341,-33.40715281514],[-70.5566560109612,-33.4071150580337],[-70.5561524474063,-33.4072218744108],[-70.5557251809015,-33.4073096201152],[-70.5552368786094,-33.4074126240985],[-70.5551981534973,-33.4073432155803],[-70.5540915254805,-33.4077653021708],[-70.5539074379178,-33.4073980990864],[-70.5538155780359,-33.4074320589651],[-70.5537824107778,-33.4073668560249],[-70.5532277492284,-33.4075736418032],[-70.553633086407,-33.4083420799388],[-70.5536118734271,-33.4083458619272],[-70.5532351126441,-33.4084189446696],[-70.552945529494,-33.4084535903176],[-70.5528466345045,-33.4084515384364],[-70.552810848411,-33.4085109419679],[-70.5527781074614,-33.4085669570084],[-70.552708416779,-33.4086232208236],[-70.5526198160781,-33.4086757657921],[-70.5524940927393,-33.4087604265467],[-70.5524385442936,-33.408816512311],[-70.5523829861174,-33.4088725990748],[-70.552295582312,-33.4089923831847],[-70.5522956526538,-33.4089963369041],[-70.5522318804868,-33.4091197879541],[-70.5522007288672,-33.4092230433539],[-70.5521884244207,-33.4093260638072],[-70.5521847657258,-33.4093854547351],[-70.5521861731902,-33.4094645687925],[-70.5522022777237,-33.4095751492601],[-70.5522082586657,-33.4096462905727],[-70.5522138790787,-33.4096976498719],[-70.552406247713,-33.4096633640043],[-70.5529632166383,-33.4095298414208],[-70.5530776632279,-33.4095069526973],[-70.5538101220554,-33.4093276526499],[-70.5543518357973,-33.4091826874718],[-70.5547714729821,-33.409079686237],[-70.5552521488364,-33.4089690543534],[-70.5563203162243,-33.4087096405686],[-70.5561115122386,-33.4085148874495],[-70.5557454001947,-33.4081677189672],[-70.5556649747285,-33.4080818229745],[-70.5556119816587,-33.4080338753168],[-70.5555618409862,-33.4079831286069],[-70.5568578981821,-33.407760639118],[-70.5568900717946,-33.4078059950027],[-70.5568794360164,-33.4078927760989],[-70.5564749744791,-33.4084836894979],[-70.5564627988732,-33.4085014778819],[-70.5564553224794,-33.4085124010655],[-70.5584660920408,-33.4082793780506],[-70.5584552383011,-33.4082983034773],[-70.5583449339335,-33.4084820795316],[-70.5583407297927,-33.4085235793931],[-70.5583413556604,-33.4085586217809],[-70.5590097863528,-33.4084326408037],[-70.5593619379285,-33.4086472808918],[-70.5593852554294,-33.4085995966599],[-70.5594447560882,-33.408477918318],[-70.5601544234438,-33.4085472594296],[-70.5602593394114,-33.4081775204487],[-70.560300418703,-33.4081836846107],[-70.5604191544206,-33.4077127468815],[-70.5604776046385,-33.4074809171888],[-70.5604262997449,-33.4074826971095],[-70.5604214263146,-33.407482866636],[-70.5598814128089,-33.4075135195597],[-70.5595518016527,-33.4075367533814],[-70.5595485230405,-33.4074868774208],[-70.559539590725,-33.4073467688863],[-70.5595440900578,-33.4072388551317],[-70.559555332848,-33.4069433736031],[-70.5597155567794,-33.4066076742306],[-70.5598071133219,-33.406474156337],[-70.5599978592086,-33.4062452653482],[-70.5599768152271,-33.4062327724747],[-70.5594857586197,-33.405941261806],[-70.5589601995633,-33.4056387238716],[-70.5578252792552,-33.4049683888431],[-70.5577287402754,-33.4049113679976],[-70.5572177751333,-33.4052709834325]]]},"properties":{"ZONA":"UC1/EAm1p","NOMBRE":"UC1/EAm1p Zona de Uso de Comercio N°1 e Instituciones Comunal/ Edificación Aislada Media N°1 Prim"}},{"type":"Feature","geometry":{"type":"Polygon","coordinates":[[[-70.5564553224794,-33.4085124010655],[-70.5563203162243,-33.4087096405686],[-70.5563522666004,-33.4087761143173],[-70.5566044273779,-33.4086908993507],[-70.5575266696553,-33.4085237471349],[-70.5576132545406,-33.4087202318913],[-70.5583413556604,-33.4085586217809],[-70.5583407297927,-33.4085235793931],[-70.5583449339335,-33.4084820795316],[-70.5584552383011,-33.4082983034773],[-70.5584660920408,-33.4082793780506],[-70.5564553224794,-33.4085124010655]]]},"properties":{"ZONA":"UC1/EAb2","NOMBRE":"UC1/EAb2 Zona de Uso de Comercio N°1 e Instituciones Comunal/ Edificación Aislada Baja N°2"}},{"type":"Feature","geometry":{"type":"Polygon","coordinates":[[[-70.5447591774578,-33.3962121054352],[-70.5474685651219,-33.3949680020598],[-70.5473363521532,-33.3949227864057],[-70.5469431870185,-33.3948009873663],[-70.5463942183438,-33.3946034608518],[-70.5462939666619,-33.394557552598],[-70.544676477919,-33.3953147110459],[-70.5446008482202,-33.3954495142584],[-70.5445250399194,-33.3956277103695],[-70.5445035511583,-33.3956878868903],[-70.544462044372,-33.3958208195577],[-70.5444976016786,-33.3958294982289],[-70.5445085086891,-33.3958330591328],[-70.5445162088974,-33.3958370062678],[-70.5445234926143,-33.3958412949772],[-70.5445377592195,-33.3958532265134],[-70.5445495847561,-33.3958645237738],[-70.5445590039597,-33.395874840918],[-70.5445647617644,-33.395882517032],[-70.5445701244327,-33.3958905263384],[-70.5445818518608,-33.3959085526192],[-70.5446255193989,-33.3959905264579],[-70.5446961261308,-33.3961067057362],[-70.5447591774578,-33.3962121054352]]]},"properties":{"ZONA":"UVO/EAm1p","NOMBRE":"UVO/EAm1p Zona de Uso de Vivienda y Equipamiento de Oficina/ Edificación Aislada Media N°1 Prima"}},{"type":"Feature","geometry":{"type":"Polygon","coordinates":[[[-70.5382429775393,-33.3922484332845],[-70.5381658439318,-33.3922894561102],[-70.5379790154856,-33.392376132221],[-70.5379626322155,-33.3923824399356],[-70.5378318446047,-33.3924327899001],[-70.5376969584207,-33.3924745282375],[-70.5375494530183,-33.3925122111623],[-70.5374069584495,-33.3925498246093],[-70.5372828259387,-33.3925985665074],[-70.5373779806063,-33.3926155652247],[-70.5373870834216,-33.3926151268645],[-70.5374959154286,-33.3926098849958],[-70.5376011184856,-33.3925938143769],[-70.5377987300366,-33.3925491892941],[-70.5378737212712,-33.3925292803441],[-70.538022470603,-33.3924676212184],[-70.5381778979276,-33.3924031934142],[-70.5382402611222,-33.3923792219352],[-70.5383228143704,-33.3923613220832],[-70.5383854342272,-33.3923297113716],[-70.5389122827538,-33.3920685608448],[-70.5389948200661,-33.3920255685308],[-70.539059479414,-33.3919926443436],[-70.5392728871683,-33.3918872021421],[-70.5395218007856,-33.3917600515655],[-70.5398543570879,-33.3915893365613],[-70.5400090880527,-33.3915076609188],[-70.5400514079392,-33.391492216314],[-70.5403557886108,-33.3913410907102],[-70.5404360883755,-33.3913064502243],[-70.5404703409175,-33.3912880411452],[-70.5405084661268,-33.3912539215196],[-70.5407564228282,-33.3910710450688],[-70.5404344110293,-33.3911593420918],[-70.5399311949583,-33.3913987460964],[-70.539722062971,-33.3915076770156],[-70.5393495240807,-33.3917007991059],[-70.5392912410049,-33.3917310118312],[-70.5390694498232,-33.3918401050338],[-70.5389295570245,-33.3919144582292],[-70.5387842135885,-33.3919862111918],[-70.53830853721,-33.3922201464646],[-70.5382429775393,-33.3922484332845]]]},"properties":{"ZONA":"AV","NOMBRE":"AV Zona de Áreas Verdes"}},{"type":"Feature","geometry":{"type":"Polygon","coordinates":[[[-70.5334064487924,-33.3945559101566],[-70.5333629073661,-33.3944425263077],[-70.5332705971798,-33.3942021474637],[-70.5331561474719,-33.3938931505145],[-70.5331027377013,-33.3937901515752],[-70.5330798497357,-33.3939808911838],[-70.5330493325049,-33.3941220383998],[-70.5329272584856,-33.3944119627023],[-70.5328814803159,-33.3945149624879],[-70.532835702486,-33.3946866283864],[-70.5334064487924,-33.3945559101566]]]},"properties":{"ZONA":"AV","NOMBRE":"AV Zona de Áreas Verdes"}},{"type":"Feature","geometry":{"type":"Polygon","coordinates":[[[-70.5380165770969,-33.4237056788776],[-70.5381712713378,-33.4237254208831],[-70.5388024485352,-33.4238010441675],[-70.5395577977673,-33.4238964090893],[-70.5400842538766,-33.4239574424537],[-70.5400918787312,-33.423350891605],[-70.5401072177751,-33.4227678273102],[-70.538963954064,-33.4227363851508],[-70.5388866481114,-33.421845236809],[-70.5389569734089,-33.4207958832532],[-70.537780029277,-33.4207225167239],[-70.5377037379422,-33.4214664013753],[-70.5376427043083,-33.421969952713],[-70.5376503346184,-33.4220882112057],[-70.5377362628386,-33.4225051856072],[-70.5377383657455,-33.4225153900935],[-70.5377800465004,-33.4227176501284],[-70.5380165770969,-33.4237056788776]]]},"properties":{"ZONA":"UC1/EAm4","NOMBRE":"UC1/EAm4 Zona de Uso de Comercio N°1 e Instituciones Comunal/ Edificación Aislada Media N°4"}},{"type":"Feature","geometry":{"type":"Polygon","coordinates":[[[-70.5172842257881,-33.4029597684532],[-70.5173029281523,-33.4030644442421],[-70.5173189701771,-33.4031196317748],[-70.5173069705889,-33.4032067208503],[-70.5172745132499,-33.4034112560301],[-70.5172407329744,-33.403540200472],[-70.517202123914,-33.4036502974996],[-70.5171110080397,-33.4038479915843],[-70.5170020776764,-33.4040572388494],[-70.5169630630867,-33.4041396439333],[-70.5168916291478,-33.4042866258415],[-70.5167913998915,-33.4044924711559],[-70.5167744366232,-33.404527308843],[-70.5166726886484,-33.404745656992],[-70.5166064127441,-33.4048793887717],[-70.5165413585283,-33.4050839867669],[-70.5164660691601,-33.4053064447977],[-70.5164064544131,-33.4055198432487],[-70.5163514230222,-33.4056933119918],[-70.5163159498801,-33.4057779264139],[-70.5161565465814,-33.4057181329602],[-70.5159307221876,-33.4056267654334],[-70.5157328842252,-33.4055330876889],[-70.5155581733796,-33.4054429779892],[-70.5152968500978,-33.4052955120729],[-70.5150958695746,-33.4051575599838],[-70.5148907015187,-33.4050028851122],[-70.5147064691856,-33.404852391379],[-70.5145389852718,-33.4047144387831],[-70.5143273331117,-33.4045315626618],[-70.5138632457995,-33.4040800319922],[-70.5137119583713,-33.4039438898981],[-70.5133292025188,-33.4035953087839],[-70.5131856445236,-33.4034984764441],[-70.513117877944,-33.4034388345877],[-70.5132106992323,-33.4032426872031],[-70.5133890882627,-33.4028657193506],[-70.5134325141058,-33.4027674952962],[-70.5133142466898,-33.402776361217],[-70.5130052423219,-33.4028007917491],[-70.5127230723948,-33.4028223510709],[-70.5126152134471,-33.4028320372562],[-70.5125253891856,-33.4028275544806],[-70.512418702568,-33.4028093399557],[-70.5123118721475,-33.4027827623896],[-70.512181393023,-33.4027341665251],[-70.5120775036362,-33.4026852518419],[-70.5119868585948,-33.4026333835072],[-70.5117084597482,-33.4024890137025],[-70.5116615500492,-33.4024672824492],[-70.5110607870369,-33.4021344686671],[-70.510558577458,-33.4018633030938],[-70.5100407676527,-33.4015837107919],[-70.5099519982964,-33.401640557477],[-70.5097908201867,-33.4017270996104],[-70.5097470848069,-33.4017615831039],[-70.509711109926,-33.4017992070967],[-70.5096770366746,-33.40183519001],[-70.5096317062337,-33.4019040265016],[-70.5096094213121,-33.4019378674355],[-70.5095669685808,-33.4020467031399],[-70.5104112808496,-33.4024852724654],[-70.510916481969,-33.4027716046929],[-70.5110171100321,-33.402817004067],[-70.5112644394803,-33.4029472764393],[-70.5115243508557,-33.4030854151972],[-70.5116821005214,-33.4031738543657],[-70.5118798538321,-33.4032915679079],[-70.512044037003,-33.4033900957037],[-70.5120730998144,-33.4034076450855],[-70.5121721021028,-33.4034674271501],[-70.5122218969886,-33.4035092406956],[-70.5122640779983,-33.4035446608979],[-70.5123425423629,-33.4035916144884],[-70.5123444416085,-33.4035927511197],[-70.5123481962957,-33.4035954749416],[-70.512659056578,-33.4038209930756],[-70.5127655709595,-33.4038977398218],[-70.5128470335479,-33.4039881006487],[-70.5129617029826,-33.4040734001571],[-70.513191909588,-33.4042940032921],[-70.5134139415747,-33.4045013690822],[-70.5136117582504,-33.4046938435916],[-70.5136644081576,-33.4047450713202],[-70.5138053750705,-33.4048761726543],[-70.5142715351513,-33.4052874157534],[-70.5146525095284,-33.4055677685532],[-70.5148889324167,-33.4057203215377],[-70.5152186169131,-33.405901750437],[-70.5154090354643,-33.4059993759555],[-70.5156869429819,-33.4061226920326],[-70.5160213917485,-33.4062688882349],[-70.5156829495004,-33.4068185830868],[-70.5154868032369,-33.4071371576645],[-70.5149330517135,-33.407933627839],[-70.5139967217415,-33.40915032081],[-70.5142403047318,-33.4092768077296],[-70.5143534693716,-33.409112036559],[-70.5146616616356,-33.4087175222767],[-70.5151575921953,-33.4080537467079],[-70.5155067861086,-33.4075560228847],[-70.5156687818702,-33.4073251198746],[-70.5161189334809,-33.4066003069179],[-70.5162429425239,-33.4064027048302],[-70.5164870560956,-33.4059773918464],[-70.5165647308721,-33.4058503992179],[-70.5166283143408,-33.4056757336883],[-70.5167422855144,-33.4052944623945],[-70.5168665964612,-33.4049299445527],[-70.5169728679327,-33.4046838305857],[-70.5171378064797,-33.4043441415035],[-70.5173420545222,-33.403953325107],[-70.5174195005899,-33.4037835417948],[-70.517487044826,-33.403622320007],[-70.5175154241666,-33.4035206685351],[-70.5175436600399,-33.4034105846755],[-70.5175609647554,-33.4032499774078],[-70.5175826151553,-33.4031162436201],[-70.5175761938259,-33.4030754366345],[-70.5175667090895,-33.4030046380992],[-70.5174829862123,-33.4026851957286],[-70.5174811382212,-33.402677980957],[-70.517427770327,-33.4024696832432],[-70.5173582755373,-33.4021732768235],[-70.5173437188103,-33.4020761709871],[-70.5173477090341,-33.401935598013],[-70.5173579442971,-33.4017841453444],[-70.517381324753,-33.4016487400101],[-70.5174229702837,-33.4014536682629],[-70.5174617314177,-33.4012672273507],[-70.5173015057506,-33.4012519698013],[-70.5172086752298,-33.4012402320667],[-70.5171771986582,-33.4013529681847],[-70.5171466983345,-33.4015218688412],[-70.5171037045476,-33.4017414774997],[-70.5170868699438,-33.4019270639618],[-70.5170964832327,-33.4020954740443],[-70.5171055139857,-33.4022301844553],[-70.5171492404754,-33.40243750088],[-70.5172278636431,-33.4027286506956],[-70.5172842257881,-33.4029597684532]]]},"properties":{"ZONA":"AV","NOMBRE":"AV Zona de Áreas Verdes"}},{"type":"Feature","geometry":{"type":"Polygon","coordinates":[[[-70.5134325141058,-33.4027674952962],[-70.5133890882627,-33.4028657193506],[-70.5132106992323,-33.4032426872031],[-70.513117877944,-33.4034388345877],[-70.5131856445236,-33.4034984764441],[-70.5133292025188,-33.4035953087839],[-70.5137119583713,-33.4039438898981],[-70.5138632457995,-33.4040800319922],[-70.5143273331117,-33.4045315626618],[-70.5145389852718,-33.4047144387831],[-70.5147064691856,-33.404852391379],[-70.5148907015187,-33.4050028851122],[-70.5150958695746,-33.4051575599838],[-70.5152968500978,-33.4052955120729],[-70.5155581733796,-33.4054429779892],[-70.5157328842252,-33.4055330876889],[-70.5159307221876,-33.4056267654334],[-70.5161565465814,-33.4057181329602],[-70.5163159498801,-33.4057779264139],[-70.5163514230222,-33.4056933119918],[-70.5164064544131,-33.4055198432487],[-70.5164660691601,-33.4053064447977],[-70.5165413585283,-33.4050839867669],[-70.5166064127441,-33.4048793887717],[-70.5166726886484,-33.404745656992],[-70.5167744366232,-33.404527308843],[-70.5167913998915,-33.4044924711559],[-70.5168916291478,-33.4042866258415],[-70.5169630630867,-33.4041396439333],[-70.5170020776764,-33.4040572388494],[-70.5171110080397,-33.4038479915843],[-70.517202123914,-33.4036502974996],[-70.5172407329744,-33.403540200472],[-70.5172745132499,-33.4034112560301],[-70.5173069705889,-33.4032067208503],[-70.5173189701771,-33.4031196317748],[-70.5173029281523,-33.4030644442421],[-70.5172842257881,-33.4029597684532],[-70.5172006515832,-33.4029437780244],[-70.516595149935,-33.402818874454],[-70.5160574810148,-33.4027101443079],[-70.5159606857728,-33.4026875146257],[-70.5158545859764,-33.4026695601385],[-70.5157137351958,-33.4026526461171],[-70.5155788865538,-33.4026406278237],[-70.5154707966635,-33.4026357417365],[-70.5153066073101,-33.4026377473645],[-70.5152313159481,-33.4026357918899],[-70.5150728957132,-33.4026474234801],[-70.5141111044547,-33.4027145929719],[-70.5134325141058,-33.4027674952962]]]},"properties":{"ZONA":"UV/EAb4p","NOMBRE":"UV/EAb4p Zona de Uso de Suelo de Vivienda/ Edificación Aislada Baja Nº4 Prima"}},{"type":"Feature","geometry":{"type":"Polygon","coordinates":[[[-70.4999058008781,-33.3901652002383],[-70.5003098624863,-33.3895292325907],[-70.5006913471892,-33.3889570122147],[-70.5009889059262,-33.3883580891305],[-70.5010484585707,-33.3879708493275],[-70.5010689876003,-33.3878035298949],[-70.5005373201032,-33.3876467537895],[-70.5003612531663,-33.3875973415975],[-70.5001192752154,-33.3875525435673],[-70.4998891314535,-33.3875343276959],[-70.499368102436,-33.3875488134827],[-70.4992818495098,-33.3875512111773],[-70.4990860940854,-33.3875478494791],[-70.4988739879945,-33.38751986943],[-70.4986869074609,-33.3874915858597],[-70.498318917003,-33.3873967649591],[-70.4980949115074,-33.3873383830884],[-70.4980262665128,-33.3873163046084],[-70.4977390669171,-33.3871556033887],[-70.4975637394977,-33.3870164576948],[-70.4974292655143,-33.3868710919359],[-70.4973174120034,-33.386717817927],[-70.4971050660856,-33.3862775058094],[-70.4968317716372,-33.3857329376093],[-70.4967473353404,-33.3855812379228],[-70.4967167294252,-33.3855262509481],[-70.4966424571328,-33.385441244653],[-70.496524304052,-33.385318588201],[-70.4963724849755,-33.3852230633149],[-70.4962280144403,-33.3851579920094],[-70.4960793203307,-33.3851120611172],[-70.4958509032092,-33.3850613651928],[-70.4956369535407,-33.3850582172811],[-70.4956432204644,-33.3855245781909],[-70.4956490921736,-33.3858674215252],[-70.4956869489114,-33.3859733882724],[-70.4957470698766,-33.3861172010254],[-70.4958382107783,-33.386335218185],[-70.4959635751369,-33.3865799605314],[-70.4961692936235,-33.3869325432277],[-70.4965621761513,-33.3875505960942],[-70.496913806371,-33.3880517466222],[-70.4973134387545,-33.3885652016765],[-70.4978758486102,-33.3892235599571],[-70.4979800148884,-33.3892849392503],[-70.4987049085249,-33.3896728872955],[-70.4999058008781,-33.3901652002383]]]},"properties":{"ZONA":"UM/EAb4","NOMBRE":"UM/EAb4 Zona de Usos Comercio y Equipamiento de Escala Metropolitana Instituciones/ Edificación Ais"}},{"type":"Feature","geometry":{"type":"Polygon","coordinates":[[[-70.4966885455135,-33.3903955781205],[-70.4967735685042,-33.3905515526136],[-70.4970116049753,-33.3909882243586],[-70.497025793146,-33.3910939440179],[-70.4970319879568,-33.3911400967506],[-70.4970544417762,-33.3912054459794],[-70.4974164590907,-33.3917886727097],[-70.497451420805,-33.3919612479834],[-70.4975064118336,-33.3920912455597],[-70.4975192176651,-33.3920853596916],[-70.4978165991932,-33.3919486630434],[-70.4981088407324,-33.3917791964993],[-70.4982357367563,-33.3917067295141],[-70.4982592696231,-33.3916913013446],[-70.4995399605736,-33.3923115030391],[-70.4998159159141,-33.3924337946567],[-70.5003462425886,-33.3926678697241],[-70.5006264143968,-33.3927865182124],[-70.500777441581,-33.3928600697033],[-70.501094136313,-33.3929748203169],[-70.5013009719213,-33.3931725356144],[-70.5014567475356,-33.393106207483],[-70.5017745648197,-33.3934098043585],[-70.5018410818641,-33.3935049686006],[-70.5027019043273,-33.3930795470972],[-70.5030665299792,-33.392903945295],[-70.5033088074453,-33.3927998523149],[-70.5034778895668,-33.3927511171222],[-70.5035942705329,-33.3927280081318],[-70.5035250750156,-33.3926285898672],[-70.5033103726319,-33.3924197139471],[-70.5024404911496,-33.3918446057151],[-70.5019076478707,-33.3915097522604],[-70.5009090195176,-33.3909749738699],[-70.4997602431256,-33.390388911547],[-70.4990865426543,-33.3901284171118],[-70.4988261010131,-33.3900142234786],[-70.4987628861189,-33.3899865063726],[-70.4984427627525,-33.3898287100517],[-70.4983094359193,-33.3899524705295],[-70.4981183918456,-33.3900084658511],[-70.4979474494129,-33.3899926340739],[-70.4974541596402,-33.3902551012781],[-70.4969937575655,-33.3903620689991],[-70.4966885455135,-33.3903955781205]]]},"properties":{"ZONA":"UM/EAb4","NOMBRE":"UM/EAb4 Zona de Usos Comercio y Equipamiento de Escala Metropolitana Instituciones/ Edificación Ais"}},{"type":"Feature","geometry":{"type":"Polygon","coordinates":[[[-70.5850015984525,-33.4168070245321],[-70.5850033590162,-33.4168030664012],[-70.5851150361502,-33.4165520773743],[-70.5851208303754,-33.4165390565002],[-70.5851537657442,-33.4164650354663],[-70.5853132753307,-33.4161075786932],[-70.5845346378051,-33.4158845705901],[-70.5842380847735,-33.4165762964469],[-70.5850015984525,-33.4168070245321]]]},"properties":{"ZONA":"UEe5/Ee5","NOMBRE":"UEe5/Ee5 Zona Especial 5 Uso de Interés Patrimonial/ Edificación Espacial N°5 Áreas de Interé"}},{"type":"Feature","geometry":{"type":"Polygon","coordinates":[[[-70.5830442995313,-33.4181228151719],[-70.5836514740641,-33.4183073226378],[-70.5842575242391,-33.4184914843144],[-70.5842787830238,-33.4184434567029],[-70.5844392311726,-33.4180809874442],[-70.5838491942173,-33.4179002529203],[-70.5832440466306,-33.4177148862942],[-70.5830711190671,-33.4180680458632],[-70.5830442995313,-33.4181228151719]]]},"properties":{"ZONA":"UEe5/Ee5","NOMBRE":"UEe5/Ee5 Zona Especial 5 Uso de Interés Patrimonial/ Edificación Espacial N°5 Áreas de Interé"}},{"type":"Feature","geometry":{"type":"Polygon","coordinates":[[[-70.588473440181,-33.4196148046847],[-70.5883631064967,-33.4199995681088],[-70.5890461635197,-33.4201465893022],[-70.5890530000373,-33.4201480600861],[-70.5892336445226,-33.4201869414184],[-70.5893697291413,-33.4202143161107],[-70.5894437962428,-33.4202123721656],[-70.5894670554951,-33.4201408269706],[-70.589536724925,-33.4198967161303],[-70.5895695147291,-33.4197821049829],[-70.5896596114462,-33.4194671849745],[-70.5885738935471,-33.4192644962326],[-70.588473440181,-33.4196148046847]]]},"properties":{"ZONA":"UEe1/Ee1","NOMBRE":"UEe1/Ee1 Zona Especial 1 Equipamientos Intercomunales y Comunal/ Edificación Especial N°1, Equipam"}},{"type":"Feature","geometry":{"type":"Polygon","coordinates":[[[-70.5900423883141,-33.4197356346182],[-70.5906022037777,-33.4198433414312],[-70.5906593339565,-33.4196405940488],[-70.5901038864325,-33.4195282501249],[-70.5900423883141,-33.4197356346182]]]},"properties":{"ZONA":"UEe5/Ee5","NOMBRE":"UEe5/Ee5 Zona Especial 5 Uso de Interés Patrimonial/ Edificación Espacial N°5 Áreas de Interé"}},{"type":"Feature","geometry":{"type":"Polygon","coordinates":[[[-70.5915899434151,-33.4203850082569],[-70.5915163632256,-33.4206334531624],[-70.5920317833388,-33.4207374131947],[-70.5921390274987,-33.4203447331481],[-70.5916310194858,-33.4202434867217],[-70.5915933805741,-33.4203734007691],[-70.5915899434151,-33.4203850082569]]]},"properties":{"ZONA":"UEe5/Ee5","NOMBRE":"UEe5/Ee5 Zona Especial 5 Uso de Interés Patrimonial/ Edificación Espacial N°5 Áreas de Interé"}},{"type":"Feature","geometry":{"type":"Polygon","coordinates":[[[-70.5815212680434,-33.4220351227865],[-70.5815309556369,-33.4220373629701],[-70.5819641600219,-33.4221375370908],[-70.5825211220459,-33.4207603951974],[-70.5824445144989,-33.420736880519],[-70.5829657097758,-33.4195448826811],[-70.5831909473102,-33.419029742433],[-70.5831753405939,-33.4190242898215],[-70.5827286275104,-33.4198990472648],[-70.5827799999623,-33.4199140764635],[-70.5822342951385,-33.4206650147143],[-70.5821617474603,-33.4206375214495],[-70.5818796202429,-33.4211145468596],[-70.5817648527446,-33.4213760978474],[-70.5816422439346,-33.4216759272439],[-70.5815212680434,-33.4220351227865]]]},"properties":{"ZONA":"UVO/EAm4","NOMBRE":"UVO/EAm4 Zona de Uso de Vivienda y Equipamiento de Oficina/ Edificación Aislada Media N°4"}},{"type":"Feature","geometry":{"type":"Polygon","coordinates":[[[-70.5777574734694,-33.4252750445285],[-70.5776465028142,-33.4253931878548],[-70.5774063069498,-33.4256407097714],[-70.5771661097313,-33.425888231253],[-70.5771031353319,-33.4259478366588],[-70.5770272606398,-33.4260324535974],[-70.5765102947671,-33.4265679409118],[-70.5764467408254,-33.4266296889196],[-70.5759201424001,-33.4271761526519],[-70.5757575947089,-33.4273539130163],[-70.575620925862,-33.4275048843607],[-70.5755937404841,-33.4275432694078],[-70.5755297615072,-33.427666980615],[-70.575462566945,-33.4278053595957],[-70.5753503794115,-33.4281259714887],[-70.5754270923775,-33.4281500563695],[-70.5755161332049,-33.4281841943133],[-70.5755585650118,-33.4282077848531],[-70.5756005649956,-33.4282410458898],[-70.5760067509192,-33.4279352088969],[-70.5759720927848,-33.4279070159249],[-70.5760007158042,-33.4278532036796],[-70.5760763421613,-33.4277548879409],[-70.5761832460243,-33.4276237245873],[-70.5763020031289,-33.4274892919104],[-70.5761946313441,-33.4273948316285],[-70.576410397405,-33.4272180589972],[-70.5764889213939,-33.4272800543284],[-70.5767151425902,-33.4270748349815],[-70.5768526842209,-33.4269818992312],[-70.5772252753677,-33.4267075656571],[-70.577102574811,-33.4265945924291],[-70.5774912514027,-33.4262879290519],[-70.5774461390047,-33.4262474682581],[-70.5780057191381,-33.4257802804945],[-70.5781709399446,-33.4257128297386],[-70.5782880589779,-33.4257375863876],[-70.5784103288639,-33.425363269792],[-70.5781580035507,-33.4253063112071],[-70.5780638277753,-33.4252873102133],[-70.5779903034597,-33.4252791552415],[-70.5778891050643,-33.4252703395777],[-70.5778325635121,-33.4252700534284],[-70.5777574734694,-33.4252750445285]]]},"properties":{"ZONA":"UVO/EAm2","NOMBRE":"UVO/EAm2 Zona de Uso de Vivienda y Equipamiento de Oficina/ Edificación Aislada Media N°2"}},{"type":"Feature","geometry":{"type":"Polygon","coordinates":[[[-70.5777574734694,-33.4252750445285],[-70.5778325635121,-33.4252700534284],[-70.5778891050643,-33.4252703395777],[-70.5779903034597,-33.4252791552415],[-70.5780638277753,-33.4252873102133],[-70.5781580035507,-33.4253063112071],[-70.5784103288639,-33.425363269792],[-70.5784850024268,-33.4253801261723],[-70.5785841863274,-33.4250444242588],[-70.5785448530725,-33.4250421193089],[-70.5785995544262,-33.424867458882],[-70.5790223371934,-33.4249575208998],[-70.5791566941924,-33.4245241387701],[-70.579416649002,-33.4245833808491],[-70.5795122519827,-33.4242503229374],[-70.5795399106344,-33.4241539643347],[-70.5799933810624,-33.4242495978981],[-70.5801525638141,-33.4236987926737],[-70.5799942183139,-33.4236637183581],[-70.5801187343344,-33.4232911048519],[-70.5801644082972,-33.4233022161618],[-70.580547459262,-33.4233954027929],[-70.5805665951663,-33.423367976539],[-70.5807263508011,-33.4231390003604],[-70.5807597111293,-33.4230956249933],[-70.5804102939223,-33.4228924854727],[-70.5804605038228,-33.4228281008221],[-70.5808820891133,-33.422287487868],[-70.5808846834588,-33.4222195173526],[-70.5809240515347,-33.4222369810749],[-70.5812381770084,-33.4223763247683],[-70.5812575094314,-33.4223127853148],[-70.5813537731914,-33.4219963908281],[-70.5815212680434,-33.4220351227865],[-70.5816422439346,-33.4216759272439],[-70.5817648527446,-33.4213760978474],[-70.5818796202429,-33.4211145468596],[-70.5821617474603,-33.4206375214495],[-70.5822342951385,-33.4206650147143],[-70.5827799999623,-33.4199140764635],[-70.5827286275104,-33.4198990472648],[-70.5831753405939,-33.4190242898215],[-70.5829642332088,-33.4189505219062],[-70.5826892399551,-33.4188543979099],[-70.5824843766821,-33.4192673855843],[-70.5824497227825,-33.4193556336532],[-70.5824375812329,-33.41938077226],[-70.582358455854,-33.4195446028168],[-70.5822941611089,-33.4196655491782],[-70.5822557217229,-33.4197303453282],[-70.5822030740834,-33.4198131926988],[-70.5821323403929,-33.4199190296186],[-70.5820075534515,-33.4200890077064],[-70.5818800820488,-33.4202712182075],[-70.5818034066515,-33.4203698113932],[-70.5817365247259,-33.4204464379533],[-70.5816873032437,-33.4205232739358],[-70.5812426619281,-33.421125600656],[-70.5807809939703,-33.4217493884164],[-70.5807042099232,-33.4218537541069],[-70.5805336511832,-33.4220950725501],[-70.5794326565132,-33.4235333950096],[-70.5793394009881,-33.4236195648946],[-70.578948756847,-33.4240417937287],[-70.5786583646705,-33.4243448954125],[-70.5786093897617,-33.4243990214312],[-70.5782938700669,-33.4247264662696],[-70.5778621104028,-33.425173021829],[-70.5777574734694,-33.4252750445285]]]},"properties":{"ZONA":"UVO/EAa1","NOMBRE":"UVO/EAa1 Zona de Uso de Vivienda y Equipamiento de Oficina/ Edificación Aislada Alta N°1"}},{"type":"Feature","geometry":{"type":"Polygon","coordinates":[[[-70.5793646468366,-33.4056685788168],[-70.5797622028566,-33.4059284382985],[-70.5798300014433,-33.4059770508556],[-70.5807756628868,-33.4066550845566],[-70.5812481209617,-33.407005185174],[-70.5813234550294,-33.4069368716444],[-70.5813129931181,-33.4067520795124],[-70.5814124373949,-33.4067448460903],[-70.5815558877798,-33.4066147635005],[-70.5815056241721,-33.4065885600951],[-70.5815262544668,-33.4065495223553],[-70.5816335124843,-33.4065809638538],[-70.5817404337562,-33.406397658326],[-70.5816862918768,-33.4063536091846],[-70.5819479097859,-33.4058760293267],[-70.5818297158869,-33.4058298137676],[-70.5817730452008,-33.4058424677831],[-70.5813000557875,-33.4056456764288],[-70.5812993532914,-33.4056069106608],[-70.5808732877654,-33.4054482950936],[-70.5807298392664,-33.4055783777788],[-70.5806076591808,-33.4055083508748],[-70.5805514746,-33.4055478414875],[-70.580418203724,-33.405428737635],[-70.5802484278566,-33.4054663790141],[-70.5793646468366,-33.4056685788168]]]},"properties":{"ZONA":"UEe1/Ee1","NOMBRE":"UEe1/Ee1 Zona Especial 1 Equipamientos Intercomunales y Comunal/ Edificación Especial N°1, Equipam"}},{"type":"Feature","geometry":{"type":"Polygon","coordinates":[[[-70.5670706295194,-33.4012669278935],[-70.567225441019,-33.401058536164],[-70.5670554703726,-33.4009314199577],[-70.5668490303677,-33.4007631709959],[-70.5666208097186,-33.4005539571183],[-70.5663996009563,-33.400344647949],[-70.5662278017682,-33.4001523979761],[-70.5661056239687,-33.3999889756334],[-70.5659996178177,-33.3998455188116],[-70.5648285106437,-33.4003407691289],[-70.5647028361431,-33.4002882236658],[-70.5646076313163,-33.4004591184933],[-70.564498654239,-33.400410384472],[-70.5644439084461,-33.4005303818952],[-70.5644983328835,-33.4005511703217],[-70.5645018186953,-33.4005869188329],[-70.5641867732568,-33.401103911198],[-70.5641467841888,-33.4010948711597],[-70.564077816685,-33.4012150477347],[-70.5646741158578,-33.4014700033925],[-70.5652338262322,-33.4005102344263],[-70.5654378479656,-33.4005955360064],[-70.5658269679136,-33.4007519402365],[-70.5662160892337,-33.4009083441028],[-70.5665899504027,-33.4010761926579],[-70.5670706295194,-33.4012669278935]]]},"properties":{"ZONA":"UEe1/Ee1","NOMBRE":"UEe1/Ee1 Zona Especial 1 Equipamientos Intercomunales y Comunal/ Edificación Especial N°1, Equipam"}},{"type":"Feature","geometry":{"type":"Polygon","coordinates":[[[-70.5634006380915,-33.4028701228949],[-70.563721165948,-33.4030141210193],[-70.564323921342,-33.4032773378973],[-70.5649266773693,-33.4035481840861],[-70.5655370623892,-33.4038228450032],[-70.5663000308462,-33.402548702131],[-70.56581935263,-33.4023465214029],[-70.5654531206028,-33.4021977466886],[-70.5650640005158,-33.4020375275098],[-70.5646825099228,-33.4018734943462],[-70.5641211803095,-33.4016382018462],[-70.5634006380915,-33.4028701228949]]]},"properties":{"ZONA":"UEe1/Ee1","NOMBRE":"UEe1/Ee1 Zona Especial 1 Equipamientos Intercomunales y Comunal/ Edificación Especial N°1, Equipam"}},{"type":"Feature","geometry":{"type":"Polygon","coordinates":[[[-70.5736705669769,-33.4186062665628],[-70.5735629348915,-33.4188496505597],[-70.5737689201169,-33.4189114627373],[-70.573599066015,-33.4192969811041],[-70.5737055127419,-33.4193296957504],[-70.5738676454162,-33.4189424228481],[-70.5740778995544,-33.4190041803314],[-70.5741811766683,-33.4187593469167],[-70.5743071067667,-33.418460812472],[-70.573804881516,-33.418302543429],[-70.5736705669769,-33.4186062665628]]]},"properties":{"ZONA":"UEe5/Ee5","NOMBRE":"UEe5/Ee5 Zona Especial 5 Uso de Interés Patrimonial/ Edificación Espacial N°5 Áreas de Interé"}},{"type":"Feature","geometry":{"type":"Polygon","coordinates":[[[-70.5646757208875,-33.4173059494906],[-70.5654380015118,-33.4175368522675],[-70.5658566671482,-33.4176445637615],[-70.5669446958758,-33.417956704476],[-70.5677727149004,-33.4182122067229],[-70.5694623551696,-33.4187623600388],[-70.5715599938091,-33.4193852741037],[-70.5724487524384,-33.4196487705928],[-70.5731045788008,-33.4198738523657],[-70.5748838217711,-33.420404785995],[-70.5754558980013,-33.4211754739593],[-70.5770972020569,-33.4234704500116],[-70.5772562611976,-33.423611594407],[-70.5774287377115,-33.4237274760052],[-70.5777605111457,-33.4238668249603],[-70.5777829249355,-33.4238748773198],[-70.5778983677651,-33.423755613708],[-70.5778892256938,-33.4237444182377],[-70.577716940954,-33.4235334222104],[-70.5777324647396,-33.4235229698847],[-70.5779203808222,-33.4233964406751],[-70.5780043061231,-33.4232057012678],[-70.5780993672789,-33.4232369065174],[-70.5782153464074,-33.4232720174096],[-70.5784315374431,-33.4233209207226],[-70.5785193489003,-33.4233383358826],[-70.5787559080122,-33.4229604880851],[-70.5787495369196,-33.4229034628321],[-70.5789019894327,-33.4227271546991],[-70.5786649366643,-33.4226768385147],[-70.5783376911419,-33.422607377448],[-70.5771420223238,-33.4209655547849],[-70.5761579749545,-33.4196142622118],[-70.5760371677446,-33.4194909708401],[-70.5760058881576,-33.4194590481244],[-70.5752651435728,-33.419827483842],[-70.5750591774574,-33.4197457071934],[-70.5744299712678,-33.4195523403399],[-70.5743966704665,-33.4195421060125],[-70.5746869859021,-33.4189137748154],[-70.5741826331605,-33.4187597838604],[-70.5741811766683,-33.4187593469167],[-70.5740778995544,-33.4190041803314],[-70.5738676454162,-33.4189424228481],[-70.5737055127419,-33.4193296957504],[-70.573599066015,-33.4192969811041],[-70.5737689201169,-33.4189114627373],[-70.5735629348915,-33.4188496505597],[-70.5736705669769,-33.4186062665628],[-70.572919399368,-33.4183810629647],[-70.5721301388886,-33.4181330808931],[-70.5709047215085,-33.4177642688378],[-70.5690949962251,-33.4171831328487],[-70.5683959813553,-33.4169724466607],[-70.5676395611672,-33.4167363826986],[-70.5664018300716,-33.4163756840003],[-70.5658365396351,-33.4162190110345],[-70.5651380870491,-33.4160017715373],[-70.5651322948551,-33.4160238216653],[-70.5651293403212,-33.4160350661637],[-70.5649672423693,-33.4166521511206],[-70.5646757208875,-33.4173059494906]]]},"properties":{"ZONA":"UV2/EAa1","NOMBRE":"UV2/EAa1 Zona de Uso de Vivienda Nâ°2 Equipamiento (Media Intensidad)/ Edificación Aislada Alta N"}},{"type":"Feature","geometry":{"type":"Polygon","coordinates":[[[-70.5644594470755,-33.418507092011],[-70.5648428789089,-33.4186127766351],[-70.5652049385289,-33.4187239758015],[-70.5652036098226,-33.4179715645651],[-70.5652653569737,-33.4177655779814],[-70.5653371064191,-33.4177772964612],[-70.5653890443801,-33.4176602399736],[-70.5654367119743,-33.4175414598301],[-70.5654380015118,-33.4175368522675],[-70.5646757208875,-33.4173059494906],[-70.5646621457456,-33.4173363938437],[-70.564661815277,-33.4173371555616],[-70.5645902694238,-33.4175022288848],[-70.5645307626688,-33.4176503372256],[-70.5644933566921,-33.4178073781895],[-70.5644770519664,-33.4179181012156],[-70.5644624612922,-33.4181239660792],[-70.5644555726791,-33.4183512292291],[-70.5644594470755,-33.418507092011]]]},"properties":{"ZONA":"UV2/EAm4","NOMBRE":"UV2/EAm4 Zona de Uso de Vivienda Nâ°2 Equipamiento (Media Intensidad)/ Edificación Aislada Media"}},{"type":"Feature","geometry":{"type":"Polygon","coordinates":[[[-70.5651451081835,-33.4309356002267],[-70.5656093818283,-33.4309551406168],[-70.5657410693199,-33.4309606827204],[-70.5657423362416,-33.4309607361651],[-70.5659682659116,-33.4309683481785],[-70.5654760080775,-33.4291258461549],[-70.5653560620967,-33.4286304705158],[-70.5653520263981,-33.4286138049111],[-70.5652563879652,-33.428218820187],[-70.5650330322375,-33.4272963435153],[-70.564798948138,-33.4263295335525],[-70.565201544904,-33.4263644215918],[-70.5653236130371,-33.4253763903728],[-70.5651481281371,-33.4253611320705],[-70.5651019704303,-33.4253567662022],[-70.5652231630603,-33.4208074794781],[-70.5653579083968,-33.4208043692509],[-70.565605876202,-33.420798645519],[-70.5659492182557,-33.4207872015564],[-70.566826645188,-33.4207757489655],[-70.5668113808609,-33.4205430471469],[-70.5667884903585,-33.4204247890543],[-70.5664069931697,-33.4194749095322],[-70.5663764733031,-33.4193566511918],[-70.5663841015598,-33.4192765406036],[-70.5663993604881,-33.4192040597324],[-70.566445138634,-33.4191125044996],[-70.5663517724133,-33.4190831626121],[-70.5653769655248,-33.4187768099264],[-70.5652515595383,-33.4187382940035],[-70.5652049385289,-33.4187239758015],[-70.5648428789089,-33.4186127766351],[-70.5644594470755,-33.418507092011],[-70.564460061315,-33.4185318028987],[-70.5644728201768,-33.4190451274234],[-70.564484273504,-33.4195799024908],[-70.564484517708,-33.4195912978117],[-70.5644911928667,-33.4199029809375],[-70.5644917881158,-33.4200549872773],[-70.5644950546152,-33.420237078785],[-70.5645054081156,-33.4208142254075],[-70.5645104633183,-33.4209144312956],[-70.5644828060625,-33.4218160923753],[-70.5644765298377,-33.4219457745485],[-70.5644693809054,-33.4222806343661],[-70.5644372343243,-33.4229321914295],[-70.5644390515083,-33.423019695091],[-70.564423902364,-33.4233601534124],[-70.5644195080161,-33.4234588948315],[-70.5644087520809,-33.4237006117309],[-70.564408316941,-33.4237104076284],[-70.5643910527198,-33.4240983764346],[-70.5643337297596,-33.4251901310982],[-70.5643012204356,-33.4252810266798],[-70.5643352847269,-33.4253325575655],[-70.5643488079406,-33.4253726461456],[-70.5645437368326,-33.4260602465039],[-70.5645464775414,-33.4260699121471],[-70.5645914238331,-33.4262284571985],[-70.5646293104099,-33.4263148320563],[-70.5645602338886,-33.4263246750986],[-70.5640500165291,-33.4264308946098],[-70.5640545520256,-33.4265235892291],[-70.5641113826591,-33.4267307174401],[-70.5642211535283,-33.4271747105817],[-70.5642436537183,-33.4272377748996],[-70.5643781838091,-33.4277862424186],[-70.5643792746238,-33.4277906900728],[-70.5644147850302,-33.427935462191],[-70.5644152898353,-33.427937521042],[-70.5644710442433,-33.4281648241822],[-70.5647008210539,-33.4290824509437],[-70.5647226903141,-33.4291918732879],[-70.5649248268464,-33.4299953800607],[-70.5651395641873,-33.4308969342859],[-70.5651451081835,-33.4309356002267]]]},"properties":{"ZONA":"UV2/EAm2","NOMBRE":"UV2/EAm2 Zona de Uso de Vivienda Nâ°2 Equipamiento (Media Intensidad)/ Edificación Aislada Media"}},{"type":"Feature","geometry":{"type":"Polygon","coordinates":[[[-70.5651380870491,-33.4160017715373],[-70.5658365396351,-33.4162190110345],[-70.5662162101468,-33.414992536239],[-70.5661017584102,-33.4149620191813],[-70.5660085069743,-33.4149340219456],[-70.5655162822005,-33.4147862404527],[-70.5654316520056,-33.4150517220861],[-70.5653489404611,-33.4153111866915],[-70.5653012474723,-33.4154607984851],[-70.5651815968283,-33.4158361327202],[-70.5651380870491,-33.4160017715373]]]},"properties":{"ZONA":"UV2/EAm4","NOMBRE":"UV2/EAm4 Zona de Uso de Vivienda Nâ°2 Equipamiento (Media Intensidad)/ Edificación Aislada Media"}},{"type":"Feature","geometry":{"type":"Polygon","coordinates":[[[-70.5655162822005,-33.4147862404527],[-70.5660085069743,-33.4149340219456],[-70.5661017584102,-33.4149620191813],[-70.5662162101468,-33.414992536239],[-70.5665661578845,-33.4137829925936],[-70.5669098240936,-33.4125951255199],[-70.5668418300923,-33.4125167357962],[-70.5662109700014,-33.4123878069558],[-70.5659612514931,-33.4132900129724],[-70.5658009694763,-33.4138617548886],[-70.5655162822005,-33.4147862404527]]]},"properties":{"ZONA":"UV2/EAm2","NOMBRE":"UV2/EAm2 Zona de Uso de Vivienda Nâ°2 Equipamiento (Media Intensidad)/ Edificación Aislada Media"}},{"type":"Feature","geometry":{"type":"Polygon","coordinates":[[[-70.5638618435642,-33.4158857272381],[-70.5640230868105,-33.4165215413698],[-70.5633186882196,-33.4166440462038],[-70.5633076320136,-33.4166459694091],[-70.5631726353033,-33.4166694459189],[-70.5630155992592,-33.4159993498798],[-70.562765742258,-33.4160541640733],[-70.5591014432821,-33.4166501040603],[-70.5560728499724,-33.4171722620989],[-70.5555176031397,-33.4172579383339],[-70.5556242679252,-33.417777137579],[-70.5556417247588,-33.4179027666325],[-70.5556585757574,-33.4179859840826],[-70.5558094672428,-33.4185880093399],[-70.5574896694528,-33.4183035173532],[-70.5586923031366,-33.4180998730359],[-70.560749872782,-33.4177514312327],[-70.5636458288687,-33.417260949318],[-70.5639000163774,-33.4172249200332],[-70.5641503527771,-33.4172217632137],[-70.5644251643038,-33.4172771749568],[-70.5644335357785,-33.4172610111294],[-70.5647233873146,-33.4165824886682],[-70.5648296650642,-33.4162678824142],[-70.5649004321319,-33.4160357396146],[-70.5649304734164,-33.4159371966574],[-70.5649358866935,-33.4159194386853],[-70.5645419701651,-33.4158495687339],[-70.5643710327603,-33.4158374080827],[-70.5641282213794,-33.4158530222534],[-70.5638618435642,-33.4158857272381]]]},"properties":{"ZONA":"UV2/EAa1","NOMBRE":"UV2/EAa1 Zona de Uso de Vivienda Nâ°2 Equipamiento (Media Intensidad)/ Edificación Aislada Alta N"}},{"type":"Feature","geometry":{"type":"Polygon","coordinates":[[[-70.5645756171397,-33.4145249601598],[-70.5648147693132,-33.414575517262],[-70.5651750726981,-33.4146847206894],[-70.5652877208194,-33.414716043276],[-70.5655533415515,-33.4138071807051],[-70.5655581763481,-33.4137906384773],[-70.5657209520088,-33.4132336655332],[-70.5659832810118,-33.4123499490828],[-70.5660027156756,-33.4122808064152],[-70.5654868918527,-33.4121872247834],[-70.5653241566854,-33.4121545007546],[-70.5652445224009,-33.4121414233992],[-70.5646411732571,-33.4142913671915],[-70.5645756171397,-33.4145249601598]]]},"properties":{"ZONA":"UV2/EAm2","NOMBRE":"UV2/EAm2 Zona de Uso de Vivienda Nâ°2 Equipamiento (Media Intensidad)/ Edificación Aislada Media"}},{"type":"Feature","geometry":{"type":"Polygon","coordinates":[[[-70.5635485293752,-33.4146502320596],[-70.5638508639547,-33.4158424310551],[-70.5638618435642,-33.4158857272381],[-70.5641282213794,-33.4158530222534],[-70.5643710327603,-33.4158374080827],[-70.5645419701651,-33.4158495687339],[-70.5649358866935,-33.4159194386853],[-70.5649711999218,-33.4158035967636],[-70.5650613225034,-33.4154807213185],[-70.5650814152122,-33.4153625913487],[-70.5652877208194,-33.414716043276],[-70.5651750726981,-33.4146847206894],[-70.5648147693132,-33.414575517262],[-70.5645756171397,-33.4145249601598],[-70.5645524084522,-33.4145200537854],[-70.5645003123281,-33.4145140967919],[-70.5644467349302,-33.4145134495804],[-70.5643916126276,-33.414514144837],[-70.564339731057,-33.4145200912183],[-70.564129199891,-33.414551842535],[-70.5638357124173,-33.4146034420149],[-70.5635485293752,-33.4146502320596]]]},"properties":{"ZONA":"UV2/EAm4","NOMBRE":"UV2/EAm4 Zona de Uso de Vivienda Nâ°2 Equipamiento (Media Intensidad)/ Edificación Aislada Media"}},{"type":"Feature","geometry":{"type":"Polygon","coordinates":[[[-70.5636458288687,-33.417260949318],[-70.5635326682899,-33.4176675140243],[-70.5634806801318,-33.4180935169128],[-70.5634704392518,-33.4181910884482],[-70.5634790095168,-33.4190575108239],[-70.5642234556133,-33.4190461560951],[-70.5642190189583,-33.4188599425387],[-70.5642188748909,-33.4188538884749],[-70.564206900397,-33.4183512913445],[-70.5642040932201,-33.4181947648544],[-70.5642122495734,-33.4180380937763],[-70.5642379219455,-33.4178382235087],[-70.5642682978732,-33.417696625173],[-70.5643026520682,-33.4175733968143],[-70.5643372360022,-33.4174624432509],[-70.564389977966,-33.4173451181876],[-70.5644251643038,-33.4172771749568],[-70.5641503527771,-33.4172217632137],[-70.5639000163774,-33.4172249200332],[-70.5636458288687,-33.417260949318]]]},"properties":{"ZONA":"UV2/EAm4","NOMBRE":"UV2/EAm4 Zona de Uso de Vivienda Nâ°2 Equipamiento (Media Intensidad)/ Edificación Aislada Media"}},{"type":"Feature","geometry":{"type":"Polygon","coordinates":[[[-70.5634790095168,-33.4190575108239],[-70.5635185512554,-33.4208283263214],[-70.5634732238171,-33.4219297078226],[-70.5634039995069,-33.4236117076215],[-70.5633783274484,-33.4238312026099],[-70.5631552454817,-33.4241803567293],[-70.5630247627448,-33.4243865303682],[-70.5629090769417,-33.424734655998],[-70.5628212157544,-33.4251251385567],[-70.5626876485824,-33.425109512632],[-70.5622640645691,-33.4250483376459],[-70.5622978883851,-33.4251281178745],[-70.5627471150384,-33.4269764639832],[-70.5627829083144,-33.4270892456066],[-70.5632614566952,-33.4271406748681],[-70.563297194657,-33.4271445153182],[-70.5642349819411,-33.4309035389687],[-70.5647258945351,-33.4309201583474],[-70.5647992982066,-33.4309226428463],[-70.5649932135466,-33.4309292068598],[-70.5649873795248,-33.4308890006178],[-70.5648761441826,-33.4304233241941],[-70.564797901051,-33.4300905542297],[-70.5647143392236,-33.4297584068368],[-70.5646291937521,-33.429409717009],[-70.5645419097442,-33.4290763114431],[-70.5642916853335,-33.4280518079166],[-70.5641869228762,-33.42763612191],[-70.5640821614964,-33.4272204357589],[-70.5639673362708,-33.4267598338637],[-70.5635575026769,-33.4252007742657],[-70.5635736286303,-33.4251245257413],[-70.5636172136792,-33.4249103440228],[-70.5637310528169,-33.4246216779382],[-70.563792575766,-33.4245272683047],[-70.5638721904861,-33.4244045416938],[-70.5640311890616,-33.4241466133337],[-70.564059872592,-33.4240869490886],[-70.5640914537177,-33.4239891634586],[-70.5641209555612,-33.4238833875617],[-70.5641466455168,-33.4237842522079],[-70.5641556752708,-33.4237248277058],[-70.5641606880073,-33.4236918426993],[-70.5641671723142,-33.4236160042893],[-70.5641687997376,-33.4234875252273],[-70.5641730361734,-33.4233552615887],[-70.5641732567556,-33.4233483723322],[-70.5641838923687,-33.4230163292354],[-70.564200479894,-33.4226850182024],[-70.5642149447238,-33.4222691265956],[-70.5642264708335,-33.4219342124695],[-70.5642350860226,-33.4216904581988],[-70.5642605392264,-33.4209102256739],[-70.5642591327687,-33.4208204207046],[-70.5642412779646,-33.419898646149],[-70.5642234556133,-33.4190461560951],[-70.5634790095168,-33.4190575108239]]]},"properties":{"ZONA":"UV2/EAm2","NOMBRE":"UV2/EAm2 Zona de Uso de Vivienda Nâ°2 Equipamiento (Media Intensidad)/ Edificación Aislada Media"}},{"type":"Feature","geometry":{"type":"Polygon","coordinates":[[[-70.5603686836677,-33.4057607957918],[-70.5599768152271,-33.4062327724747],[-70.5599978592086,-33.4062452653482],[-70.5601068744885,-33.4062820235024],[-70.5601778395099,-33.4063159287124],[-70.5605517821529,-33.4058617367684],[-70.5607805030224,-33.4060516585711],[-70.5613783375146,-33.4059274344739],[-70.5613593348334,-33.405813712789],[-70.5613279308918,-33.4056615788392],[-70.5612949173496,-33.4055509698937],[-70.5606997912605,-33.4056501566976],[-70.5606463825083,-33.4056501576653],[-70.5606158628951,-33.4056234537745],[-70.5606006036821,-33.4055891212696],[-70.5605853415878,-33.4055264284421],[-70.5605789865595,-33.4055003241888],[-70.5603686836677,-33.4057607957918]]]},"properties":{"ZONA":"UEe1/Ee1","NOMBRE":"UEe1/Ee1 Zona Especial 1 Equipamientos Intercomunales y Comunal/ Edificación Especial N°1, Equipam"}},{"type":"Feature","geometry":{"type":"Polygon","coordinates":[[[-70.5263821192107,-33.3868250397826],[-70.526267188518,-33.3869206485955],[-70.5260678657017,-33.3871296031766],[-70.5259319161135,-33.3872580749334],[-70.5257870757024,-33.3873721648728],[-70.5256690499543,-33.3874528395173],[-70.526529653854,-33.3881019902877],[-70.5264834191407,-33.3881419313345],[-70.5267910416494,-33.3884101683027],[-70.5280402504735,-33.3873818663096],[-70.527720205757,-33.3871352602971],[-70.5274118966177,-33.3868276617561],[-70.5273908183428,-33.3868422381522],[-70.5273258310092,-33.3867857703316],[-70.5273551908055,-33.386756775073],[-70.5269505079197,-33.3863974740918],[-70.526803202581,-33.3865064351099],[-70.5264966603174,-33.3867345257249],[-70.5263821192107,-33.3868250397826]]]},"properties":{"ZONA":"UEe5/Ee5","NOMBRE":"UEe5/Ee5 Zona Especial 5 Uso de Interés Patrimonial/ Edificación Espacial N°5 Áreas de Interé"}},{"type":"Feature","geometry":{"type":"Polygon","coordinates":[[[-70.5549355101244,-33.3948321524716],[-70.5539579164847,-33.3949798898675],[-70.5540465259649,-33.3953922361391],[-70.5554351511026,-33.3957012254469],[-70.5555038187028,-33.395716484179],[-70.5555572259179,-33.3955677076223],[-70.5559310812741,-33.3947017490719],[-70.5559403460111,-33.3946802897394],[-70.5549943478911,-33.3948232605399],[-70.5549355101244,-33.3948321524716]]]},"properties":{"ZONA":"UEe1/Ee1","NOMBRE":"UEe1/Ee1 Zona Especial 1 Equipamientos Intercomunales y Comunal/ Edificación Especial N°1, Equipam"}},{"type":"Feature","geometry":{"type":"Polygon","coordinates":[[[-70.5537403717908,-33.3940031939684],[-70.5538252533063,-33.3943851335461],[-70.5538702670547,-33.394586274593],[-70.554844893672,-33.3944438040508],[-70.5547138347899,-33.3938821246586],[-70.5537403717908,-33.3940031939684]]]},"properties":{"ZONA":"UEe1/Ee1","NOMBRE":"UEe1/Ee1 Zona Especial 1 Equipamientos Intercomunales y Comunal/ Edificación Especial N°1, Equipam"}},{"type":"Feature","geometry":{"type":"Polygon","coordinates":[[[-70.5538702670547,-33.394586274593],[-70.5539067929096,-33.3947494900572],[-70.5539473346372,-33.3949306479903],[-70.5539579164847,-33.3949798898675],[-70.5549355101244,-33.3948321524716],[-70.554844893672,-33.3944438040508],[-70.5538702670547,-33.394586274593]]]},"properties":{"ZONA":"UV2/EAa2","NOMBRE":"UV2/EAa2 Zona de Uso de Vivienda Nâ°2 Equipamiento (Media Intensidad)/ Edificación Aislada Alta N"}},{"type":"Feature","geometry":{"type":"Polygon","coordinates":[[[-70.5582889176195,-33.4219393101221],[-70.5582994105325,-33.421993872433],[-70.559504379212,-33.4217967258687],[-70.5594723814139,-33.421681052765],[-70.5594193591782,-33.4214331721148],[-70.5593723411925,-33.4212602719222],[-70.5581820963055,-33.4214548332073],[-70.5582889176195,-33.4219393101221]]]},"properties":{"ZONA":"UEe1/Ee1","NOMBRE":"UEe1/Ee1 Zona Especial 1 Equipamientos Intercomunales y Comunal/ Edificación Especial N°1, Equipam"}},{"type":"Feature","geometry":{"type":"Polygon","coordinates":[[[-70.549774104736,-33.4259258136025],[-70.5508880550967,-33.4260440656222],[-70.5510253843429,-33.4251247008933],[-70.5499190634461,-33.4250026344387],[-70.549854848632,-33.4254371416123],[-70.549774104736,-33.4259258136025]]]},"properties":{"ZONA":"UEe1/Ee1","NOMBRE":"UEe1/Ee1 Zona Especial 1 Equipamientos Intercomunales y Comunal/ Edificación Especial N°1, Equipam"}},{"type":"Feature","geometry":{"type":"Polygon","coordinates":[[[-70.5381268865765,-33.4255313634239],[-70.5381505397525,-33.4257801368134],[-70.5382640562186,-33.4262315291305],[-70.5383204896334,-33.426504290799],[-70.5383222956758,-33.4265130208217],[-70.5383488322967,-33.4266412797034],[-70.5383877116792,-33.426847676607],[-70.5383737974815,-33.427057681964],[-70.5385973950731,-33.4270541576537],[-70.5386422498076,-33.4270588724285],[-70.5387999309744,-33.4270560330127],[-70.5386715664692,-33.4265593246445],[-70.5384414695087,-33.4255669179939],[-70.5383381522309,-33.4249094678599],[-70.5383365275441,-33.4248991275915],[-70.5382884774719,-33.4245933615679],[-70.5382562562842,-33.4243793064387],[-70.5382549575561,-33.4243706765368],[-70.5381985501332,-33.4239959380026],[-70.5380165770969,-33.4237056788776],[-70.5379588600243,-33.4237242557443],[-70.5379203416739,-33.4237311239051],[-70.5378581245686,-33.4237335340963],[-70.5378238051315,-33.4237348624166],[-70.5379114269688,-33.4242287431429],[-70.5379031002368,-33.4242314779929],[-70.53789900022,-33.4242359190301],[-70.5378970418259,-33.4242438525183],[-70.5379033458051,-33.4243043712787],[-70.5379162137457,-33.424447465663],[-70.537920063942,-33.4244878278967],[-70.5379262860055,-33.4245292474423],[-70.5379489360197,-33.4246921720781],[-70.5379544841973,-33.4247280058183],[-70.5379550729277,-33.4247318106262],[-70.5379700231196,-33.4248283718028],[-70.5379754051893,-33.4248642382639],[-70.5379810071156,-33.4249014105784],[-70.538034991558,-33.4252428767007],[-70.5380396472767,-33.4252805477422],[-70.5380657630126,-33.4254444439272],[-70.5381268865765,-33.4255313634239]]]},"properties":{"ZONA":"AV","NOMBRE":"AV Zona de Áreas Verdes"}},{"type":"Feature","geometry":{"type":"Polygon","coordinates":[[[-70.5341841736788,-33.4156294841542],[-70.5341600085611,-33.4156943094702],[-70.5341158282148,-33.4158926278673],[-70.5340897004959,-33.4160475911206],[-70.5340830098962,-33.4160950128411],[-70.5343506428268,-33.4160946946514],[-70.5350499357994,-33.4160938609478],[-70.5354227078461,-33.4161011151559],[-70.5354258813807,-33.4161011768766],[-70.535560201531,-33.4161037905684],[-70.5358954338309,-33.4161125380195],[-70.5363009112224,-33.415622221452],[-70.5362956365616,-33.4155650184781],[-70.5364298825661,-33.4155401465101],[-70.5363835818583,-33.4152653648279],[-70.5363613179069,-33.415136714086],[-70.5357077607324,-33.4152239216343],[-70.5357341296219,-33.4154288036796],[-70.5353203378128,-33.4154894623296],[-70.5348779190088,-33.4155529746934],[-70.5347434950959,-33.4155693526718],[-70.5342768478254,-33.4156262067355],[-70.5342355120892,-33.4156292928332],[-70.5341841736788,-33.4156294841542]]]},"properties":{"ZONA":"UEe1/Ee1","NOMBRE":"UEe1/Ee1 Zona Especial 1 Equipamientos Intercomunales y Comunal/ Edificación Especial N°1, Equipam"}},{"type":"Feature","geometry":{"type":"Polygon","coordinates":[[[-70.5401737802745,-33.4137935293164],[-70.5404541433021,-33.4139100539222],[-70.5407101615534,-33.4139068740241],[-70.5408750959328,-33.4140023591606],[-70.5409044094269,-33.4140193294237],[-70.5409208610534,-33.4140288532787],[-70.5412821688041,-33.4142380218778],[-70.541385889213,-33.414435258628],[-70.5417636485647,-33.4146549956963],[-70.5413936232005,-33.4155507874439],[-70.5413549692413,-33.415674096808],[-70.5411116572242,-33.4163065398403],[-70.5410425039747,-33.4166635902503],[-70.5410488988838,-33.4166643495132],[-70.5413415590544,-33.4167051685964],[-70.5413492455157,-33.4166652736242],[-70.5413782834125,-33.416548529284],[-70.5414202713603,-33.4163891280191],[-70.5414615655394,-33.4162630144523],[-70.5415033288942,-33.4161523806717],[-70.5415862541368,-33.4159437689614],[-70.5417776870988,-33.4154816986278],[-70.5418397284728,-33.4153649208927],[-70.5418872489163,-33.4152754755814],[-70.542128961567,-33.4149736071181],[-70.5419751140153,-33.4148154355074],[-70.5419671635163,-33.4147991838422],[-70.5419650009448,-33.4147775889197],[-70.5419704573792,-33.4147487476229],[-70.5419953274783,-33.4146791900322],[-70.5420433463472,-33.4145556143361],[-70.5420576273312,-33.4145188632395],[-70.5418384863055,-33.4144463355279],[-70.5418097304213,-33.4145434351354],[-70.5414772025795,-33.4143509301342],[-70.5413659750498,-33.414100025772],[-70.5413201957385,-33.4140923968599],[-70.5412896760394,-33.4140733232442],[-70.5410150021929,-33.4139054742263],[-70.5409595858881,-33.4138824666449],[-70.5407902152843,-33.4137968199764],[-70.5405900742463,-33.4136969263779],[-70.5404779514671,-33.4136434685372],[-70.5403691821166,-33.4135908789119],[-70.540326395317,-33.4135700608061],[-70.5401737802745,-33.4137935293164]]]},"properties":{"ZONA":"AV","NOMBRE":"AV Zona de Áreas Verdes"}},{"type":"Feature","geometry":{"type":"Polygon","coordinates":[[[-70.5466326599382,-33.4195692373125],[-70.546520609507,-33.4195807812572],[-70.5464947098687,-33.4195811042111],[-70.5463948001732,-33.4195805201311],[-70.5463879507987,-33.4197165156295],[-70.5463826840866,-33.4202019776995],[-70.5463824177582,-33.420285883416],[-70.5472118400231,-33.4203882589263],[-70.5472562242686,-33.4201197233463],[-70.5473554064853,-33.4196238006123],[-70.5468519112157,-33.4195650509851],[-70.5467603209515,-33.4195618454818],[-70.5466877852912,-33.4195612990158],[-70.5466326599382,-33.4195692373125]]]},"properties":{"ZONA":"UEe1/Ee1","NOMBRE":"UEe1/Ee1 Zona Especial 1 Equipamientos Intercomunales y Comunal/ Edificación Especial N°1, Equipam"}},{"type":"Feature","geometry":{"type":"Polygon","coordinates":[[[-70.5357052055102,-33.4207258877255],[-70.5366050421496,-33.4207225242768],[-70.536602108907,-33.4206194640412],[-70.5366020263504,-33.4200614518891],[-70.5366050363175,-33.4200282328937],[-70.5358113278043,-33.4198595224784],[-70.5357052055102,-33.4207258877255]]]},"properties":{"ZONA":"UEe1/Ee1","NOMBRE":"UEe1/Ee1 Zona Especial 1 Equipamientos Intercomunales y Comunal/ Edificación Especial N°1, Equipam"}},{"type":"Feature","geometry":{"type":"Polygon","coordinates":[[[-70.5311192596221,-33.4250408956373],[-70.5311345254621,-33.4257695197497],[-70.5319975279387,-33.4257584512969],[-70.5324184828778,-33.4254069586327],[-70.5315083757167,-33.424686117766],[-70.5311192596221,-33.4250408956373]]]},"properties":{"ZONA":"UEe1/Ee1","NOMBRE":"UEe1/Ee1 Zona Especial 1 Equipamientos Intercomunales y Comunal/ Edificación Especial N°1, Equipam"}},{"type":"Feature","geometry":{"type":"Polygon","coordinates":[[[-70.5363778199754,-33.4068236530855],[-70.5357276056725,-33.406635873169],[-70.5356305454669,-33.4066494824013],[-70.5351681370751,-33.4065080220638],[-70.5350858543612,-33.4065813957839],[-70.5348532032198,-33.4067823642305],[-70.5347144493163,-33.4069106646814],[-70.5347839560202,-33.4069402403718],[-70.5351434944037,-33.4070670692806],[-70.5354501108807,-33.4071643790021],[-70.5355710119759,-33.4072020903708],[-70.5360808666662,-33.4073475709542],[-70.5361698688505,-33.4073729660575],[-70.5363778199754,-33.4068236530855]]]},"properties":{"ZONA":"AV","NOMBRE":"AV Zona de Áreas Verdes"}},{"type":"Feature","geometry":{"type":"Polygon","coordinates":[[[-70.5216231092934,-33.4108168764862],[-70.5217016956895,-33.4114722649483],[-70.5222044395088,-33.4114005677871],[-70.5223257025176,-33.4113905841565],[-70.5223351626101,-33.4112515666406],[-70.5221973738147,-33.4111816731448],[-70.5222474524209,-33.4111166320872],[-70.5226839853065,-33.411186438038],[-70.5228347008455,-33.4112633311852],[-70.5230880705718,-33.4113532796879],[-70.523559928706,-33.4114906546799],[-70.5235646958005,-33.4115192299142],[-70.5238395267175,-33.4116160721431],[-70.523946324297,-33.4116219180709],[-70.5240055612397,-33.4115925564873],[-70.5240685016022,-33.4115309361384],[-70.5241011988756,-33.4114482124773],[-70.5240992609427,-33.4113372805955],[-70.5240764259578,-33.4112516589105],[-70.52406320435,-33.4109833798363],[-70.5240405570501,-33.4109084941789],[-70.5238828874134,-33.4106777806401],[-70.5238721655843,-33.4105526397543],[-70.5238665859198,-33.4104775443758],[-70.5237924880194,-33.4103889738331],[-70.5237315643981,-33.4103217172053],[-70.5236074511236,-33.4103017659574],[-70.5233929219888,-33.4102363958007],[-70.5233624921442,-33.4102045562699],[-70.5232762184855,-33.4101519267262],[-70.5232275958104,-33.4100558849834],[-70.5231488569992,-33.4099458952256],[-70.5230798997791,-33.4099073707036],[-70.5229510839779,-33.4098624221783],[-70.5228820655189,-33.4098203188449],[-70.5227172408354,-33.4096684358513],[-70.5225617626434,-33.4095629671545],[-70.5224672681914,-33.4095283342819],[-70.5223173676953,-33.4094979607677],[-70.5220084732283,-33.4094051124126],[-70.5219108142421,-33.4096783326952],[-70.5216630825677,-33.4104007973793],[-70.521624533829,-33.4106374995845],[-70.5216231092934,-33.4108168764862]]]},"properties":{"ZONA":"UEe1/Ee1","NOMBRE":"UEe1/Ee1 Zona Especial 1 Equipamientos Intercomunales y Comunal/ Edificación Especial N°1, Equipam"}},{"type":"Feature","geometry":{"type":"Polygon","coordinates":[[[-70.520135310988,-33.4014433389581],[-70.5202433225419,-33.4028252556114],[-70.521964731969,-33.4026752963665],[-70.5218304642852,-33.401448335462],[-70.5217725642154,-33.401454125852],[-70.5213910749309,-33.4014655732521],[-70.5208569896285,-33.4014655762207],[-70.5205365378798,-33.4014312449668],[-70.5204144608889,-33.4014293384662],[-70.5202923849735,-33.4014274318321],[-70.520135310988,-33.4014433389581]]]},"properties":{"ZONA":"UEe1/Ee1","NOMBRE":"UEe1/Ee1 Zona Especial 1 Equipamientos Intercomunales y Comunal/ Edificación Especial N°1, Equipam"}},{"type":"Feature","geometry":{"type":"Polygon","coordinates":[[[-70.5015762557471,-33.4025787922303],[-70.5017473209207,-33.4031687902475],[-70.501947202181,-33.4038726753829],[-70.5021473101019,-33.4049201653768],[-70.502210306784,-33.4054395867445],[-70.5042518101887,-33.4047085437513],[-70.5045041067826,-33.4040714498571],[-70.5045687578829,-33.4039051653151],[-70.5048319710173,-33.4032094944887],[-70.5050205291831,-33.402702000983],[-70.5050753814888,-33.4025706746433],[-70.5051307798795,-33.4024698370078],[-70.5051914851191,-33.4023776405745],[-70.5052727611041,-33.4022721275254],[-70.5053798193581,-33.4021575959568],[-70.5055076507573,-33.4020428040899],[-70.5056204319326,-33.4019586892031],[-70.5057435362608,-33.4018700884473],[-70.5058049928124,-33.401821435927],[-70.5059127002913,-33.4017140675876],[-70.5059683478571,-33.4016534294934],[-70.5060069844606,-33.4016054002017],[-70.5060768184792,-33.4015094309936],[-70.5061092450316,-33.4014604399268],[-70.5061355928622,-33.4014156621689],[-70.5061681301394,-33.4013520317207],[-70.5060437071581,-33.4014283908702],[-70.5057862768637,-33.4015539940846],[-70.5055460962295,-33.4016687139724],[-70.5054311833522,-33.401722420629],[-70.5052601438692,-33.4017942546084],[-70.5051421004145,-33.4018380352819],[-70.5049736968011,-33.4018899076795],[-70.5047844968733,-33.4019420330074],[-70.504482698157,-33.4020104610579],[-70.5040622741931,-33.4020878084347],[-70.5035322959287,-33.4021864105184],[-70.5029994651134,-33.4022925185962],[-70.5015762557471,-33.4025787922303]]]},"properties":{"ZONA":"UV/EAb4","NOMBRE":"UV/EAb4 Zona de Uso de Suelo de Vivienda/ Edificación Aislada Baja Nº4"}},{"type":"Feature","geometry":{"type":"Polygon","coordinates":[[[-70.5058924767366,-33.3960400655417],[-70.5058615280142,-33.3959485005057],[-70.5055685008367,-33.3953706738905],[-70.5051518114339,-33.3946392336501],[-70.5046739542151,-33.3948083209029],[-70.5053530080248,-33.3961386069962],[-70.5054343629816,-33.3961228555757],[-70.5058924767366,-33.3960400655417]]]},"properties":{"ZONA":"UM/EAb4","NOMBRE":"UM/EAb4 Zona de Usos Comercio y Equipamiento de Escala Metropolitana Instituciones/ Edificación Ais"}},{"type":"Feature","geometry":{"type":"Polygon","coordinates":[[[-70.5038374095245,-33.3926889772139],[-70.5038795034188,-33.3927527405842],[-70.5039400603548,-33.3928218004141],[-70.5043082185963,-33.3931712757302],[-70.504369435476,-33.3932419723223],[-70.5044414410968,-33.3932926863838],[-70.5046914335124,-33.3935394458656],[-70.5049874330127,-33.393829082902],[-70.50500281642,-33.3938426360945],[-70.5054574045408,-33.3936634189473],[-70.504645903601,-33.3924562885075],[-70.5045115937558,-33.3925220239151],[-70.5043903784148,-33.3925670281446],[-70.504162746329,-33.3926312585316],[-70.5039652568707,-33.392674627527],[-70.5038374095245,-33.3926889772139]]]},"properties":{"ZONA":"UEe1/Ee1","NOMBRE":"UEe1/Ee1 Zona Especial 1 Equipamientos Intercomunales y Comunal/ Edificación Especial N°1, Equipam"}},{"type":"Feature","geometry":{"type":"Polygon","coordinates":[[[-70.5134698808929,-33.3964400919246],[-70.5136396564408,-33.3980245634619],[-70.5140817063457,-33.3980361234632],[-70.5142193721362,-33.3980478286502],[-70.514258060465,-33.3977593111878],[-70.5150444711013,-33.3978229003226],[-70.5150176177376,-33.3975138081495],[-70.5149509154563,-33.3968667796653],[-70.5148674797785,-33.3964848193964],[-70.5141922288758,-33.3959523181163],[-70.5137078323574,-33.3963919528309],[-70.5135933863984,-33.3964301014993],[-70.5134698808929,-33.3964400919246]]]},"properties":{"ZONA":"UEe1/Ee1","NOMBRE":"UEe1/Ee1 Zona Especial 1 Equipamientos Intercomunales y Comunal/ Edificación Especial N°1, Equipam"}},{"type":"Feature","geometry":{"type":"Polygon","coordinates":[[[-70.5080848562502,-33.3915338992251],[-70.5081385697538,-33.3916118864691],[-70.5082165003499,-33.3915853228669],[-70.5085554579916,-33.3920644008095],[-70.5084457159069,-33.3921197373183],[-70.5084639171585,-33.3921170972566],[-70.5084783517176,-33.3921193405461],[-70.5084919571075,-33.3921288493518],[-70.5085441659444,-33.3922052042972],[-70.5087103188833,-33.3924444280024],[-70.508761916417,-33.3925289358485],[-70.5088793540549,-33.392470649293],[-70.5100840650774,-33.3918797274302],[-70.5090699302838,-33.3903713505747],[-70.5090302509939,-33.3903842436063],[-70.5087064460934,-33.3905122010005],[-70.508574641957,-33.3905780617768],[-70.5082751018397,-33.3907176654332],[-70.5079843146487,-33.3908571692148],[-70.5077196457458,-33.3909889930971],[-70.5080848562502,-33.3915338992251]]]},"properties":{"ZONA":"UEe1/Ee1","NOMBRE":"UEe1/Ee1 Zona Especial 1 Equipamientos Intercomunales y Comunal/ Edificación Especial N°1, Equipam"}},{"type":"Feature","geometry":{"type":"Polygon","coordinates":[[[-70.4797207072285,-33.364407502288],[-70.4793376421501,-33.3644568097137],[-70.4788294345285,-33.3644628654046],[-70.4786408250864,-33.3644501981571],[-70.4785084565217,-33.3644632448124],[-70.4781011926688,-33.3644926529189],[-70.4778927071492,-33.36452376959],[-70.4776711251679,-33.3645371452008],[-70.4773230903074,-33.3645294526816],[-70.4772354429355,-33.3645250034339],[-70.4772705078842,-33.3652702548243],[-70.4772706002112,-33.3652722197921],[-70.4772757614591,-33.3653819117818],[-70.4772798222922,-33.3654682134584],[-70.4775033336059,-33.3654846429388],[-70.4775566435553,-33.3654564266185],[-70.4776047997452,-33.3654309384421],[-70.4778322821053,-33.3653459071062],[-70.477981567286,-33.3653453228167],[-70.4781395545571,-33.3654388886611],[-70.4783409612563,-33.365557589835],[-70.4785341615229,-33.3656513328044],[-70.4785538479657,-33.3656393542181],[-70.4788001562183,-33.3654894818348],[-70.4789664601417,-33.3654863081659],[-70.4791078147709,-33.3656051256462],[-70.4791657621015,-33.3656488023746],[-70.4792028698918,-33.3656767716237],[-70.4793390919396,-33.3657443483012],[-70.4794019641465,-33.3657626878452],[-70.4795513443622,-33.365753139592],[-70.479700233898,-33.365743623163],[-70.4799091659228,-33.3657387459779],[-70.4800110282402,-33.3657924135544],[-70.4800273305696,-33.3658090939672],[-70.480079034286,-33.365861995026],[-70.4800842865101,-33.3659465110919],[-70.4800282798574,-33.3660863943809],[-70.4799183441033,-33.3661967848284],[-70.4798132396913,-33.3662875200578],[-70.479737432144,-33.3664402139855],[-70.4796948325708,-33.366521551465],[-70.4795057443576,-33.3667696159464],[-70.4792447308281,-33.3670578766866],[-70.4797950702893,-33.3673137972993],[-70.4799484354348,-33.3673859406281],[-70.480052185022,-33.3674670275634],[-70.4801936167509,-33.3676741326213],[-70.4803066004905,-33.3678078718978],[-70.4803408167922,-33.3678859404708],[-70.4805239118284,-33.3678678621874],[-70.4806431766823,-33.3678560861344],[-70.4807855961772,-33.3678697963941],[-70.4809353351646,-33.3678955519414],[-70.4811645995154,-33.3679154846669],[-70.4812732263687,-33.3678327265495],[-70.481355512895,-33.3677700353404],[-70.4814808638711,-33.3676993400977],[-70.481588704358,-33.3676861221371],[-70.4818436421386,-33.3677107867775],[-70.4819770841639,-33.3677091935941],[-70.4820141421802,-33.367708010697],[-70.4822098075999,-33.3676703545896],[-70.4824215468622,-33.3676630541501],[-70.4825289559168,-33.3677083011726],[-70.482652264438,-33.3677798747919],[-70.4827129010738,-33.3679065441949],[-70.4827506070966,-33.3680337544455],[-70.48285765129,-33.368085396139],[-70.482895405109,-33.3681036100745],[-70.4829807175909,-33.3681873010974],[-70.483072297835,-33.3683223712189],[-70.4831144188161,-33.3683685132361],[-70.4832284641421,-33.3685532735533],[-70.4832584198805,-33.3685896340729],[-70.4838109911235,-33.3684732654687],[-70.4838566862513,-33.3684224267506],[-70.4839324037571,-33.3683381874964],[-70.4840097820634,-33.3682895384379],[-70.4841437664956,-33.3682585744416],[-70.4842124453358,-33.368219376198],[-70.4843020727457,-33.3681691203701],[-70.4845092556556,-33.3680550784302],[-70.4845302878519,-33.3680435021754],[-70.4845270018917,-33.3679337774256],[-70.4845100287183,-33.3678898919092],[-70.4844409790443,-33.3678083378745],[-70.4844444156368,-33.3676758634657],[-70.484504106715,-33.3675904401973],[-70.4845484189677,-33.3673239857036],[-70.4845357888804,-33.3669431560366],[-70.484532830205,-33.366853958289],[-70.4845601280546,-33.3667868181041],[-70.484704884792,-33.3668542858051],[-70.4848576653503,-33.3669619309842],[-70.4849949017658,-33.3671025591209],[-70.4852154401277,-33.3675294339986],[-70.4854298549899,-33.3676795843832],[-70.4855466484395,-33.3677748267155],[-70.4856712593547,-33.3679117343576],[-70.4858367713852,-33.368112578686],[-70.485855037896,-33.3686015281454],[-70.4862392612154,-33.3685393043069],[-70.4863243982745,-33.3685255162471],[-70.486440002515,-33.3685245611349],[-70.4866059640233,-33.368523189475],[-70.4866457056347,-33.3685228613836],[-70.4866706321581,-33.3684967776461],[-70.4867448952527,-33.3684190673959],[-70.4868501367755,-33.368336676008],[-70.4869645578502,-33.36829235405],[-70.4872692928695,-33.3680679809006],[-70.4873824337966,-33.3680320260607],[-70.4877934430189,-33.368120160704],[-70.4878754626256,-33.3681209046061],[-70.4881902154222,-33.3681237562593],[-70.4882302540564,-33.3680004541414],[-70.4882672258098,-33.3678866006287],[-70.4883474035673,-33.3677520128593],[-70.4884292267328,-33.3677140453723],[-70.4885532318017,-33.3677316480203],[-70.4886480856893,-33.367774301303],[-70.4886979523898,-33.3677967250816],[-70.4888378594021,-33.3678296469588],[-70.4889342361209,-33.3678009272374],[-70.4890005522099,-33.367781164622],[-70.4892311363365,-33.3677115855217],[-70.489356459124,-33.3676396886921],[-70.4896605543272,-33.3675314359409],[-70.489853638498,-33.3674475115896],[-70.4900298471774,-33.3674270985104],[-70.4903543231697,-33.3674031499775],[-70.4904846751583,-33.3673138235619],[-70.4904923540348,-33.3672943746664],[-70.4908769151176,-33.3673019538644],[-70.4907271089569,-33.3673982476438],[-70.4905070809005,-33.367407541259],[-70.4904062945506,-33.3675841358956],[-70.4903489034992,-33.3676373215545],[-70.4901121284412,-33.3677606667497],[-70.4899004123404,-33.3678526902255],[-70.4898986061125,-33.3680427326426],[-70.4898662963369,-33.3680728954792],[-70.4896523301131,-33.3683138151803],[-70.4896962601714,-33.3683884528094],[-70.4896914087803,-33.3685209442049],[-70.4897904588314,-33.3686593466165],[-70.489838897291,-33.3687482471469],[-70.490004336957,-33.3688607978129],[-70.4900073227681,-33.3688800825779],[-70.4900139238077,-33.3689227236775],[-70.4898311764254,-33.3690278262359],[-70.4897388611236,-33.3691052562344],[-70.4896261916068,-33.3691994029766],[-70.4894787293062,-33.3693073580126],[-70.4892856934206,-33.3694110870597],[-70.4891732844887,-33.369489986986],[-70.4890323606139,-33.3695644562475],[-70.4889841058204,-33.3695656051225],[-70.4889314438312,-33.3695668600577],[-70.488886398984,-33.3695936482304],[-70.4888901614364,-33.3696695661125],[-70.488892899865,-33.3697248102471],[-70.4888752720957,-33.3697751310139],[-70.4887389573337,-33.369786311441],[-70.4886045704701,-33.3697437788892],[-70.4885719649606,-33.3697552556378],[-70.4885028017322,-33.3697795984795],[-70.488483224334,-33.3698824400202],[-70.4884436025366,-33.3699771688803],[-70.488465874828,-33.3699871613776],[-70.4885109479605,-33.3700073817205],[-70.4885316233019,-33.3700524713177],[-70.4885239553013,-33.370086352477],[-70.4884401553392,-33.3702548027399],[-70.488623785321,-33.370256844638],[-70.4888709869307,-33.3702538795273],[-70.4888857059276,-33.3706866169703],[-70.4888426651854,-33.3708949612473],[-70.4887976821576,-33.3709491382253],[-70.4887408170261,-33.3709982359257],[-70.4887146446292,-33.3710926402992],[-70.488617111473,-33.3711768500507],[-70.4885556663873,-33.3712079193486],[-70.4884953040165,-33.3712384426308],[-70.4884890164893,-33.3712700155945],[-70.4886328322878,-33.3712983561558],[-70.488793610603,-33.3713207671534],[-70.4889677442646,-33.3713258372374],[-70.4891977414495,-33.3715383109562],[-70.4894247712908,-33.3717004210463],[-70.4897253969378,-33.3718185085738],[-70.4900061004416,-33.3718789097048],[-70.4900711850951,-33.3718929134705],[-70.4900661490106,-33.3719311533774],[-70.4898829150937,-33.3719749857597],[-70.4896412728024,-33.3720317003752],[-70.4895106410217,-33.3721367830581],[-70.4892649368098,-33.3721435951383],[-70.4891122298428,-33.3722357570621],[-70.48879757132,-33.372254194419],[-70.48856478878,-33.3723223282892],[-70.4884289554572,-33.3723423192699],[-70.4881183314293,-33.3724324488046],[-70.4879363977743,-33.3724530298637],[-70.4872120269045,-33.3726693099171],[-70.4870155805602,-33.3727624587735],[-70.4869133486694,-33.3728327626787],[-70.4868259750633,-33.3728791469651],[-70.486613376472,-33.3729439221867],[-70.4864243246206,-33.3730080398686],[-70.4863188756366,-33.3729949856567],[-70.4862547331169,-33.3729544899498],[-70.4861063720326,-33.3728608223411],[-70.4859536234411,-33.372923001207],[-70.485975074006,-33.3730374685709],[-70.4859906031932,-33.3730865938028],[-70.4858987524349,-33.3733161083299],[-70.4858398506536,-33.3733646483162],[-70.485615247755,-33.3734281505423],[-70.4854501643048,-33.3735876152129],[-70.4853260680038,-33.3736487550551],[-70.4853376092714,-33.3736822104264],[-70.4853849306813,-33.3737565176489],[-70.4853834999538,-33.3738485067574],[-70.4854778652303,-33.3739024468909],[-70.4857446159908,-33.3740352665111],[-70.4859042048324,-33.3741978151403],[-70.4860687954689,-33.3743437878472],[-70.4862378980234,-33.3744205072664],[-70.4863823453817,-33.3743853705943],[-70.4864593265149,-33.374420428428],[-70.4865987340409,-33.3745905644061],[-70.4866768815202,-33.374646709009],[-70.4867908228039,-33.3746572748174],[-70.4869189083079,-33.3746392650967],[-70.4870319874512,-33.3746233650325],[-70.487154580348,-33.3746409858306],[-70.4872293073807,-33.3746778423466],[-70.4873548581558,-33.3747397648649],[-70.4873372915918,-33.3748487805894],[-70.4874531299133,-33.3749802826485],[-70.4874855230843,-33.3750595613306],[-70.4874411987081,-33.3756063407175],[-70.4873873549523,-33.3757847566341],[-70.4874054104164,-33.3760388149217],[-70.4873608553182,-33.3762565335848],[-70.4874159375896,-33.3764849464546],[-70.4874688202517,-33.3765604830245],[-70.4875958735004,-33.3764698318201],[-70.4876627066261,-33.3764221464943],[-70.4878283205857,-33.3763772099705],[-70.4880708365906,-33.3763625592094],[-70.4884554403549,-33.3764008982655],[-70.4887950739995,-33.3763037630784],[-70.4886142331631,-33.3767068109381],[-70.4884034664378,-33.3770825889022],[-70.48846525548,-33.3774540922817],[-70.4888754559799,-33.3774699551821],[-70.4890465579149,-33.3775299026474],[-70.4892542876539,-33.3777156448405],[-70.4894457370237,-33.3779112130413],[-70.4897006804508,-33.3778508848053],[-70.4899416499495,-33.3777217115574],[-70.4902526142786,-33.3777179778334],[-70.4903159596473,-33.3777473465484],[-70.4906307024974,-33.3778504551334],[-70.4906749557634,-33.3779133217502],[-70.4907181460268,-33.3779746796779],[-70.4907650642083,-33.3779741160891],[-70.4908837645843,-33.3779055014793],[-70.4911151766281,-33.3777408362033],[-70.4911829363055,-33.3777643659905],[-70.4913941332061,-33.3778377035432],[-70.49148607305,-33.3777979737102],[-70.491601789172,-33.3777564645615],[-70.4917072609138,-33.3776871901828],[-70.4918427726275,-33.3776282930738],[-70.4921653467756,-33.3775313537292],[-70.4922832062067,-33.3775711778003],[-70.4924174996647,-33.3776165525933],[-70.4925279395243,-33.3777866412102],[-70.4924982146179,-33.3778797848862],[-70.4921748041936,-33.3781291298774],[-70.4920354715456,-33.3781700252431],[-70.491916892167,-33.378291133228],[-70.4916641017471,-33.3784311917305],[-70.4914781303262,-33.3785095972151],[-70.4911963836913,-33.3787492147435],[-70.4910920782946,-33.3789105294813],[-70.4911211920912,-33.3786166797139],[-70.4909036684984,-33.3788698419629],[-70.4909437771352,-33.3792201282561],[-70.4911363417109,-33.3795041564902],[-70.4915397328326,-33.3796424793037],[-70.4916125613986,-33.3796865247659],[-70.4917487421006,-33.3798664667829],[-70.4919542771578,-33.3799105265742],[-70.4922906558199,-33.3799766901543],[-70.4925235333251,-33.3800664908617],[-70.492693187067,-33.3802094578482],[-70.4929459719509,-33.380313660902],[-70.4930543582384,-33.3803733389552],[-70.493057421482,-33.3804412329632],[-70.4930662378933,-33.3806366566251],[-70.4930406005643,-33.3806885911938],[-70.4929185157308,-33.3809359126206],[-70.4926106991005,-33.3813977615306],[-70.4924439933839,-33.3816288391644],[-70.4922855727154,-33.3818455008125],[-70.4921235811955,-33.3819045969153],[-70.4920023101689,-33.3819488383933],[-70.4917006363624,-33.3821291423019],[-70.4915656065798,-33.3822166676159],[-70.4913959264164,-33.3822141219207],[-70.4913134513088,-33.3821910640735],[-70.4912595043407,-33.3822873709491],[-70.4912058476433,-33.3823856376647],[-70.4910491224826,-33.3824519480211],[-70.490957676822,-33.3824628598956],[-70.4908490081697,-33.3824758274332],[-70.4908418214805,-33.3825546579531],[-70.4907457900316,-33.3826775069233],[-70.4906528328979,-33.3827525536331],[-70.4903022582036,-33.3826281391324],[-70.4903502877772,-33.3829425381493],[-70.4903559057409,-33.3832717635391],[-70.4901901905447,-33.3833784182318],[-70.4901153072688,-33.3834832560244],[-70.4899465142933,-33.3835926601548],[-70.4897097776595,-33.3837207771634],[-70.4896074033472,-33.3837220061115],[-70.4892737766092,-33.3839228705503],[-70.4891589916226,-33.3839265974245],[-70.4890989474509,-33.3839285472046],[-70.4891399297737,-33.3839612330724],[-70.4892238707411,-33.3839986332783],[-70.4891959632961,-33.3841135054356],[-70.4890740546177,-33.3842129853318],[-70.4889771407606,-33.3842915152887],[-70.4891005390804,-33.3842721380343],[-70.4892656827191,-33.3841986133684],[-70.489379080458,-33.3840934112204],[-70.4895908968792,-33.3840049665117],[-70.4897404981774,-33.3840210671403],[-70.4898440948283,-33.3840914086065],[-70.4898467808665,-33.3842488638059],[-70.4898138841019,-33.3845713926201],[-70.48974587469,-33.3847377673046],[-70.4897268403676,-33.3849114624216],[-70.4896213943837,-33.3850425881119],[-70.4894403179182,-33.3851003163167],[-70.4893067898605,-33.3851785897678],[-70.4893898351359,-33.3851579126347],[-70.4895126239477,-33.3851691676581],[-70.4894836179516,-33.3852196259184],[-70.4893951981868,-33.3852886929296],[-70.4892836811538,-33.3852790250664],[-70.489255798627,-33.3853108364462],[-70.4892040359031,-33.3853375178346],[-70.4892178090366,-33.3853946207004],[-70.4892513252868,-33.3853584254105],[-70.4893578443537,-33.385349988911],[-70.4895321280535,-33.3853121039307],[-70.4897664596805,-33.385233121507],[-70.4898481929518,-33.3852486550962],[-70.4899877064454,-33.3854235570836],[-70.4899911985239,-33.3855788958187],[-70.4900284144874,-33.3857292472511],[-70.4901466088523,-33.385850342993],[-70.4903474113175,-33.386122201649],[-70.4905408465352,-33.3864217652147],[-70.4905652262743,-33.3865169198557],[-70.4906048466214,-33.3865718028154],[-70.4907354979397,-33.386739907488],[-70.4907401613915,-33.3869004240868],[-70.4909263984721,-33.3870745877065],[-70.4910204143586,-33.3872081319315],[-70.4910380545502,-33.3872432386148],[-70.491051219525,-33.3873930119754],[-70.4911442431677,-33.3874545662044],[-70.4911705839428,-33.3875069859352],[-70.4913446375405,-33.3877053325671],[-70.4914598206905,-33.3879874857465],[-70.4914596333047,-33.3881230456801],[-70.4914169939193,-33.3881579190557],[-70.4914884340271,-33.3882105109038],[-70.4915105399077,-33.388305692641],[-70.4915665126675,-33.388385195177],[-70.4916568136334,-33.388445875349],[-70.4916832865689,-33.3885006454155],[-70.4917094533638,-33.3887663741117],[-70.4916218209907,-33.3888254956423],[-70.491604956037,-33.3889039644867],[-70.491631001001,-33.3889832666852],[-70.4916775717015,-33.3890252638001],[-70.4916747131374,-33.3890919762726],[-70.4916705094509,-33.3891900806195],[-70.4916263595284,-33.389224409467],[-70.4914998319627,-33.3892774717209],[-70.4912858456552,-33.3892594398234],[-70.4913687217521,-33.3893286805921],[-70.4915015923941,-33.3893805331424],[-70.4916297520484,-33.3894026113624],[-70.4916529950276,-33.38944525777],[-70.4916634602109,-33.3895313028635],[-70.4916643085176,-33.3896163272227],[-70.4915484130831,-33.3897235798292],[-70.4916327929136,-33.3898125241999],[-70.491663930103,-33.3899086443671],[-70.4915961403501,-33.3899864402445],[-70.4916358292717,-33.3900451395591],[-70.4916890158574,-33.3901400747485],[-70.4916872583513,-33.3902782842338],[-70.4916797559162,-33.3903519508478],[-70.4916039448137,-33.3904170502817],[-70.4915876885244,-33.3904441274351],[-70.4915680840503,-33.3904754655385],[-70.4916503467481,-33.3904808401484],[-70.4917161657138,-33.3904851389695],[-70.4917408319038,-33.390533855791],[-70.4917060619484,-33.3905597098567],[-70.4917564745212,-33.3905801017754],[-70.4917879036332,-33.3906166397327],[-70.4918052311698,-33.3906367836715],[-70.491818400135,-33.3907416171326],[-70.4917731580472,-33.3907574322647],[-70.491776508589,-33.3908203877783],[-70.4917108916302,-33.3908497006769],[-70.491618420284,-33.3908910100463],[-70.4915203154251,-33.3909961431324],[-70.4914687873239,-33.3910569769916],[-70.491571170147,-33.3910557462707],[-70.4916568918536,-33.3910062372029],[-70.4917565619216,-33.3909847958017],[-70.4918535490307,-33.3910207710029],[-70.4920706385106,-33.3912400749074],[-70.4923815809443,-33.3914582495988],[-70.4926749704953,-33.3916480006101],[-70.4926813332461,-33.392020167406],[-70.4925384019269,-33.3926446783891],[-70.4925090052655,-33.3929018670858],[-70.492506812657,-33.3931729625742],[-70.4925474899078,-33.3934225443704],[-70.4925904470703,-33.3935727246622],[-70.4925915157998,-33.3935917816164],[-70.4925835942188,-33.393803897672],[-70.4926708700155,-33.3938505714032],[-70.4927540515602,-33.3939240191191],[-70.4927788919135,-33.3940458923928],[-70.4927071937773,-33.3941116590937],[-70.49282453706,-33.3941866049891],[-70.4929146101144,-33.3942637881394],[-70.4929472669828,-33.3943197658822],[-70.4929732217281,-33.3943642561181],[-70.4930068059818,-33.3944650261335],[-70.4929716090822,-33.3945360796494],[-70.493014771936,-33.3946379194407],[-70.4930593520783,-33.3947430988772],[-70.4931851545373,-33.3949133890357],[-70.4932972521103,-33.3950082952934],[-70.4934269966141,-33.3950822823546],[-70.4935821833978,-33.3952407656788],[-70.4936341307063,-33.3953374129948],[-70.4939513323096,-33.3957732824742],[-70.4940948652182,-33.3959428089023],[-70.4941979956006,-33.3962508142029],[-70.4943551462148,-33.3965238088465],[-70.4944957820671,-33.3967626404932],[-70.4946081017956,-33.3969426367442],[-70.494670483253,-33.3969972449066],[-70.4946777667373,-33.3970238819276],[-70.494647008693,-33.3970472805253],[-70.4946195236145,-33.397078034023],[-70.4946520641017,-33.3971177296098],[-70.4946988374272,-33.397119160126],[-70.4947864072424,-33.3971218378898],[-70.4948637155889,-33.3972507145047],[-70.4949436224193,-33.3973480479271],[-70.4950511882002,-33.3974336223543],[-70.4952041591417,-33.3974623212289],[-70.4952835024093,-33.3974441845903],[-70.4953321854523,-33.3974119741841],[-70.4954118000009,-33.3974041541572],[-70.4955050932327,-33.3974930549118],[-70.4956275497221,-33.3976003888322],[-70.4956918935117,-33.3976066223876],[-70.4958691272267,-33.3977730158122],[-70.4960812682556,-33.398199967682],[-70.4963602011801,-33.3985402125037],[-70.4966722840555,-33.3988227887729],[-70.4969106440136,-33.3992852156771],[-70.496965615892,-33.3996470630699],[-70.4967953193634,-33.3997267965875],[-70.4966450775452,-33.3996804391248],[-70.496540212753,-33.3996702505402],[-70.4964241677015,-33.3996716503139],[-70.4962794909976,-33.3997287549317],[-70.4961960534918,-33.3997736663566],[-70.4961458451549,-33.3998983530483],[-70.4961030366269,-33.3999678578018],[-70.4961023330859,-33.4000153220365],[-70.4962252375407,-33.4000157490631],[-70.4962938205556,-33.399999464973],[-70.4963861701253,-33.3999775380523],[-70.4964885631788,-33.3999763029848],[-70.4966714468824,-33.4000237296567],[-70.4968246519687,-33.400065786439],[-70.4969830124815,-33.4002757680139],[-70.4969778414705,-33.4003322352822],[-70.4969884770903,-33.4008376728982],[-70.4969882235241,-33.4009208091733],[-70.4970556114548,-33.4009258391434],[-70.4970429082452,-33.4009813511465],[-70.4970204650372,-33.4011324278529],[-70.4969875009631,-33.4011574580541],[-70.4969310186776,-33.4012251358728],[-70.4969210494297,-33.4013073405151],[-70.4969576859016,-33.4013202612684],[-70.4970635325711,-33.4012770602885],[-70.4971418011792,-33.4012945091527],[-70.4972250482671,-33.401341612278],[-70.4972251887358,-33.4013914814876],[-70.4971393117751,-33.4014268786385],[-70.4970211434606,-33.4014565156297],[-70.4968978669995,-33.4015259833472],[-70.4968126122075,-33.4016198050068],[-70.4967529844967,-33.4016795239283],[-70.4967615952729,-33.4018507657159],[-70.4968054577738,-33.4018661443691],[-70.4968187504234,-33.4018449860447],[-70.4968271540438,-33.4017975010685],[-70.4968960994126,-33.4017104272815],[-70.4970000894129,-33.4016569946356],[-70.497383820085,-33.4016501360293],[-70.4974214682099,-33.4016818995599],[-70.497416539873,-33.4017332575867],[-70.4973944808794,-33.4017740884778],[-70.4974464561566,-33.4018187983854],[-70.4974793502579,-33.4018388770988],[-70.497526957194,-33.4018679365629],[-70.4975590222239,-33.4019128867589],[-70.4975315608166,-33.4019704861842],[-70.4975129149022,-33.4020554488586],[-70.4975495084382,-33.4021874105809],[-70.4976248519963,-33.402267631221],[-70.4977441141646,-33.402368347487],[-70.4978274710485,-33.4024811617655],[-70.4981354635675,-33.4030214888931],[-70.4982093808524,-33.4033498867235],[-70.4987761901137,-33.4040276828519],[-70.4987969537864,-33.4042662364213],[-70.4988978260708,-33.4046730518574],[-70.4991296833745,-33.40500226234],[-70.4993229146514,-33.4055698858896],[-70.4994212075015,-33.4058264042084],[-70.499282658966,-33.4062074789221],[-70.4991182615983,-33.406574549793],[-70.4992573781456,-33.4067231962282],[-70.499160510598,-33.4070465000552],[-70.498983102744,-33.4076499574696],[-70.4990257206431,-33.408143379146],[-70.4989179806952,-33.4083308016181],[-70.4985782361823,-33.4084279671944],[-70.49814351387,-33.4084618521614],[-70.4983339574686,-33.4086170385992],[-70.498535265297,-33.4086358951784],[-70.4987793055432,-33.4087641858056],[-70.499057788951,-33.4090163282439],[-70.4993920768337,-33.4090981897734],[-70.4995055976376,-33.4092471460908],[-70.4992547522815,-33.4095508343665],[-70.4995024755083,-33.4095621569829],[-70.4997383391927,-33.4095221328381],[-70.499776661538,-33.4096232689647],[-70.5000149464547,-33.4100785313013],[-70.500106805647,-33.4104568202797],[-70.4999408059876,-33.4107308507828],[-70.5002571618636,-33.4107387679996],[-70.5004866788861,-33.410849334326],[-70.501306115092,-33.4113464792341],[-70.5017009464371,-33.411556455003],[-70.5019180925924,-33.4117745459473],[-70.5022344584045,-33.4120775241616],[-70.5026908244781,-33.4123082263744],[-70.503407529467,-33.4127863186733],[-70.5041306543201,-33.4134478760592],[-70.5045914820502,-33.4141249168161],[-70.5048072574147,-33.414734161341],[-70.5048176605344,-33.4153605902171],[-70.5046373117247,-33.4158471685207],[-70.5044210986358,-33.4161790816073],[-70.5039570162157,-33.4164925242954],[-70.5031075275151,-33.4167318929602],[-70.5024534615011,-33.4169187799205],[-70.5017290225483,-33.416984821114],[-70.5010672797067,-33.4172219035207],[-70.5008660249154,-33.4174319351273],[-70.5011947674234,-33.4174401136189],[-70.5013343831981,-33.417375651922],[-70.5015227157361,-33.4174067776712],[-70.5016947199193,-33.4174810525464],[-70.5020699068069,-33.4174574198288],[-70.5026420766584,-33.4176366102621],[-70.5028746126175,-33.4175908420115],[-70.5031553784706,-33.4177019750985],[-70.5033225991341,-33.417828800775],[-70.5034618647631,-33.4179845998545],[-70.5038336675962,-33.4180946277891],[-70.5039865480782,-33.4180498232367],[-70.5042143817347,-33.418061377212],[-70.5042909809662,-33.4182131618143],[-70.5044764254906,-33.4184065777876],[-70.5046645965995,-33.4184281572462],[-70.5049328357087,-33.4184726252535],[-70.5051387348038,-33.4185321670495],[-70.5054717030498,-33.4186999298692],[-70.505668036045,-33.4188645770678],[-70.5057785297443,-33.4190016331788],[-70.5060073546398,-33.4190704394737],[-70.5063383477418,-33.4191236875935],[-70.5065850667434,-33.4192399988508],[-70.506666701875,-33.4193535425469],[-70.5070236710365,-33.4195925941136],[-70.5071931268517,-33.4195189503543],[-70.5074632671876,-33.4196731533442],[-70.5083218442743,-33.4196293083654],[-70.5084743122774,-33.4195606420713],[-70.5085862923043,-33.4194542890314],[-70.508583651373,-33.4193016067793],[-70.5087300158182,-33.4192091522914],[-70.5088357272332,-33.419069469751],[-70.5088970766441,-33.4189971388113],[-70.5089933885987,-33.4189721049209],[-70.5090657040966,-33.4188757792521],[-70.5094876510443,-33.4189231396446],[-70.5097671902018,-33.4189626878887],[-70.5099030008152,-33.4189180838574],[-70.5100564483088,-33.4188329016218],[-70.5101591894028,-33.4187190236926],[-70.5101936463977,-33.4186589501803],[-70.5102073024542,-33.4186259744929],[-70.5103033159812,-33.4186248053531],[-70.5104879216755,-33.4186046608664],[-70.510586819484,-33.4185646812205],[-70.5107240597919,-33.418479494455],[-70.5107934762739,-33.4183802197905],[-70.5108018200767,-33.4182458963067],[-70.5108413926521,-33.4180664532983],[-70.5109158118793,-33.4180506328022],[-70.5111456103615,-33.4179702828543],[-70.5112794990812,-33.417897066935],[-70.5113792752299,-33.4179077817369],[-70.5115173911669,-33.4178732892104],[-70.5117388367427,-33.4177214554142],[-70.511752388698,-33.4176825150768],[-70.5119235841986,-33.4175044497879],[-70.5119363089753,-33.4174177961747],[-70.5120460279636,-33.4173866316594],[-70.5122257306273,-33.41728899409],[-70.5123412680868,-33.4171831913928],[-70.5124346549925,-33.4172357408452],[-70.5123968319883,-33.4173107699418],[-70.512395241163,-33.4174241314744],[-70.5123725715133,-33.4175526639727],[-70.5123606227444,-33.417684048166],[-70.5123303256079,-33.4177828466894],[-70.5121762896529,-33.4179249114927],[-70.5121172446424,-33.4182119704665],[-70.5122215196364,-33.418318075494],[-70.5121931633792,-33.4184878387359],[-70.5120986815524,-33.4187824877427],[-70.512089380992,-33.4189723003917],[-70.5120943614833,-33.4190691383074],[-70.5119371190362,-33.4191032477929],[-70.5118123420505,-33.4191276758746],[-70.5115551723853,-33.4192625259333],[-70.5113221182056,-33.4194753479803],[-70.511241971787,-33.4195794063303],[-70.5112914853186,-33.4196780672011],[-70.5113278328529,-33.4196738067459],[-70.5113930945721,-33.4196455626887],[-70.5118966695094,-33.4194399505823],[-70.5127026476962,-33.4186605876286],[-70.5127714523249,-33.4181980270378],[-70.5126974816099,-33.4181166072432],[-70.5130079809229,-33.4178085844527],[-70.512908035171,-33.4177060058267],[-70.5129291688174,-33.4174480436767],[-70.5129997251152,-33.417332646824],[-70.5131543834161,-33.4171446402764],[-70.5132668665168,-33.4169857819386],[-70.5132986447152,-33.4168493831254],[-70.5132798997825,-33.4167529720158],[-70.5132733352887,-33.4166206204668],[-70.5134376442245,-33.416496922375],[-70.5134437565073,-33.4163572572437],[-70.5134897013793,-33.4162994289695],[-70.5135182682493,-33.4162239163756],[-70.5138810373187,-33.4162230685318],[-70.5141436125823,-33.4161053271842],[-70.5141781656976,-33.4158829928243],[-70.5141595442898,-33.4157937392437],[-70.5140937365111,-33.4156907447738],[-70.5140752394717,-33.4156086485637],[-70.5140517918577,-33.4154872406006],[-70.514020058044,-33.415380251589],[-70.5139721265135,-33.4153235681157],[-70.5140696920167,-33.4150431969572],[-70.5141666554546,-33.4149740081897],[-70.514233810533,-33.4149087618107],[-70.5143742514474,-33.4148855722789],[-70.5144329958872,-33.4148275873892],[-70.5145749211746,-33.41480795806],[-70.5146251188227,-33.4148312063041],[-70.5147252013695,-33.414859811088],[-70.5148677480741,-33.4148759665598],[-70.5150735754969,-33.4148495913318],[-70.5152284808555,-33.4147582181597],[-70.515334225245,-33.414703237232],[-70.5153735809704,-33.4145118639955],[-70.5154577822588,-33.4144452164591],[-70.5155574501199,-33.4144499635263],[-70.5156771063596,-33.4143769168662],[-70.5159188030734,-33.4143679973937],[-70.5161881159515,-33.4143110174532],[-70.5164002243309,-33.414236839946],[-70.5165277174973,-33.4142054542365],[-70.5165217458373,-33.414271146029],[-70.5164670300229,-33.414397088613],[-70.5164549829344,-33.4145225095085],[-70.5164795325845,-33.4147071359858],[-70.5166443480834,-33.4147767053149],[-70.5167102203103,-33.4148832770711],[-70.5167193028258,-33.4149965080938],[-70.5166377980975,-33.4152182240509],[-70.5165471069058,-33.4153207444423],[-70.5164285906723,-33.415459397674],[-70.5164098469541,-33.4156087616276],[-70.5163074197967,-33.4158545952713],[-70.5162963064904,-33.4160336919756],[-70.5163480594142,-33.4161464022569],[-70.5162802580169,-33.4163381234854],[-70.5162964514815,-33.4164512675891],[-70.5164339634697,-33.4165867905761],[-70.5166187036248,-33.4167384391143],[-70.5166144665915,-33.4168220060288],[-70.5167180158614,-33.4170498102109],[-70.5167638824384,-33.4172329836131],[-70.5176869433387,-33.4175548053769],[-70.5179416974645,-33.4176069208018],[-70.5177250576607,-33.4174210660368],[-70.5177259516071,-33.4173089062237],[-70.517661996802,-33.4172309454276],[-70.5175406884455,-33.4171274388529],[-70.5174753720853,-33.4170999595361],[-70.5173900703515,-33.4170809622035],[-70.5173046646513,-33.4170784275856],[-70.5172948225492,-33.4170033840449],[-70.5172418113866,-33.4169002347935],[-70.5172361123105,-33.4168179825652],[-70.5172099496869,-33.4167860893559],[-70.5172080201082,-33.4166751563126],[-70.5171852524921,-33.4165931128688],[-70.5171454163265,-33.4165112773013],[-70.5170668033583,-33.4164084411185],[-70.5169806504513,-33.4163629656054],[-70.5168862138776,-33.4163319073385],[-70.5169527455505,-33.4162308753376],[-70.516938264156,-33.41613441269],[-70.5169152480315,-33.4160380553212],[-70.5168498724495,-33.4159601114408],[-70.51691961229,-33.4157981931621],[-70.516958985659,-33.4156080124359],[-70.5171182730928,-33.4154414193651],[-70.5172241131544,-33.415146627774],[-70.517259218281,-33.4149564991598],[-70.5172301931609,-33.4147599961126],[-70.5171594929479,-33.4146212704349],[-70.517089165303,-33.4145040159611],[-70.5170160040106,-33.4144691189791],[-70.5170900719853,-33.4143107262064],[-70.5171227146493,-33.4142244255143],[-70.51712059867,-33.4141027572507],[-70.5175062844106,-33.4139477121348],[-70.5175659609542,-33.4139434025582],[-70.5176688674454,-33.4139707772685],[-70.5177087650858,-33.414056190507],[-70.5179824150097,-33.4140850550496],[-70.5180840151094,-33.4140372814324],[-70.518242019754,-33.4140425063926],[-70.5184233836388,-33.413918592171],[-70.5185607693029,-33.4137200521583],[-70.518587493166,-33.4137841514879],[-70.5187006786681,-33.4139116178037],[-70.5187905966828,-33.4139284131587],[-70.5189745153028,-33.4139512153225],[-70.5192027535237,-33.4138231473843],[-70.5192189490784,-33.4137728394155],[-70.5192526488904,-33.4137473722969],[-70.5194148579464,-33.4137489639193],[-70.5195478828483,-33.413790285917],[-70.5197142969214,-33.4137882470824],[-70.5198854759531,-33.4138147834339],[-70.5201313416226,-33.4137187101538],[-70.5201808619516,-33.4136214635034],[-70.5202480737798,-33.4135597935974],[-70.5204216486992,-33.4134789226636],[-70.5206254832393,-33.4134609138661],[-70.5208574447228,-33.4135057931988],[-70.5209643277175,-33.4135164132126],[-70.5216578708444,-33.4135168550249],[-70.5218473705678,-33.413574183997],[-70.522184272598,-33.4137221670498],[-70.5224254282161,-33.4138862383236],[-70.5226013815751,-33.4139825065877],[-70.5227799549496,-33.4140250552162],[-70.5229717104358,-33.4140077869667],[-70.5231181258965,-33.4140417817842],[-70.5232548620717,-33.4141325658283],[-70.5236010820571,-33.4142028812276],[-70.5239809716474,-33.414368227576],[-70.5241561992625,-33.4144227449905],[-70.5245022125776,-33.4144811297917],[-70.5246446557731,-33.4144913095286],[-70.5247864734917,-33.4144657041286],[-70.5248901152378,-33.4144942569049],[-70.5251078570262,-33.4145393030145],[-70.5253029600278,-33.4145100603045],[-70.5255234764031,-33.4145103307386],[-70.5258949034205,-33.4145982250678],[-70.526012142929,-33.4145908178619],[-70.5260208190252,-33.4146801909462],[-70.5261833381856,-33.4148213610239],[-70.5264905518679,-33.4148981130545],[-70.5268625555697,-33.4150188066627],[-70.5269955326792,-33.4150977021733],[-70.5271740580448,-33.415137262564],[-70.5273691626114,-33.4151080156725],[-70.5278247337328,-33.4151262659846],[-70.5280932532189,-33.4152273526826],[-70.5282233030582,-33.4153420746473],[-70.5283448303217,-33.4153763698639],[-70.5286980635739,-33.4156434412085],[-70.5290276643441,-33.4157795647113],[-70.5293280861668,-33.415874289643],[-70.5295525829068,-33.4158891687567],[-70.5295535691169,-33.4158596119888],[-70.5295583946933,-33.4156845935771],[-70.5295649493467,-33.4154468265595],[-70.5293648599715,-33.4154156954763],[-70.5291012224589,-33.4153091826693],[-70.5288939772154,-33.415173341338],[-70.528709156086,-33.415018132905],[-70.5285545390336,-33.4149627709744],[-70.5283130766039,-33.4148225777248],[-70.5280608205105,-33.4147159224058],[-70.5278663783804,-33.4146610502268],[-70.5277070754451,-33.4146630124438],[-70.5274906277056,-33.4146513613382],[-70.5272117642874,-33.4146500235723],[-70.5268051453117,-33.4145023155809],[-70.5265364082592,-33.4144292663354],[-70.5265225250651,-33.4142862684003],[-70.5264704024454,-33.4142344140464],[-70.5264630429348,-33.4141390590487],[-70.5264331772457,-33.414058297002],[-70.5263349550247,-33.4139736044465],[-70.5262429235477,-33.413917469396],[-70.526177837032,-33.4137751014437],[-70.5260899931021,-33.4136330125501],[-70.5261236369364,-33.413477713831],[-70.5260942656724,-33.4134487876002],[-70.5259319158283,-33.4132192022918],[-70.5258107958491,-33.413010543869],[-70.5256309534573,-33.4126568026299],[-70.5253772152104,-33.4121483428067],[-70.5244971688136,-33.4121551038338],[-70.5245078172775,-33.4122223791308],[-70.5245178638689,-33.4122464730653],[-70.5245345138228,-33.4122812494335],[-70.5248557421306,-33.4128531481894],[-70.5248856258822,-33.4129166580258],[-70.5250307282535,-33.412934967325],[-70.5251304495014,-33.4131055447554],[-70.5252162058365,-33.4131283514585],[-70.5252571145887,-33.4131898885567],[-70.5252383623253,-33.4134191893198],[-70.5252796049357,-33.4134998117809],[-70.5254931978802,-33.4136737602347],[-70.5255930867234,-33.4138538794731],[-70.5256868701188,-33.4140102116467],[-70.5256938115322,-33.4140817106783],[-70.5255567655187,-33.414054762575],[-70.5252495409102,-33.4140585408793],[-70.5251760795798,-33.4140880779758],[-70.52495879935,-33.4140287094059],[-70.5247878688283,-33.414016493924],[-70.5246744148078,-33.4140369780679],[-70.5245093407575,-33.414034234502],[-70.5243492049872,-33.4139884802686],[-70.5242232887759,-33.4139470770124],[-70.5238394344034,-33.413799079394],[-70.5235134758886,-33.4137076370067],[-70.5233750156912,-33.4135995750975],[-70.5232266760762,-33.4135775347922],[-70.523015837708,-33.4135610352352],[-70.522828173462,-33.4135681110876],[-70.5227473562852,-33.413502291419],[-70.5225692383626,-33.4134042597375],[-70.522505657044,-33.4133477717222],[-70.5224023325423,-33.4132965449804],[-70.5220523710445,-33.4131338088236],[-70.5219385023038,-33.4131304343561],[-70.5217949378955,-33.413055838743],[-70.5209356861589,-33.413056832637],[-70.5206558293195,-33.4129982246246],[-70.5203322050667,-33.4130403698352],[-70.5200703299223,-33.4130340350879],[-70.5199814633967,-33.4131592036128],[-70.5198404773941,-33.4132325157162],[-70.5197450884027,-33.4133100415982],[-70.5195630308021,-33.4133122721086],[-70.5194601234896,-33.4132848989755],[-70.5193291035232,-33.4132769596144],[-70.5191473772356,-33.4132982749581],[-70.5189661492981,-33.4133482168361],[-70.5188967144847,-33.4132822552143],[-70.518668061859,-33.4132230147691],[-70.5183507055135,-33.4132984845001],[-70.518153406609,-33.413405890442],[-70.5180752499156,-33.4134927484483],[-70.5180141621582,-33.4135793984116],[-70.5178479255032,-33.4135098473619],[-70.517745517579,-33.4135111005],[-70.5176536578972,-33.4134645020739],[-70.5174490081153,-33.4134765502144],[-70.5171382510646,-33.4136044320588],[-70.5169347623883,-33.4136832770854],[-70.5165763326867,-33.4136876600938],[-70.5159313944609,-33.413905525958],[-70.5157551897573,-33.413917224571],[-70.5156304379313,-33.4139426102328],[-70.5154995000402,-33.4139394375337],[-70.5153810169361,-33.4139981527772],[-70.5152670641953,-33.4139900006171],[-70.5151904501183,-33.4138382222263],[-70.5150928198641,-33.4137869197757],[-70.5150455641589,-33.4136872786129],[-70.5148853506313,-33.4136367395032],[-70.5146858914593,-33.4136200867756],[-70.5146934037395,-33.4137249851292],[-70.5145973478528,-33.4137643371363],[-70.5145044954554,-33.4136604799233],[-70.5143141783496,-33.4135148618445],[-70.5140376949203,-33.4133225719186],[-70.5134248791078,-33.4130962073873],[-70.5132419110242,-33.4130459446533],[-70.5130757617121,-33.4129811586616],[-70.5127429763233,-33.4127238137635],[-70.5126201013427,-33.4126287923233],[-70.5121690749388,-33.4125436175498],[-70.5108728121287,-33.4122826195357],[-70.5098797403043,-33.412113363469],[-70.5091498624855,-33.4120267999429],[-70.5087282792345,-33.4119985220355],[-70.5078051332814,-33.4119238455053],[-70.5073086009309,-33.4118392060579],[-70.5066624190945,-33.4116561638637],[-70.506059940181,-33.4113675964389],[-70.5059681574748,-33.4112887785332],[-70.5058462268621,-33.4111840708612],[-70.5055436360078,-33.4107964129626],[-70.5054170740066,-33.410716819989],[-70.5049528748972,-33.4105267873031],[-70.5046605878294,-33.4104062523619],[-70.5044489366533,-33.4103420074396],[-70.5037011058075,-33.4102031331462],[-70.5028466214198,-33.4100584822778],[-70.5027187698397,-33.4098678503597],[-70.5028118841616,-33.4098667222953],[-70.5029076315452,-33.409850649181],[-70.5030277550462,-33.4098044526727],[-70.5031193304189,-33.4097526371194],[-70.5032082237199,-33.4097515599081],[-70.5033048443745,-33.409786181812],[-70.5035750775814,-33.4097829065156],[-70.5037209138746,-33.4097841211322],[-70.5038118620614,-33.4099023267882],[-70.5038651983321,-33.4099016801663],[-70.5039303316379,-33.4099665094645],[-70.5040224171749,-33.4100131164244],[-70.5042113114266,-33.4100776389624],[-70.5043309479125,-33.4100857324599],[-70.5045733476269,-33.410283230674],[-70.5047169757225,-33.4103626175146],[-70.5049504788174,-33.4103741016927],[-70.5051569347832,-33.4104670435819],[-70.5053339577941,-33.4105030736342],[-70.5054876486758,-33.4105059810131],[-70.5056119862081,-33.4104567484335],[-70.5057078792367,-33.4104078610125],[-70.5058396364643,-33.4104587576437],[-70.5059764234117,-33.4104714139533],[-70.5060576362193,-33.4105611022013],[-70.5061396791664,-33.4106024409069],[-70.5062241054906,-33.4106449825491],[-70.5064176200831,-33.410647404288],[-70.5064691521821,-33.4106658680041],[-70.5065709805562,-33.4106312247773],[-70.5067698550368,-33.4106144922153],[-70.50721929971,-33.4106090318771],[-70.5074077852444,-33.4106496922815],[-70.5075618050636,-33.4106716826369],[-70.5079428148896,-33.4106575061608],[-70.5080979080865,-33.4107415231565],[-70.508206497636,-33.4107688367488],[-70.5083030482768,-33.4107581175386],[-70.5084116379043,-33.4107854309489],[-70.508720092119,-33.4108532651697],[-70.5088111182759,-33.4108521579817],[-70.508924407454,-33.4108221460386],[-70.5090610302188,-33.410825255701],[-70.5091812457444,-33.410866743926],[-70.5094048583068,-33.4109642425124],[-70.509611980596,-33.4110953460485],[-70.5096701938872,-33.4111709948301],[-70.5098312257954,-33.4112692542611],[-70.5100147674992,-33.4113529216214],[-70.5100779265249,-33.4113855583023],[-70.5101754697372,-33.4114320941627],[-70.5103092304504,-33.4115163671426],[-70.5104425588171,-33.4115755908387],[-70.5106904123033,-33.4115940483062],[-70.5107809462773,-33.4116466339058],[-70.51102527764,-33.4117080843773],[-70.5110772244741,-33.4117504023399],[-70.5112274963427,-33.4118022598512],[-70.5113600198291,-33.4118149621146],[-70.5114378159034,-33.4118712818838],[-70.511578872854,-33.4118838808311],[-70.5116394164488,-33.4119296723428],[-70.5118625991715,-33.4120021163383],[-70.5131027105865,-33.4122257371218],[-70.5133511065942,-33.4118818116811],[-70.5133902025222,-33.4118269610494],[-70.5119958419826,-33.4115638255998],[-70.5118409928691,-33.4114941284266],[-70.5117251664875,-33.4114597473385],[-70.511630673938,-33.4114251070571],[-70.5114975321127,-33.4113766198427],[-70.5113735436274,-33.4113638137204],[-70.5113044042205,-33.4113145464388],[-70.511184063181,-33.4112659038183],[-70.5110299589464,-33.4112391473176],[-70.5108749252179,-33.4111587127891],[-70.5107764759722,-33.4111420155226],[-70.510626949034,-33.4111330991512],[-70.5105406198186,-33.4110768827628],[-70.5104160123342,-33.4110282904367],[-70.5103339494365,-33.4109720219498],[-70.510153686613,-33.4109133695332],[-70.5101061937067,-33.4108817353145],[-70.5100627191461,-33.4108357343254],[-70.5099458414323,-33.4107405171616],[-70.5097947040745,-33.4106385588688],[-70.5095622491877,-33.4105232730945],[-70.5092572177861,-33.4104064836472],[-70.5090929526215,-33.4103679177033],[-70.5090087695852,-33.4103534317544],[-70.5088758267296,-33.4103574352759],[-70.5087837901919,-33.410382416051],[-70.5087296297487,-33.4103353523015],[-70.5085766818774,-33.4103342291816],[-70.5084908806543,-33.4103084289569],[-70.5083236585884,-33.410304496681],[-70.5081237995863,-33.4102286899909],[-70.5080000597678,-33.4102156555786],[-70.5078387255665,-33.4102101170114],[-70.5076417352839,-33.4102014041934],[-70.5072704164142,-33.4101789314408],[-70.5071150916703,-33.4101712978516],[-70.5069974547819,-33.4101650595135],[-70.5069506314408,-33.4101625764866],[-70.5066322172786,-33.4101818832258],[-70.5064083611127,-33.4101935501995],[-70.5063348463923,-33.4101130650112],[-70.506246874236,-33.4100346546388],[-70.5061389542387,-33.4099975767125],[-70.5059969726795,-33.4100136175239],[-70.5058542499101,-33.4099867163408],[-70.5056089582222,-33.4099515156648],[-70.5054670589345,-33.4099723265847],[-70.5053541822328,-33.4100261925433],[-70.5050506820034,-33.4099153398063],[-70.5048854496535,-33.4099030266574],[-70.5045969607524,-33.4096726824779],[-70.504442778785,-33.4096411469323],[-70.5042999747687,-33.4096094723094],[-70.504200850781,-33.4095534065675],[-70.5041065516419,-33.4094471724663],[-70.5040023566243,-33.4093857993049],[-70.503744908177,-33.4093054042327],[-70.5036313311977,-33.4093187125766],[-70.50340031449,-33.4093274775512],[-70.5031505425944,-33.4092797985897],[-70.5029132873465,-33.409339345067],[-70.502789403573,-33.4093736554683],[-70.5026707815371,-33.4093005253081],[-70.5025348942347,-33.4092574303239],[-70.5024593520623,-33.4092076394163],[-70.5023655688623,-33.4091312247603],[-70.5022474095876,-33.4090849323036],[-70.5021781852487,-33.4090618101313],[-70.5020897315749,-33.4089299180123],[-70.5018627036441,-33.4085505823075],[-70.5018591311131,-33.408343029229],[-70.5021060528755,-33.4073163746866],[-70.5021980724717,-33.4067665551315],[-70.5022412548892,-33.4062457362665],[-70.502210306784,-33.4054395867445],[-70.5021473101019,-33.4049201653768],[-70.501947202181,-33.4038726753829],[-70.5017473209207,-33.4031687902475],[-70.5015762557471,-33.4025787922303],[-70.5015195904742,-33.402163573456],[-70.5014895503272,-33.4017233269197],[-70.501385632734,-33.4008691826069],[-70.5014282945544,-33.4008255620624],[-70.5014282222165,-33.4008251697284],[-70.5015196070431,-33.4007366323196],[-70.5016793790506,-33.4007633324218],[-70.5018102972252,-33.400766520287],[-70.5020101358459,-33.4008070519011],[-70.5021018098238,-33.4008441211562],[-70.5023127790913,-33.4008702005357],[-70.5024603534442,-33.4008493237899],[-70.5026677697524,-33.4009995266122],[-70.5030293541961,-33.401181267023],[-70.5031433716424,-33.4011942025733],[-70.5032072614248,-33.4012697859182],[-70.5033108062437,-33.401335343459],[-70.5034480717281,-33.4013766309469],[-70.5035524388473,-33.4014899027435],[-70.5036676908948,-33.4015744076779],[-70.5038897102479,-33.4015812608113],[-70.5039808102396,-33.4015849290492],[-70.5040894693651,-33.4016170182665],[-70.5041652304943,-33.4017210910974],[-70.5043031548718,-33.4018005479048],[-70.5045081912583,-33.4018123784732],[-70.5046663208227,-33.4017436484658],[-70.5047920461561,-33.4017755291653],[-70.5049849651864,-33.401744555034],[-70.5051553772697,-33.4017281706384],[-70.5054328842093,-33.4016532186224],[-70.5061681301394,-33.4013520317207],[-70.5063370492176,-33.4012683276792],[-70.5064782827967,-33.4012257875197],[-70.5066639515455,-33.4011724976476],[-70.5068055360772,-33.4011503663625],[-70.5069431841308,-33.4011350854309],[-70.5073895125479,-33.4011432720991],[-70.5075646350042,-33.4011508156403],[-70.5076671029626,-33.4012156665065],[-70.5078157468808,-33.4012568108487],[-70.5079920100411,-33.4012498957991],[-70.5081402314676,-33.4011756064749],[-70.5084368010424,-33.4011883794357],[-70.5086643331153,-33.4013037620381],[-70.508654688358,-33.4014040980106],[-70.5086964881703,-33.4015181262224],[-70.508777859964,-33.4016173552989],[-70.5088981449988,-33.401663615833],[-70.5090466262772,-33.4016952154166],[-70.5091441568559,-33.4017417524913],[-70.5092526528823,-33.4017642947986],[-70.5093837386227,-33.4017770169326],[-70.5096317062337,-33.4019040265016],[-70.5096770366746,-33.40183519001],[-70.509711109926,-33.4017992070967],[-70.5097470848069,-33.4017615831039],[-70.5097908201867,-33.4017270996104],[-70.5099519982964,-33.401640557477],[-70.5100407676527,-33.4015837107919],[-70.5099565755305,-33.4015100430028],[-70.5096912656534,-33.4013819437308],[-70.5095067772431,-33.4013245345429],[-70.5093441588262,-33.4012978792159],[-70.5091853110802,-33.4012425438961],[-70.509152908406,-33.4010961890683],[-70.5089321047631,-33.400912753581],[-70.5087385689857,-33.4008256261979],[-70.5085193131615,-33.4007316532261],[-70.5083524283736,-33.4007050484506],[-70.5081481363458,-33.4007361660293],[-70.5079818699155,-33.4007453451802],[-70.5078715006698,-33.4007789000794],[-70.5077679315704,-33.4007121535265],[-70.5075786032514,-33.4006213937036],[-70.5073009170192,-33.4006032928428],[-70.5072029129032,-33.4006116415581],[-70.5071095472573,-33.4006414097389],[-70.5069171887837,-33.4006222714097],[-70.506733795038,-33.400628077458],[-70.5063876601273,-33.400750569164],[-70.5062205866143,-33.4008096933211],[-70.5060553705572,-33.4008797044581],[-70.5058609677486,-33.4009894419809],[-70.5057586974146,-33.4009978413472],[-70.5055887807441,-33.4010428544644],[-70.505452070402,-33.4010337760103],[-70.5053373713271,-33.4010638017487],[-70.5052365809739,-33.4011580854161],[-70.5051699228588,-33.401251954893],[-70.505072165661,-33.4012746159065],[-70.5049313116944,-33.4012727451847],[-70.5048080787215,-33.4013028739625],[-70.5047011710283,-33.4012898537165],[-70.5045181457513,-33.4013171288435],[-70.5044357268496,-33.4012393845813],[-70.5042899277792,-33.4011982016651],[-70.5042128860283,-33.4011848188494],[-70.504092376771,-33.4011254326228],[-70.5038829520148,-33.4011064956011],[-70.5038261318318,-33.4010284415041],[-70.5037139725213,-33.4009582161831],[-70.5035939570927,-33.4009274574121],[-70.5035157443974,-33.4008460820682],[-70.5033734117403,-33.4007583256662],[-70.5032575401047,-33.4007203583132],[-70.5031419777776,-33.4007002826393],[-70.5030215325936,-33.4006444740371],[-70.5028358585,-33.4005178706389],[-70.5027278429732,-33.4004404352636],[-70.5025947843479,-33.4003955174245],[-70.5024027956391,-33.4003978425958],[-70.5022533491938,-33.4003924933953],[-70.5021630773405,-33.4003542150115],[-70.502017711807,-33.4003380786073],[-70.5019401784773,-33.4002960663622],[-70.5017737887622,-33.4002980806405],[-70.5016284233765,-33.4002819437753],[-70.501449050112,-33.4002733772623],[-70.5013341581912,-33.4003115968127],[-70.5013186207854,-33.4003183810192],[-70.5012928628481,-33.4001066589789],[-70.5012174944274,-33.3997490747939],[-70.5010919652244,-33.399428824684],[-70.5009628024648,-33.3990993012925],[-70.5008171678785,-33.3987825506886],[-70.5007192834832,-33.3985696537375],[-70.5004320435407,-33.3980119013143],[-70.5001986371409,-33.3976730245875],[-70.4998411065999,-33.3973028898068],[-70.4992888235534,-33.3967753696455],[-70.4985006532729,-33.3960690403407],[-70.4981941077449,-33.3958436705072],[-70.4978979244085,-33.3956591750473],[-70.4976259219324,-33.3954897411079],[-70.4966856101731,-33.3949341337908],[-70.4961248170129,-33.3946125596658],[-70.4956248715995,-33.3943759007588],[-70.4950305919097,-33.3941046097021],[-70.4944128970128,-33.3937818049085],[-70.4939356272419,-33.3934878620964],[-70.4934477172307,-33.3931004811903],[-70.4933710351528,-33.3930078669509],[-70.49329457113,-33.392794985322],[-70.4932694040623,-33.3926540273163],[-70.4938053873057,-33.3913358854416],[-70.4938041450645,-33.3902657018567],[-70.4944006994095,-33.3902191460039],[-70.4947118043725,-33.3901975022169],[-70.4949761683291,-33.3901871592562],[-70.4950875112307,-33.390210872242],[-70.4955328210633,-33.3903021462448],[-70.4958748292243,-33.390340974586],[-70.4962934416504,-33.390368140688],[-70.4966601262084,-33.3903529798116],[-70.4966885455135,-33.3903955781205],[-70.4969937575655,-33.3903620689991],[-70.4974541596402,-33.3902551012781],[-70.4979474494129,-33.3899926340739],[-70.4981183918456,-33.3900084658511],[-70.4983094359193,-33.3899524705295],[-70.4984427627525,-33.3898287100517],[-70.4978592910017,-33.3895264985089],[-70.4975439383534,-33.3896407817304],[-70.4972471677627,-33.3897517411509],[-70.4968679228366,-33.3898636939408],[-70.4967602215219,-33.3898864691353],[-70.4965330344735,-33.3899082990921],[-70.4963910014743,-33.389919556443],[-70.4961290319866,-33.3899036258283],[-70.4957274251495,-33.3898726755639],[-70.4950824509122,-33.3897492083651],[-70.4945932539664,-33.3897527164468],[-70.494346159993,-33.389774781282],[-70.493868926919,-33.3898125032668],[-70.4937752901678,-33.3898162333368],[-70.4937862276574,-33.3895010523965],[-70.4936649468321,-33.3893951352139],[-70.4934984364086,-33.3891394322494],[-70.4934074885981,-33.3888112345101],[-70.4933824690299,-33.3883462319639],[-70.4933250370188,-33.3879818386216],[-70.4932696850835,-33.3877391144489],[-70.4932248248192,-33.3876108010822],[-70.4935224506065,-33.3875499510291],[-70.4936496898933,-33.3875054684034],[-70.4933008035106,-33.3865647411702],[-70.4932353308659,-33.3862290784828],[-70.4929093741201,-33.3851108114639],[-70.4931496672755,-33.3850244044253],[-70.493362644493,-33.3850039450097],[-70.4936242653791,-33.3849172803905],[-70.4937443093553,-33.3848681116749],[-70.4938704428298,-33.3847592150982],[-70.4940970255872,-33.3847027985206],[-70.4942382953858,-33.3846474088623],[-70.4945800573848,-33.3846731202644],[-70.4949704621236,-33.3846326244791],[-70.4950994515437,-33.3846907248446],[-70.4952771866944,-33.3846885832759],[-70.4954129809223,-33.3847287048057],[-70.4954770673044,-33.384733898285],[-70.4955706133307,-33.3847983901958],[-70.4956994001597,-33.3848445616642],[-70.4958699235642,-33.3848365403645],[-70.4959906812559,-33.3848291197035],[-70.4961270879879,-33.3849050260658],[-70.4963486045314,-33.3849679743925],[-70.4965628071275,-33.3850190807278],[-70.4967546592423,-33.3850108009739],[-70.4968478998141,-33.3850573999836],[-70.4969198119664,-33.3851042562132],[-70.4970481898682,-33.3851265688919],[-70.4971902763174,-33.3851188888383],[-70.4973523618798,-33.3850334173044],[-70.4984357026458,-33.3847638261562],[-70.4985279204024,-33.3847507818578],[-70.4986637150061,-33.3847908997976],[-70.4987632472894,-33.3847896976813],[-70.4988710143216,-33.3848540162011],[-70.4989998017685,-33.3849001842048],[-70.4991817067828,-33.3849337787489],[-70.499320353168,-33.3848956378473],[-70.4993885283182,-33.3849277003928],[-70.499552261592,-33.3850211692364],[-70.499739662979,-33.3850022011185],[-70.5000889552297,-33.3849693450685],[-70.500151312647,-33.3849566605349],[-70.5002174155809,-33.3849964260981],[-70.5005748948808,-33.3851090261318],[-70.5006665644776,-33.3851468499118],[-70.5007326017584,-33.3851460512749],[-70.5008306649784,-33.3851422940603],[-70.5009381839263,-33.3851538477899],[-70.5011330120398,-33.3851452267519],[-70.5012533522981,-33.3851962672115],[-70.5016833350814,-33.3852244710997],[-70.5015858544949,-33.3853449585376],[-70.5020814192159,-33.385546777859],[-70.5022201267106,-33.3855090866184],[-70.5023359014657,-33.3854599613367],[-70.5024661108126,-33.3852579467504],[-70.5025731480367,-33.3851969963588],[-70.5027429116702,-33.3851448306325],[-70.5029782056088,-33.3850990299382],[-70.5030574198915,-33.3850742090887],[-70.5031667255145,-33.3849798240724],[-70.5032774271401,-33.3849665523425],[-70.5036616682855,-33.384918544529],[-70.5036934441765,-33.3849105027],[-70.5038264146714,-33.384889418388],[-70.503942167748,-33.3848782763657],[-70.5039808455611,-33.3848761815406],[-70.5040579960327,-33.3848720024578],[-70.5042143240372,-33.3848603746899],[-70.5043648479498,-33.3848488107769],[-70.5044862189102,-33.3848278672864],[-70.5045960088015,-33.3848070631979],[-70.5047691269986,-33.3847611571392],[-70.5048958822796,-33.3847158059006],[-70.5050397718003,-33.384655644733],[-70.5051664439368,-33.3846054241956],[-70.5052753945407,-33.3845359527946],[-70.5054071808378,-33.3844467259349],[-70.5055615779573,-33.3843231496982],[-70.5055958336559,-33.384291794026],[-70.505833525768,-33.3840676434636],[-70.506000310967,-33.3840255976637],[-70.5062164985303,-33.3839442298228],[-70.506538769653,-33.383829361171],[-70.5066060310366,-33.3837712765693],[-70.5068264203835,-33.3836862771918],[-70.5070677668449,-33.3835795478653],[-70.5071676699941,-33.3834351645508],[-70.5072715298345,-33.3832728366263],[-70.5073993194222,-33.3832361046999],[-70.5074178267797,-33.383250058895],[-70.5075855425529,-33.3833267653775],[-70.5079165647724,-33.3833895557193],[-70.5079574978511,-33.3834036882503],[-70.5082370369965,-33.3835001979137],[-70.5086867613062,-33.3837160433615],[-70.5105506522265,-33.3846105899109],[-70.5114748207883,-33.385054113338],[-70.5115497254929,-33.38513541423],[-70.511708064983,-33.3853184688818],[-70.5118242709501,-33.3854266711675],[-70.5120072238787,-33.3856162724296],[-70.5122983371561,-33.3859210318868],[-70.51243182654,-33.3860838305736],[-70.51224101425,-33.3855894746661],[-70.5122287644402,-33.3853748692572],[-70.512246126994,-33.3851455850799],[-70.5122838882967,-33.3848623638415],[-70.5125437585207,-33.3843473637738],[-70.5125495632477,-33.3841898062236],[-70.5126612005558,-33.3839844273013],[-70.512804680606,-33.3838931968428],[-70.5129774610416,-33.3837693964494],[-70.5132526760935,-33.383647925276],[-70.513551576008,-33.38366217548],[-70.5137929896853,-33.383805979967],[-70.5139982945453,-33.3838356887],[-70.5142902767539,-33.3839430832191],[-70.5146597219487,-33.3840889030013],[-70.5149519540516,-33.3842106089549],[-70.5153907062441,-33.3844164277279],[-70.5157377918204,-33.3847486379204],[-70.5158678088996,-33.3848651649473],[-70.5161823675644,-33.3850438639582],[-70.5165805829241,-33.3853718674596],[-70.5167367568074,-33.3855202872477],[-70.5169102643904,-33.3859297797999],[-70.5169198237088,-33.3861060443572],[-70.5170267022239,-33.3859317879054],[-70.5170495917665,-33.3859012697328],[-70.5171728526664,-33.3855530946346],[-70.5170670211409,-33.3853553822587],[-70.5168787230741,-33.3851377097336],[-70.5166594692569,-33.3849966554849],[-70.5165717197351,-33.3849559557799],[-70.516455402026,-33.3849247589804],[-70.5162318262063,-33.3848258400952],[-70.5160974711404,-33.3847544646905],[-70.5157730377833,-33.3844491806267],[-70.5156025888568,-33.3842767731582],[-70.5154163698413,-33.3842530992278],[-70.5151268932294,-33.3840875169749],[-70.5150036694683,-33.3840384922298],[-70.5144749490121,-33.3838602567193],[-70.5131960379124,-33.3832301614655],[-70.512936470989,-33.3829815991066],[-70.5138198611552,-33.3820565824405],[-70.5136723253552,-33.3819617544467],[-70.5132686193055,-33.3817022733707],[-70.5129951363721,-33.3815213206994],[-70.512763785402,-33.3813682433784],[-70.5123846055458,-33.3811425000423],[-70.5116795730947,-33.380796385282],[-70.5115766360561,-33.3807495151329],[-70.5114779340531,-33.3807098857362],[-70.5113465089949,-33.380668338819],[-70.5113207415921,-33.3806980820546],[-70.5113117807029,-33.3807105132679],[-70.5112775328025,-33.3807463454042],[-70.5112503259659,-33.3807651539943],[-70.5112284961284,-33.380776195233],[-70.5110738819342,-33.3808399833253],[-70.5109993234379,-33.3808724038871],[-70.5108341106761,-33.3809374336252],[-70.5106902774084,-33.3809977107306],[-70.5105787136829,-33.3810620870245],[-70.5105042282842,-33.3810990048707],[-70.5104512047064,-33.3811356686644],[-70.5103555772586,-33.3811908466412],[-70.5102652339849,-33.3812414680825],[-70.510196117776,-33.3812783204033],[-70.5101817479483,-33.3812845683885],[-70.5101428614851,-33.3813014761669],[-70.5100577264276,-33.3813430290289],[-70.5099671536124,-33.3813801432188],[-70.5098660037914,-33.3814263892817],[-70.5097275341043,-33.3814865937178],[-70.509637034429,-33.381528205248],[-70.5095571874437,-33.3815651949747],[-70.5095145833495,-33.3815837152115],[-70.5094135886311,-33.3816389640767],[-70.5093285316942,-33.3816850148661],[-70.5092276155272,-33.3817447610949],[-70.5091321379875,-33.3818089476881],[-70.5090154402025,-33.3818868957732],[-70.5089145235833,-33.3819466417581],[-70.5088240997735,-33.3819927574661],[-70.5087283149346,-33.3820389382884],[-70.5086324489427,-33.3820806134399],[-70.5084937473798,-33.3821273158208],[-70.5083923638114,-33.3821600609251],[-70.5081858472883,-33.3822385868207],[-70.5081599510161,-33.3822666832885],[-70.5079837953936,-33.3823388740713],[-70.507897509704,-33.3823742346748],[-70.5077639584282,-33.3824262794061],[-70.5077184258024,-33.3824440229461],[-70.5076315639568,-33.3824818271883],[-70.5074528951542,-33.3825751304998],[-70.5073529682038,-33.3826310375328],[-70.5073159436633,-33.3826517511128],[-70.5072069614188,-33.3827265726664],[-70.5070254482034,-33.3828581243589],[-70.5069658619497,-33.3829092771844],[-70.5069104185312,-33.3829475859133],[-70.5067633459442,-33.3830621572758],[-70.5066453241368,-33.3831516269637],[-70.5065775862058,-33.3832129676668],[-70.5065582659624,-33.3832324605085],[-70.5065291437116,-33.3832534440743],[-70.506509609965,-33.3832605605946],[-70.5064866859403,-33.3832608388954],[-70.5064199549427,-33.383339123127],[-70.5062894202516,-33.3833897534445],[-70.5062264864733,-33.3834513648236],[-70.5061077298622,-33.3834921777571],[-70.5058151329069,-33.3835959476752],[-70.5055687786678,-33.3836597843437],[-70.505311292949,-33.3838203950948],[-70.5050963392664,-33.3839733314101],[-70.505089102654,-33.3840485836659],[-70.5050469396446,-33.3840777290535],[-70.5050092285492,-33.3841175588607],[-70.5049033902582,-33.384165372934],[-70.5048231448405,-33.3842128756594],[-70.50473814131,-33.3842318029296],[-70.5046106662237,-33.3842619826473],[-70.504440104121,-33.3842676300892],[-70.5041889263136,-33.3842993090529],[-70.504078637651,-33.3843364388505],[-70.5039008376669,-33.3844173368759],[-70.5037729922912,-33.3844260451732],[-70.5036968270304,-33.3844627602088],[-70.5035562466234,-33.3844752020801],[-70.5034146189017,-33.3844268080832],[-70.5030865982185,-33.3844558363152],[-70.5030878300246,-33.3845274073248],[-70.5029175751242,-33.384550944542],[-70.5028161241326,-33.3846058617724],[-70.502753185916,-33.3846674714841],[-70.5026590955124,-33.3846542938956],[-70.5025146807539,-33.3846918355611],[-70.5021391205457,-33.3846856448509],[-70.5020458918515,-33.3847225654417],[-70.5019782573674,-33.3847591770763],[-70.5018585122164,-33.3847427299241],[-70.5017220738313,-33.3847479606406],[-70.5016328031195,-33.3847669365385],[-70.5015342007451,-33.3847394956865],[-70.5013934964393,-33.3847447776608],[-70.5012602781325,-33.3846891213912],[-70.5011405331858,-33.3846726735394],[-70.501025422134,-33.3846776454854],[-70.5009228012246,-33.3846645697624],[-70.5007738726753,-33.3846878469975],[-70.5006536358815,-33.3846427705992],[-70.5005380339992,-33.3846191131024],[-70.5004854939484,-33.3845410053064],[-70.5003396017994,-33.3844926593373],[-70.5002881685409,-33.3844789641783],[-70.5000835409885,-33.384488596974],[-70.4999519833023,-33.3845295588208],[-70.4996791671437,-33.3845435937462],[-70.4995030477148,-33.3844741370189],[-70.499250332391,-33.3844163430211],[-70.4991314470373,-33.3844499928384],[-70.4989421017103,-33.3843556405303],[-70.4987882327017,-33.3843396025859],[-70.4986296066131,-33.3842949878651],[-70.4983694646296,-33.3843017087777],[-70.497320274734,-33.384572079464],[-70.4972265542705,-33.3845803692567],[-70.4970739722359,-33.3846394782449],[-70.4967995001289,-33.3845568871536],[-70.4965775639772,-33.3845524050265],[-70.4963376467197,-33.384494450716],[-70.4962164927011,-33.3843956924202],[-70.4961007685138,-33.3843648741751],[-70.4958536074466,-33.3843821708538],[-70.4957672531904,-33.3843223642012],[-70.4957234731847,-33.3843107050773],[-70.4956772460344,-33.3842983945292],[-70.4955149683697,-33.3842896128257],[-70.4954031438483,-33.3842372709347],[-70.4952239876663,-33.3842394297921],[-70.4951166119753,-33.3841977724794],[-70.4948096707862,-33.3842122087422],[-70.4945366717054,-33.3842154970091],[-70.4942506912469,-33.3842082025438],[-70.4940374101367,-33.3842107705992],[-70.4938682547454,-33.3842987101719],[-70.4936937314153,-33.384322286143],[-70.4935281670776,-33.3843708095222],[-70.4934194032392,-33.3844973923263],[-70.4932451230543,-33.3845352826803],[-70.4931562798406,-33.384579302839],[-70.4930540871405,-33.3845912700104],[-70.4928035161308,-33.3846587117203],[-70.4927525620883,-33.3846629934536],[-70.4927211412963,-33.3843906614944],[-70.4927345338723,-33.3841757439936],[-70.4928264647016,-33.3838131327736],[-70.4930001144808,-33.3834889090317],[-70.4932090499886,-33.3832322679542],[-70.4933976352625,-33.3830331386743],[-70.4934968451501,-33.3828782812105],[-70.4936028454997,-33.3828706455048],[-70.4937820682779,-33.3827062282173],[-70.4937977431299,-33.3826249099726],[-70.4939447179455,-33.3825706442661],[-70.4940346542033,-33.3825075216313],[-70.4941185771667,-33.3824253807538],[-70.4944652629549,-33.3824068890767],[-70.4946285631267,-33.3823094757683],[-70.4947523788124,-33.3822316266312],[-70.4949621578079,-33.3821909202593],[-70.4951004214344,-33.3819601820221],[-70.4953161323461,-33.3819337206261],[-70.4954963303036,-33.3818265572934],[-70.4957799617531,-33.3817801877834],[-70.496018257093,-33.381743909469],[-70.4961742329801,-33.3815511349919],[-70.4961882845152,-33.3815465753221],[-70.4963269727555,-33.3815015696429],[-70.4964396567523,-33.3814381701065],[-70.4965004998935,-33.3813372171948],[-70.4967563471767,-33.3813293589763],[-70.496858145961,-33.3812947244128],[-70.4969765976368,-33.3812360274702],[-70.4971686569581,-33.3811573527236],[-70.4972932048326,-33.3811224442503],[-70.4973935307895,-33.3810019248563],[-70.4974198410487,-33.380877525874],[-70.4975371464941,-33.3807520288391],[-70.4976274065329,-33.3807079885145],[-70.4980393842832,-33.3805168946627],[-70.4982305407749,-33.3803857337363],[-70.49826928772,-33.3803232251881],[-70.4984830289153,-33.3801822459222],[-70.4985849893696,-33.3801571533007],[-70.5004686101908,-33.3794783043101],[-70.500911085745,-33.3792947434395],[-70.5014274507917,-33.3790633344676],[-70.5020204979888,-33.3788175404593],[-70.5022730542563,-33.3786685472484],[-70.502763809935,-33.3783790302722],[-70.5027546750391,-33.3781787017069],[-70.5027078655936,-33.3781029107732],[-70.5023838660802,-33.3781163788294],[-70.5021009889721,-33.3782057051604],[-70.5017802711327,-33.3784100249568],[-70.5015613742396,-33.3785005869681],[-70.5002669452628,-33.3790582797522],[-70.4995941895532,-33.379300256032],[-70.499129315875,-33.379391774748],[-70.4987657468839,-33.3794200284555],[-70.4984759462753,-33.379437845099],[-70.4982591798086,-33.3794022829704],[-70.4980363157818,-33.3793429326491],[-70.4978015054076,-33.379250320303],[-70.4976701286648,-33.3792184991529],[-70.4975162075793,-33.3791988815175],[-70.4973704486564,-33.3791576883063],[-70.4970809551619,-33.379193394492],[-70.4967710551696,-33.3792830347795],[-70.4966050116526,-33.3793029338374],[-70.496169759737,-33.3792974445169],[-70.4959423466954,-33.3792214418898],[-70.4958302823648,-33.3791547870021],[-70.4957187084044,-33.3791167601725],[-70.495543276962,-33.3790866608756],[-70.4953849172641,-33.3790569517487],[-70.4950820219202,-33.3790158607973],[-70.4949149107894,-33.3790148914758],[-70.4944212989372,-33.3790476804243],[-70.4940787429569,-33.3789742549046],[-70.4936932285461,-33.378883448059],[-70.4934975282486,-33.3788738726581],[-70.4933789639492,-33.3788769579906],[-70.4933690518841,-33.3788660231578],[-70.493365483156,-33.3786572753615],[-70.4935325277241,-33.378446474388],[-70.4937546070107,-33.3781276325051],[-70.4939128074878,-33.3778155250158],[-70.4939389984893,-33.3776839700136],[-70.4939055657687,-33.377392065767],[-70.4937573723548,-33.377041888336],[-70.4935474450591,-33.3768236933945],[-70.4932666340953,-33.3766182817089],[-70.4928156238515,-33.3764387781853],[-70.4925376700241,-33.3764003632824],[-70.4922674357927,-33.37639764801],[-70.4919554664529,-33.3764491216986],[-70.4915450937098,-33.3765673985491],[-70.4914029185652,-33.3765691071836],[-70.4913385329002,-33.3765460185482],[-70.4910328561556,-33.376549691403],[-70.490853915819,-33.3764802558356],[-70.4906946738717,-33.3763151366641],[-70.4906557718001,-33.3761187437364],[-70.4907037007577,-33.376010789675],[-70.4908642497254,-33.3758358633029],[-70.4910243908794,-33.3756370792666],[-70.4911331410281,-33.3753434657542],[-70.491149682683,-33.3750628907882],[-70.4911104748762,-33.3748486050995],[-70.4909489963381,-33.3745522731934],[-70.4907537061074,-33.3743577588626],[-70.4905237897046,-33.3742173497136],[-70.4902589416321,-33.3741131517757],[-70.4899666764465,-33.3740689369881],[-70.4896964503494,-33.374066214998],[-70.4893492486471,-33.3741360023888],[-70.4890801405005,-33.374198886047],[-70.4891273588796,-33.374049183046],[-70.4891045081691,-33.373959975338],[-70.4893009045068,-33.3738025173911],[-70.4894914113145,-33.3737167142422],[-70.489702633374,-33.3735948699532],[-70.489900755736,-33.3735388029693],[-70.4900074851912,-33.3735434874988],[-70.4902083549321,-33.3736484533227],[-70.4903587534865,-33.3737122677763],[-70.4904873166115,-33.3737465160864],[-70.4907565250904,-33.3736895940211],[-70.4909424667411,-33.3737529808271],[-70.4911061656387,-33.373762944933],[-70.4913850278762,-33.3738550410318],[-70.4916123990078,-33.3738463436781],[-70.4916616493986,-33.3738159244753],[-70.4918186479203,-33.3738498296306],[-70.4921096897551,-33.3738224694743],[-70.4922845506656,-33.3736533341633],[-70.4924060065196,-33.3736876668325],[-70.4927615343693,-33.3736893560816],[-70.49288887646,-33.3736520321988],[-70.4930014920192,-33.3735850571663],[-70.4932238938375,-33.3737016906531],[-70.4934695926172,-33.3737221267956],[-70.493537177965,-33.3737277482791],[-70.4937641405015,-33.3736951895494],[-70.4938766534431,-33.3736222500548],[-70.4939036593344,-33.3735384089989],[-70.4938799891822,-33.3734014882902],[-70.4938215914245,-33.3733127093781],[-70.4937497927978,-33.3732718155376],[-70.4935405055392,-33.3732594048336],[-70.4934152865483,-33.3732519787003],[-70.493128704911,-33.3731241869395],[-70.492908036125,-33.3731089458627],[-70.4926187291261,-33.3732376995539],[-70.4925190070311,-33.3732269680853],[-70.4924046596197,-33.3731925500382],[-70.4921771884719,-33.3731952851048],[-70.4920075020135,-33.3732510147551],[-70.4918321321193,-33.3733903276168],[-70.4916252722685,-33.3733510559124],[-70.4914479682145,-33.3733770490747],[-70.4913265120621,-33.3733427154565],[-70.4908125633983,-33.3732236150579],[-70.4912032247828,-33.3732010262142],[-70.4917201076725,-33.3730755056436],[-70.4921548230417,-33.3727183184018],[-70.4923034710038,-33.3723466730552],[-70.4923217175493,-33.3717499079739],[-70.4920612380302,-33.3711517221276],[-70.4912201299846,-33.3703588800559],[-70.4917405401093,-33.370024526161],[-70.4919209745524,-33.3697658424979],[-70.4921406966246,-33.3693098268322],[-70.4921649543031,-33.3690649519035],[-70.4921674246597,-33.3688588926141],[-70.4921678861935,-33.3688203324422],[-70.4925735360115,-33.3684277001692],[-70.4928726621432,-33.3680423136905],[-70.4930448366084,-33.3673005260492],[-70.4930098195849,-33.3671840351994],[-70.4928036271038,-33.3664980909493],[-70.4922901041126,-33.3659852708642],[-70.4918233059516,-33.3657105054865],[-70.4913585461959,-33.365555023079],[-70.4908882069596,-33.3654890869795],[-70.4904114720816,-33.3654649857564],[-70.4898866093805,-33.3655369063889],[-70.4895684835241,-33.3656421371958],[-70.4893346348881,-33.3656867013565],[-70.4886629419714,-33.3659035502541],[-70.4880442502107,-33.3658930722542],[-70.4869533844697,-33.3665444499253],[-70.4867760914222,-33.3665704361078],[-70.4862884978467,-33.3659081433214],[-70.4862333398888,-33.3659045785442],[-70.4861033182624,-33.3657838425628],[-70.4859634981126,-33.3657139310419],[-70.4858051463838,-33.3655995006151],[-70.4856190240538,-33.3655241771003],[-70.4855219526522,-33.3654597183439],[-70.4854909708554,-33.3654508747803],[-70.4850004427679,-33.3653108569032],[-70.4846871399484,-33.3652817940217],[-70.4840614970041,-33.3652803284215],[-70.4836318655202,-33.365518117428],[-70.4833817630339,-33.3656523467684],[-70.4831712084196,-33.3658129479602],[-70.4830521453384,-33.3659187659002],[-70.4828823019725,-33.3661743281061],[-70.4824267871892,-33.3661439759729],[-70.4821136337095,-33.3661238540464],[-70.4818970947324,-33.3661413526736],[-70.4819004246956,-33.3657088165338],[-70.4818542879361,-33.3655035582176],[-70.4817789113992,-33.3652509258593],[-70.4816005217558,-33.3650025055297],[-70.4813797395372,-33.3647695040901],[-70.4811028538406,-33.3645819131926],[-70.4808701323965,-33.3644832769143],[-70.4806698505113,-33.3644110981507],[-70.479990550499,-33.3643893719763],[-70.4797207072285,-33.364407502288]],[[-70.4950338053523,-33.379464088323],[-70.4952734026727,-33.3795041527658],[-70.4955128357451,-33.3795346743313],[-70.4956621735539,-33.3796187767991],[-70.4959826174788,-33.3797294515336],[-70.4964666007261,-33.3797570221132],[-70.4969266914403,-33.3797180673881],[-70.4971077006307,-33.3796586148342],[-70.4973344519813,-33.3796129280543],[-70.4975969622004,-33.3796622568116],[-70.4977404509796,-33.3797368829384],[-70.4981178518233,-33.3798516364249],[-70.4978364371487,-33.380026837683],[-70.4977977718179,-33.3800941168582],[-70.4976625878613,-33.3801721061669],[-70.4972675078568,-33.3803534505047],[-70.4971385012891,-33.380459998781],[-70.4969591259254,-33.3806148782567],[-70.4969035614801,-33.3806919062989],[-70.4968934138871,-33.3807636138515],[-70.4968141198029,-33.3807836599656],[-70.4967241862855,-33.3808467845397],[-70.4966167003418,-33.3808814875757],[-70.4963266490407,-33.3808849852686],[-70.4961520599379,-33.3809873095097],[-70.496057419877,-33.3811077593798],[-70.4958934687687,-33.3811670039232],[-70.4957867991871,-33.3812494201486],[-70.4957142542061,-33.3813314240886],[-70.4952660186418,-33.3813988665711],[-70.4951029648397,-33.3815105956606],[-70.4949723205356,-33.3815217139767],[-70.4948589820333,-33.3815469416266],[-70.4947657710373,-33.3815973907625],[-70.494766697552,-33.3815933004879],[-70.4949173463365,-33.3808398401564],[-70.4949182280921,-33.380475937848],[-70.4948552321556,-33.380118769894],[-70.4948094134277,-33.3799343925857],[-70.4945567198459,-33.3797107498166],[-70.4943915810306,-33.3796172909854],[-70.4942327336405,-33.3794760333116],[-70.4943459826346,-33.3794914623239],[-70.4946700709622,-33.3794827867474],[-70.4950338053523,-33.379464088323]],[[-70.5138957751204,-33.4136921302867],[-70.5140786760353,-33.4137793787302],[-70.5141974169711,-33.4138584619796],[-70.5144350019549,-33.4140225926209],[-70.5145247275158,-33.4140692204071],[-70.5146527896652,-33.4140706390729],[-70.5147388562723,-33.4141113456267],[-70.5147503524875,-33.4141589285712],[-70.5147697883153,-33.4142541369884],[-70.5148525574614,-33.4143097976657],[-70.5148325165986,-33.4143846103082],[-70.5147039868929,-33.4143563529989],[-70.5145972587254,-33.4143546729819],[-70.5144969179466,-33.4143111581993],[-70.514273725773,-33.414361606574],[-70.5141154197585,-33.4144619673567],[-70.5139909632587,-33.4144634865607],[-70.5138265277935,-33.414620594227],[-70.5136572942719,-33.4147061747675],[-70.513597982509,-33.4147725182793],[-70.5135538771244,-33.4148953468303],[-70.5134787005191,-33.4150722436052],[-70.5134801492206,-33.4151557411015],[-70.5133790451142,-33.4152733002334],[-70.5134210572129,-33.4154398179623],[-70.5134585825804,-33.4155527031261],[-70.5135305807955,-33.4156025303413],[-70.5135470809936,-33.4157335674973],[-70.5132596454036,-33.4157700175748],[-70.5131567037879,-33.4157830706112],[-70.5130636419399,-33.4159542195742],[-70.5130055703046,-33.4160921322419],[-70.5128902936841,-33.4162128462966],[-70.5128880300203,-33.4162874417956],[-70.5127687308018,-33.4163813602588],[-70.5127341458898,-33.4166430659382],[-70.512718814924,-33.4167434712997],[-70.5127503604775,-33.4168397263804],[-70.5126040350576,-33.4167699264141],[-70.5124023616347,-33.4167079591902],[-70.5122612967876,-33.4166953623137],[-70.512142559564,-33.4167397607172],[-70.5119232720808,-33.4168927620504],[-70.5118305101542,-33.4169583193403],[-70.5116096091627,-33.4170182794106],[-70.5114451105622,-33.4171312399777],[-70.5113865486193,-33.4171999596253],[-70.5113704719518,-33.4172574231841],[-70.5113973147111,-33.417328680654],[-70.5113256401565,-33.4173796627916],[-70.5112752398031,-33.4174268071158],[-70.5110197036431,-33.4174585543467],[-70.5108595329225,-33.4175750417846],[-70.5107619451972,-33.417608442893],[-70.5106257032442,-33.4176279987132],[-70.5104772806369,-33.417683495465],[-70.5103638000496,-33.4177850958364],[-70.5103322648073,-33.4179358079128],[-70.5102635013608,-33.4181549784241],[-70.5101052415022,-33.4181354295993],[-70.5099937362911,-33.4181045748006],[-70.5098234793369,-33.4181317018746],[-70.5097222424705,-33.4182009393404],[-70.5096120368643,-33.4182452315117],[-70.5095772866344,-33.4184568296577],[-70.5094194598562,-33.4184623299728],[-70.509247963565,-33.4184178867687],[-70.5090729439659,-33.4184164369446],[-70.5089873512404,-33.4184031614258],[-70.5088130126127,-33.4184410751492],[-70.5087371299766,-33.4184956864667],[-70.5086617435183,-33.4185789264408],[-70.5085172130565,-33.418612896809],[-70.5084079965017,-33.4187144444701],[-70.5083365665636,-33.4187797388575],[-70.5083427525627,-33.4188906204187],[-70.5080287058124,-33.4189946577139],[-70.5079892497438,-33.4191812573914],[-70.5077207816695,-33.4192059971382],[-70.5075810725303,-33.4190251540317],[-70.5071926249183,-33.4190227171207],[-70.5070822943146,-33.4190598496815],[-70.5069863111899,-33.4189393225849],[-70.5065295281097,-33.4186871663783],[-70.5061228387144,-33.4186169416006],[-70.5059323591875,-33.4184617683651],[-70.5057635886201,-33.418327806204],[-70.5055855825602,-33.4182507790053],[-70.5056790043118,-33.4180075368941],[-70.5058775381771,-33.4171461091365],[-70.5059273943724,-33.4165728257627],[-70.5059343309693,-33.415985745613],[-70.505871758325,-33.4153279255776],[-70.5056973775262,-33.4146213530388],[-70.5055008564805,-33.4141154859691],[-70.5052099687429,-33.4135821298349],[-70.5032691754186,-33.4106885160877],[-70.5031985409131,-33.410583200301],[-70.5035347469964,-33.4106427712588],[-70.5042025207756,-33.4107587560597],[-70.504425469641,-33.4108180926494],[-70.5051417222769,-33.4111052876853],[-70.5052696017723,-33.4112612222695],[-70.5055195089813,-33.4115636186096],[-70.5057846728644,-33.4117608371017],[-70.5059911737373,-33.4118595010407],[-70.5062035303026,-33.4119609614187],[-70.5066502599018,-33.4121273401506],[-70.5071992332814,-33.4122829296913],[-70.5075931136488,-33.4123544993944],[-70.5078894513845,-33.412379531153],[-70.5087669222059,-33.4124452182396],[-70.5092798667177,-33.4124914738828],[-70.5097818463337,-33.4125617221043],[-70.5103411318914,-33.4126551317534],[-70.5124659244813,-33.4130712763941],[-70.5125768764913,-33.4131676798104],[-70.5128450791687,-33.4134007151656],[-70.5130274612626,-33.4134581445323],[-70.5132277268082,-33.4135213203075],[-70.513389187951,-33.4136028664926],[-70.5136138275217,-33.4136359172558],[-70.5138201182346,-33.4136363830454],[-70.5138957751204,-33.4136921302867]]]},"properties":{"ZONA":"UEe3/Ee3","NOMBRE":"UEe3/Ee3 Zona Especial 3 Área de Parques"}},{"type":"Feature","geometry":{"type":"Polygon","coordinates":[[[-70.5015762557471,-33.4025787922303],[-70.5029994651134,-33.4022925185962],[-70.5035322959287,-33.4021864105184],[-70.5040622741931,-33.4020878084347],[-70.504482698157,-33.4020104610579],[-70.5047844968733,-33.4019420330074],[-70.5049736968011,-33.4018899076795],[-70.5051421004145,-33.4018380352819],[-70.5052601438692,-33.4017942546084],[-70.5054311833522,-33.401722420629],[-70.5055460962295,-33.4016687139724],[-70.5057862768637,-33.4015539940846],[-70.5060437071581,-33.4014283908702],[-70.5061681301394,-33.4013520317207],[-70.5054328842093,-33.4016532186224],[-70.5051553772697,-33.4017281706384],[-70.5049849651864,-33.401744555034],[-70.5047920461561,-33.4017755291653],[-70.5046663208227,-33.4017436484658],[-70.5045081912583,-33.4018123784732],[-70.5043031548718,-33.4018005479048],[-70.5041652304943,-33.4017210910974],[-70.5040894693651,-33.4016170182665],[-70.5039808102396,-33.4015849290492],[-70.5038897102479,-33.4015812608113],[-70.5036676908948,-33.4015744076779],[-70.5035524388473,-33.4014899027435],[-70.5034480717281,-33.4013766309469],[-70.5033108062437,-33.401335343459],[-70.5032072614248,-33.4012697859182],[-70.5031433716424,-33.4011942025733],[-70.5030293541961,-33.401181267023],[-70.5026677697524,-33.4009995266122],[-70.5024603534442,-33.4008493237899],[-70.5023127790913,-33.4008702005357],[-70.5021018098238,-33.4008441211562],[-70.5020101358459,-33.4008070519011],[-70.5018102972252,-33.400766520287],[-70.5016793790506,-33.4007633324218],[-70.5015196070431,-33.4007366323196],[-70.5014282222165,-33.4008251697284],[-70.5014282945544,-33.4008255620624],[-70.501385632734,-33.4008691826069],[-70.5014895503272,-33.4017233269197],[-70.5015195904742,-33.402163573456],[-70.5015762557471,-33.4025787922303]]]},"properties":{"ZONA":"UM/EAb4","NOMBRE":"UM/EAb4 Zona de Usos Comercio y Equipamiento de Escala Metropolitana Instituciones/ Edificación Ais"}},{"type":"Feature","geometry":{"type":"Polygon","coordinates":[[[-70.5101597691404,-33.4009058861835],[-70.5101604455198,-33.4011272996409],[-70.5101582765478,-33.401235970736],[-70.5101473090843,-33.4013040076243],[-70.5101238513761,-33.40135182725],[-70.5100921792264,-33.4013929549897],[-70.5099565755305,-33.4015100430028],[-70.5100407676527,-33.4015837107919],[-70.510558577458,-33.4018633030938],[-70.5110607870369,-33.4021344686671],[-70.5116615500492,-33.4024672824492],[-70.5117084597482,-33.4024890137025],[-70.5119868585948,-33.4026333835072],[-70.5120775036362,-33.4026852518419],[-70.512181393023,-33.4027341665251],[-70.5123118721475,-33.4027827623896],[-70.512418702568,-33.4028093399557],[-70.5125253891856,-33.4028275544806],[-70.5126152134471,-33.4028320372562],[-70.5127230723948,-33.4028223510709],[-70.5130052423219,-33.4028007917491],[-70.5133142466898,-33.402776361217],[-70.5134325141058,-33.4027674952962],[-70.5141111044547,-33.4027145929719],[-70.5150728957132,-33.4026474234801],[-70.5152313159481,-33.4026357918899],[-70.5153066073101,-33.4026377473645],[-70.5154707966635,-33.4026357417365],[-70.5155788865538,-33.4026406278237],[-70.5157137351958,-33.4026526461171],[-70.5158545859764,-33.4026695601385],[-70.5159606857728,-33.4026875146257],[-70.5160574810148,-33.4027101443079],[-70.516595149935,-33.402818874454],[-70.5172006515832,-33.4029437780244],[-70.5172842257881,-33.4029597684532],[-70.5172278636431,-33.4027286506956],[-70.5171492404754,-33.40243750088],[-70.5171055139857,-33.4022301844553],[-70.5170964832327,-33.4020954740443],[-70.5170868699438,-33.4019270639618],[-70.5171037045476,-33.4017414774997],[-70.5171466983345,-33.4015218688412],[-70.5171771986582,-33.4013529681847],[-70.5172086752298,-33.4012402320667],[-70.5163859300958,-33.4011642345838],[-70.5158365842324,-33.4010955720039],[-70.5153084658078,-33.4010378451205],[-70.51506597468,-33.4010040219287],[-70.5143564037192,-33.4009391744238],[-70.5142100502936,-33.4009325158639],[-70.5140207913659,-33.4009168806204],[-70.5139041285525,-33.400906341216],[-70.513808802044,-33.4008925526053],[-70.5137072834228,-33.4008728782145],[-70.5135738883828,-33.4007638355602],[-70.5135688603036,-33.4006540104181],[-70.5132639990376,-33.4005216810427],[-70.5127159947309,-33.4003593377447],[-70.5123879123833,-33.4002601547107],[-70.5117470081417,-33.4000694191263],[-70.5115867821533,-33.4000274574254],[-70.5109763975705,-33.3998519804973],[-70.5102563545033,-33.3996567221496],[-70.5101995013285,-33.399643832291],[-70.51014300438,-33.3996310228442],[-70.5101578444464,-33.400275140304],[-70.5101597691404,-33.4009058861835]]]},"properties":{"ZONA":"UM/EAb4p","NOMBRE":"UM/EAb4p Zona de Usos Comercio y Equipamiento de Escala Metropolitana Instituciones/ Edificación Ai"}},{"type":"Feature","geometry":{"type":"Polygon","coordinates":[[[-70.5065599334725,-33.3995876569772],[-70.5065207853028,-33.3998575852978],[-70.5064252064028,-33.4005242181967],[-70.5063945246066,-33.4007205568232],[-70.5063876601273,-33.400750569164],[-70.506733795038,-33.400628077458],[-70.5069171887837,-33.4006222714097],[-70.5071095472573,-33.4006414097389],[-70.5072029129032,-33.4006116415581],[-70.5073009170192,-33.4006032928428],[-70.5075786032514,-33.4006213937036],[-70.5077679315704,-33.4007121535265],[-70.5078715006698,-33.4007789000794],[-70.5079818699155,-33.4007453451802],[-70.5081481363458,-33.4007361660293],[-70.5083524283736,-33.4007050484506],[-70.5085193131615,-33.4007316532261],[-70.5087385689857,-33.4008256261979],[-70.5089321047631,-33.400912753581],[-70.509152908406,-33.4010961890683],[-70.5091853110802,-33.4012425438961],[-70.5093441588262,-33.4012978792159],[-70.5095067772431,-33.4013245345429],[-70.5096912656534,-33.4013819437308],[-70.5099565755305,-33.4015100430028],[-70.5100921792264,-33.4013929549897],[-70.5101238513761,-33.40135182725],[-70.5101473090843,-33.4013040076243],[-70.5101582765478,-33.401235970736],[-70.5101604455198,-33.4011272996409],[-70.5101597691404,-33.4009058861835],[-70.5092173372437,-33.4008517077314],[-70.5092048826844,-33.3995147150783],[-70.5079473675945,-33.3994934089418],[-70.5073712083322,-33.3994961485079],[-70.5071620945025,-33.399506855393],[-70.5068812427791,-33.3995330072795],[-70.506758749909,-33.3995444136498],[-70.5065599334725,-33.3995876569772]]]},"properties":{"ZONA":"UM/EAb2","NOMBRE":"UM/EAb2 Zona de Usos Comercio y Equipamiento de Escala Metropolitana Instituciones/ Edificación Ais"}},{"type":"Feature","geometry":{"type":"Polygon","coordinates":[[[-70.5039147862755,-33.4003049654968],[-70.5038107065734,-33.4003124706987],[-70.5012928628481,-33.4001066589789],[-70.5013186207854,-33.4003183810192],[-70.5013341581912,-33.4003115968127],[-70.501449050112,-33.4002733772623],[-70.5016284233765,-33.4002819437753],[-70.5017737887622,-33.4002980806405],[-70.5019401784773,-33.4002960663622],[-70.502017711807,-33.4003380786073],[-70.5021630773405,-33.4003542150115],[-70.5022533491938,-33.4003924933953],[-70.5024027956391,-33.4003978425958],[-70.5025947843479,-33.4003955174245],[-70.5027278429732,-33.4004404352636],[-70.5028358585,-33.4005178706389],[-70.5030215325936,-33.4006444740371],[-70.5031419777776,-33.4007002826393],[-70.5032575401047,-33.4007203583132],[-70.5033734117403,-33.4007583256662],[-70.5035157443974,-33.4008460820682],[-70.5035939570927,-33.4009274574121],[-70.5037139725213,-33.4009582161831],[-70.5038261318318,-33.4010284415041],[-70.5038829520148,-33.4011064956011],[-70.504092376771,-33.4011254326228],[-70.5042128860283,-33.4011848188494],[-70.5042899277792,-33.4011982016651],[-70.5044357268496,-33.4012393845813],[-70.5045181457513,-33.4013171288435],[-70.5047011710283,-33.4012898537165],[-70.5048080787215,-33.4013028739625],[-70.5049313116944,-33.4012727451847],[-70.505072165661,-33.4012746159065],[-70.5051699228588,-33.401251954893],[-70.5052365809739,-33.4011580854161],[-70.5053373713271,-33.4010638017487],[-70.505452070402,-33.4010337760103],[-70.5055887807441,-33.4010428544644],[-70.5057586974146,-33.4009978413472],[-70.5058609677486,-33.4009894419809],[-70.5060553705572,-33.4008797044581],[-70.5062205866143,-33.4008096933211],[-70.5063876601273,-33.400750569164],[-70.5063945246066,-33.4007205568232],[-70.5064252064028,-33.4005242181967],[-70.5065207853028,-33.3998575852978],[-70.5065599334725,-33.3995876569772],[-70.5063566368435,-33.3996486172374],[-70.5061719219032,-33.3997036076579],[-70.5059187384379,-33.3997820321458],[-70.5057281197334,-33.3998421169137],[-70.5053800790064,-33.3999769527889],[-70.5051423839785,-33.4000853305109],[-70.5049965451086,-33.4001373367752],[-70.5048386418856,-33.4001844640664],[-70.5045733050519,-33.4002529883848],[-70.504229430751,-33.4002822759067],[-70.5039147862755,-33.4003049654968]]]},"properties":{"ZONA":"UM/EAb4","NOMBRE":"UM/EAb4 Zona de Usos Comercio y Equipamiento de Escala Metropolitana Instituciones/ Edificación Ais"}},{"type":"Feature","geometry":{"type":"Polygon","coordinates":[[[-70.5128897347565,-33.4142522412549],[-70.5128246497144,-33.414046653253],[-70.5126394776208,-33.4134617330975],[-70.5125907979175,-33.4132720402374],[-70.5125782881047,-33.4131927783055],[-70.5125208830527,-33.4131803464385],[-70.5109747309063,-33.4128663211535],[-70.5109764757058,-33.4132134864258],[-70.5101743411645,-33.41322683372],[-70.5101686167918,-33.4141288714578],[-70.5108386055982,-33.4141242917803],[-70.5109971062016,-33.4141581537822],[-70.5110089885037,-33.414843583448],[-70.5121876823469,-33.4148285874407],[-70.5122378873086,-33.4148279753454],[-70.5122240449944,-33.4142756328592],[-70.5126207563179,-33.4142636366431],[-70.5128897347565,-33.4142522412549]]]},"properties":{"ZONA":"UEe1/Ee1","NOMBRE":"UEe1/Ee1 Zona Especial 1 Equipamientos Intercomunales y Comunal/ Edificación Especial N°1, Equipam"}},{"type":"Feature","geometry":{"type":"Polygon","coordinates":[[[-70.5150923171845,-33.4345601853006],[-70.5154825460582,-33.4348197992624],[-70.5156991600223,-33.4350460924977],[-70.5157763804831,-33.4350207309727],[-70.5159019095235,-33.4349626125486],[-70.5159238332649,-33.4349533963691],[-70.516494181984,-33.4347136314253],[-70.5165894889475,-33.4346735653976],[-70.5167527606474,-33.4345574383752],[-70.5169532133309,-33.4343430308585],[-70.5173292092541,-33.4341590841574],[-70.517503334674,-33.4341080406033],[-70.5175161482101,-33.4341043683798],[-70.5179193481153,-33.4339888187397],[-70.5179824526094,-33.4338776661714],[-70.5179922104243,-33.4338604783133],[-70.5184167120495,-33.433670499106],[-70.5189944725988,-33.4333482075653],[-70.5193617894006,-33.4332480103571],[-70.5195085163023,-33.4331558426235],[-70.5197271593427,-33.4330540219608],[-70.5198561306168,-33.4330023417096],[-70.5198844548871,-33.4329909919778],[-70.520189429761,-33.4328687838704],[-70.5203056488973,-33.4328222133511],[-70.5203997169314,-33.4327843520275],[-70.5206105181825,-33.4326995085987],[-70.5208062393217,-33.432637623263],[-70.5210646921293,-33.4325617497335],[-70.5211591203149,-33.4325269957052],[-70.521361920381,-33.4324523552903],[-70.5215340293546,-33.4323907585136],[-70.5217276243021,-33.4322767168426],[-70.5217288263004,-33.4322760085699],[-70.5218451993677,-33.432213272702],[-70.5217831457063,-33.4318756983521],[-70.521679417362,-33.4319996570387],[-70.5216456212576,-33.4321014828903],[-70.5213361793837,-33.4323081019809],[-70.5209684783825,-33.4324378858132],[-70.5205477589338,-33.4323833918191],[-70.5204694102452,-33.4323783868004],[-70.5204423090691,-33.4324562691234],[-70.520231200791,-33.4325900954613],[-70.5201034755649,-33.432609557583],[-70.5199138092379,-33.4327490862694],[-70.5196423249569,-33.4328478590592],[-70.5195189614401,-33.4329543614305],[-70.5192774255265,-33.4331386684939],[-70.5191021804429,-33.4332076272228],[-70.5189940584795,-33.4332089517599],[-70.5188569018821,-33.4331772264425],[-70.5186529532079,-33.433232219265],[-70.5183574564718,-33.4332596999609],[-70.518194921907,-33.4334048586749],[-70.5179045327267,-33.4333988694555],[-70.5176999193836,-33.4334156908631],[-70.5175591484722,-33.4335033149322],[-70.5174287615106,-33.433533544322],[-70.5173150321797,-33.4335397077067],[-70.5171453085007,-33.4335990527656],[-70.5170030421033,-33.43360079333],[-70.5167916577561,-33.4335556560377],[-70.516608229444,-33.4334815427306],[-70.5164753520055,-33.433368632928],[-70.5162878102518,-33.433385243226],[-70.5161225323123,-33.4333729472943],[-70.515829903011,-33.4332381278897],[-70.5157550960004,-33.4331913191475],[-70.5157018063959,-33.433072663004],[-70.5154574404772,-33.4330947391985],[-70.515314678227,-33.4330678501335],[-70.515188820953,-33.4330312100586],[-70.5150731007255,-33.4329228607445],[-70.5149371896017,-33.4329626992903],[-70.5148301456088,-33.4330260470941],[-70.5146454228959,-33.4332048786327],[-70.5147496781064,-33.4333085958076],[-70.5148426355749,-33.4334172234991],[-70.5149770855108,-33.4336207896768],[-70.515071536322,-33.4338153001469],[-70.5151206273244,-33.4340199090637],[-70.515152896393,-33.4342390403693],[-70.5151335335801,-33.4344349414155],[-70.5150923171845,-33.4345601853006]]]},"properties":{"ZONA":"UV/EAb4","NOMBRE":"UV/EAb4 Zona de Uso de Suelo de Vivienda/ Edificación Aislada Baja Nº4"}},{"type":"Feature","geometry":{"type":"Polygon","coordinates":[[[-70.5151906806105,-33.3902066094275],[-70.515276522395,-33.3901778074305],[-70.5154702607618,-33.3901128038194],[-70.5155465586492,-33.3900860995814],[-70.515948595962,-33.3899571858524],[-70.5159752266001,-33.3892296472516],[-70.515999348563,-33.3890784594235],[-70.5160367943299,-33.3888437682949],[-70.5160267959533,-33.3884644904879],[-70.5160627193869,-33.3883709908611],[-70.5160637683867,-33.3881037274543],[-70.5159890657823,-33.3876713371115],[-70.5159906542493,-33.3876263529645],[-70.5160043248489,-33.3875874115436],[-70.5160273792332,-33.3875551356268],[-70.5156647097979,-33.3875088258699],[-70.5153882546036,-33.3874735245042],[-70.515024753347,-33.3874416933064],[-70.5140636025654,-33.3873913852854],[-70.5134826023604,-33.38734884045],[-70.5132221577195,-33.3872892557689],[-70.5132540835678,-33.387348124716],[-70.5133463945136,-33.3874908729932],[-70.5134882902489,-33.3876672734223],[-70.5136970511185,-33.3879319244427],[-70.5138201230948,-33.3880767753753],[-70.5146910793707,-33.3892275425346],[-70.5147560503531,-33.3893119910296],[-70.5147994890294,-33.3893753905997],[-70.5149884698811,-33.3897744227816],[-70.5151376913783,-33.3900780439945],[-70.5151906806105,-33.3902066094275]]]},"properties":{"ZONA":"UEe3/Ee3","NOMBRE":"UEe3/Ee3 Zona Especial 3 Área de Parques"}},{"type":"Feature","geometry":{"type":"Polygon","coordinates":[[[-70.5296164098015,-33.4199496282329],[-70.5296170608708,-33.4194962532601],[-70.5288793493347,-33.4195106342242],[-70.5286699175608,-33.4195752557998],[-70.5284302803154,-33.4195400303223],[-70.5280616197725,-33.4196113856366],[-70.5275543925483,-33.4198944270012],[-70.5270377971926,-33.4199676012696],[-70.5269317803869,-33.4200882131724],[-70.5268230903921,-33.4200561458523],[-70.5266324424154,-33.4200561064268],[-70.526318110032,-33.4198989102105],[-70.5261002279101,-33.4198872745442],[-70.5258249915347,-33.4197689671394],[-70.5256539870535,-33.419753174512],[-70.5255714146567,-33.4197094503442],[-70.5252991184268,-33.4195964742966],[-70.5252228766744,-33.4195079312439],[-70.5250513513455,-33.4194623172859],[-70.5249576419348,-33.4193918851661],[-70.5246283470511,-33.4192736435886],[-70.524426653307,-33.4191299707498],[-70.524252562495,-33.419141058578],[-70.5236923337585,-33.4190375829769],[-70.5235225290697,-33.4190903746071],[-70.5232521643002,-33.4190877306143],[-70.5227624863611,-33.4189505740478],[-70.5224614356586,-33.4188200492681],[-70.5224185544413,-33.4188086450574],[-70.5221162388217,-33.4188093722825],[-70.5219840406892,-33.418775202863],[-70.5218448862167,-33.4187500659202],[-70.5216243588672,-33.4187497892476],[-70.5214496971671,-33.4187280707988],[-70.5212811908463,-33.4188554102877],[-70.5212432708846,-33.4189244774006],[-70.5209720029278,-33.4190739565146],[-70.5208845059462,-33.419155562079],[-70.521214400938,-33.4195124216554],[-70.5214533006783,-33.4193424603303],[-70.5215384901011,-33.4193324670939],[-70.5216679314773,-33.4192085889699],[-70.5218315106974,-33.41920658191],[-70.5219746379421,-33.4192555312713],[-70.5221100282548,-33.4192687827632],[-70.5222806680741,-33.4192637060365],[-70.5225064171564,-33.4193593638875],[-70.5232747225796,-33.4195646831215],[-70.5236087331377,-33.4195456673484],[-70.5237397347543,-33.4195112486423],[-70.5241643659737,-33.4195895459529],[-70.5243325959743,-33.4196501146401],[-70.5246119506046,-33.4197600236412],[-70.5247993177236,-33.419897906535],[-70.5248562153523,-33.4198972070011],[-70.5248892621744,-33.4199564544766],[-70.5251866080429,-33.4200780706183],[-70.5252615986317,-33.4200950447106],[-70.5255626066483,-33.4202225806322],[-70.5257156223322,-33.4202266640921],[-70.5257627386234,-33.4202767900832],[-70.5259596291753,-33.4203489344981],[-70.5260981077856,-33.4203353000317],[-70.5261660915463,-33.4203583246236],[-70.5263205176404,-33.4204429224694],[-70.5264780822529,-33.4205036194418],[-70.5267592230052,-33.420512089406],[-70.5270161509842,-33.4205596327841],[-70.5274934573094,-33.4203956725564],[-70.5278792444672,-33.4202865260132],[-70.5280265101032,-33.4201654042212],[-70.5283370943431,-33.4200273568149],[-70.5284328483696,-33.4200112629196],[-70.5285015107971,-33.4200730537878],[-70.5288067596569,-33.4200364812528],[-70.5289264640478,-33.4199664046419],[-70.5296164098015,-33.4199496282329]]]},"properties":{"ZONA":"UEe3/Ee3","NOMBRE":"UEe3/Ee3 Zona Especial 3 Área de Parques"}},{"type":"Feature","geometry":{"type":"Polygon","coordinates":[[[-70.5089873512404,-33.4184031614258],[-70.5090729439659,-33.4184164369446],[-70.509247963565,-33.4184178867687],[-70.5094194598562,-33.4184623299728],[-70.5095772866344,-33.4184568296577],[-70.5096120368643,-33.4182452315117],[-70.5097222424705,-33.4182009393404],[-70.5098234793369,-33.4181317018746],[-70.5099937362911,-33.4181045748006],[-70.5101052415022,-33.4181354295993],[-70.5102635013608,-33.4181549784241],[-70.5103322648073,-33.4179358079128],[-70.5103638000496,-33.4177850958364],[-70.5104772806369,-33.417683495465],[-70.5106257032442,-33.4176279987132],[-70.5107619451972,-33.417608442893],[-70.5108595329225,-33.4175750417846],[-70.5110197036431,-33.4174585543467],[-70.5112752398031,-33.4174268071158],[-70.5113256401565,-33.4173796627916],[-70.5113973147111,-33.417328680654],[-70.5113704719518,-33.4172574231841],[-70.5113865486193,-33.4171999596253],[-70.5114451105622,-33.4171312399777],[-70.5116096091627,-33.4170182794106],[-70.5118305101542,-33.4169583193403],[-70.5119232720808,-33.4168927620504],[-70.512142559564,-33.4167397607172],[-70.5122612967876,-33.4166953623137],[-70.5124023616347,-33.4167079591902],[-70.5126040350576,-33.4167699264141],[-70.5127503604775,-33.4168397263804],[-70.512718814924,-33.4167434712997],[-70.5127341458898,-33.4166430659382],[-70.5127687308018,-33.4163813602588],[-70.5128880300203,-33.4162874417956],[-70.5128902936841,-33.4162128462966],[-70.5130055703046,-33.4160921322419],[-70.5130636419399,-33.4159542195742],[-70.5131567037879,-33.4157830706112],[-70.5132596454036,-33.4157700175748],[-70.5132309707956,-33.4157653080235],[-70.513149999644,-33.4157458707095],[-70.5130865610956,-33.4157219825563],[-70.513047530382,-33.4156999150778],[-70.513016080017,-33.4156784558572],[-70.5129550583249,-33.4156293521103],[-70.5128325164702,-33.4155217992899],[-70.512874725539,-33.4153944090962],[-70.5129206705643,-33.41523373012],[-70.5129432397178,-33.415129548752],[-70.5129578696128,-33.4150356858227],[-70.5129943592218,-33.4148601135166],[-70.5129840051896,-33.4146373306399],[-70.5129549589249,-33.4144582676186],[-70.5128897347565,-33.4142522412549],[-70.5126207563179,-33.4142636366431],[-70.5122240449944,-33.4142756328592],[-70.5122378873086,-33.4148279753454],[-70.5121876823469,-33.4148285874407],[-70.5110089885037,-33.414843583448],[-70.5109971062016,-33.4141581537822],[-70.5108386055982,-33.4141242917803],[-70.5101686167918,-33.4141288714578],[-70.5101743411645,-33.41322683372],[-70.5109764757058,-33.4132134864258],[-70.5109747309063,-33.4128663211535],[-70.5125208830527,-33.4131803464385],[-70.5125782881047,-33.4131927783055],[-70.512576239109,-33.4131797922563],[-70.5125768764913,-33.4131676798104],[-70.5124659244813,-33.4130712763941],[-70.5103411318914,-33.4126551317534],[-70.5097818463337,-33.4125617221043],[-70.5092798667177,-33.4124914738828],[-70.5087669222059,-33.4124452182396],[-70.5078894513845,-33.412379531153],[-70.5075931136488,-33.4123544993944],[-70.5071992332814,-33.4122829296913],[-70.5066502599018,-33.4121273401506],[-70.5062035303026,-33.4119609614187],[-70.5059911737373,-33.4118595010407],[-70.5060056749997,-33.4120985905625],[-70.5061212040278,-33.4126102121853],[-70.5062785812498,-33.4130736029343],[-70.5068954332315,-33.4141935714657],[-70.5070554956353,-33.4148120283126],[-70.5071182638962,-33.4151512933958],[-70.507150625738,-33.4157891979874],[-70.5071144458677,-33.4161654571845],[-70.5070563102438,-33.4169178035674],[-70.5071334072345,-33.4172628601665],[-70.5074468518909,-33.4177004902017],[-70.5077935908784,-33.4180064760204],[-70.5083950286046,-33.418231813138],[-70.5089504933543,-33.4182668149755],[-70.5089873512404,-33.4184031614258]]]},"properties":{"ZONA":"UV/EAb4p","NOMBRE":"UV/EAb4p Zona de Uso de Suelo de Vivienda/ Edificación Aislada Baja Nº4 Prima"}},{"type":"Feature","geometry":{"type":"Polygon","coordinates":[[[-70.5089873512404,-33.4184031614258],[-70.5089504933543,-33.4182668149755],[-70.5083950286046,-33.418231813138],[-70.5077935908784,-33.4180064760204],[-70.5074468518909,-33.4177004902017],[-70.5071334072345,-33.4172628601665],[-70.5070563102438,-33.4169178035674],[-70.5071144458677,-33.4161654571845],[-70.507150625738,-33.4157891979874],[-70.5071182638962,-33.4151512933958],[-70.5070554956353,-33.4148120283126],[-70.5068954332315,-33.4141935714657],[-70.5062785812498,-33.4130736029343],[-70.5061212040278,-33.4126102121853],[-70.5060056749997,-33.4120985905625],[-70.5059911737373,-33.4118595010407],[-70.5057846728644,-33.4117608371017],[-70.5055195089813,-33.4115636186096],[-70.5052696017723,-33.4112612222695],[-70.5051417222769,-33.4111052876853],[-70.504425469641,-33.4108180926494],[-70.5042025207756,-33.4107587560597],[-70.5035347469964,-33.4106427712588],[-70.5031985409131,-33.410583200301],[-70.5032691754186,-33.4106885160877],[-70.5052099687429,-33.4135821298349],[-70.5055008564805,-33.4141154859691],[-70.5056973775262,-33.4146213530388],[-70.505871758325,-33.4153279255776],[-70.5059343309693,-33.415985745613],[-70.5059273943724,-33.4165728257627],[-70.5058775381771,-33.4171461091365],[-70.5056790043118,-33.4180075368941],[-70.5055855825602,-33.4182507790053],[-70.5057635886201,-33.418327806204],[-70.5059323591875,-33.4184617683651],[-70.5061228387144,-33.4186169416006],[-70.5065295281097,-33.4186871663783],[-70.5069863111899,-33.4189393225849],[-70.5070822943146,-33.4190598496815],[-70.5071926249183,-33.4190227171207],[-70.5075810725303,-33.4190251540317],[-70.5077207816695,-33.4192059971382],[-70.5079892497438,-33.4191812573914],[-70.5080287058124,-33.4189946577139],[-70.5083427525627,-33.4188906204187],[-70.5083365665636,-33.4187797388575],[-70.5084079965017,-33.4187144444701],[-70.5085172130565,-33.418612896809],[-70.5086617435183,-33.4185789264408],[-70.5087371299766,-33.4184956864667],[-70.5088130126127,-33.4184410751492],[-70.5089873512404,-33.4184031614258]]]},"properties":{"ZONA":"UV/EAb4","NOMBRE":"UV/EAb4 Zona de Uso de Suelo de Vivienda/ Edificación Aislada Baja Nº4"}},{"type":"Feature","geometry":{"type":"Polygon","coordinates":[[[-70.5125782881047,-33.4131927783055],[-70.5125907979175,-33.4132720402374],[-70.5126394776208,-33.4134617330975],[-70.5128246497144,-33.414046653253],[-70.5128897347565,-33.4142522412549],[-70.5129549589249,-33.4144582676186],[-70.5129840051896,-33.4146373306399],[-70.5129943592218,-33.4148601135166],[-70.5129578696128,-33.4150356858227],[-70.5129432397178,-33.415129548752],[-70.5129206705643,-33.41523373012],[-70.512874725539,-33.4153944090962],[-70.5128325164702,-33.4155217992899],[-70.5129550583249,-33.4156293521103],[-70.513016080017,-33.4156784558572],[-70.513047530382,-33.4156999150778],[-70.5130865610956,-33.4157219825563],[-70.513149999644,-33.4157458707095],[-70.5132309707956,-33.4157653080235],[-70.5132596454036,-33.4157700175748],[-70.5135470809936,-33.4157335674973],[-70.5135305807955,-33.4156025303413],[-70.5134585825804,-33.4155527031261],[-70.5134210572129,-33.4154398179623],[-70.5133790451142,-33.4152733002334],[-70.5134801492206,-33.4151557411015],[-70.5134787005191,-33.4150722436052],[-70.5135538771244,-33.4148953468303],[-70.513597982509,-33.4147725182793],[-70.5136572942719,-33.4147061747675],[-70.5138265277935,-33.414620594227],[-70.5139909632587,-33.4144634865607],[-70.5141154197585,-33.4144619673567],[-70.514273725773,-33.414361606574],[-70.5144969179466,-33.4143111581993],[-70.5145972587254,-33.4143546729819],[-70.5147039868929,-33.4143563529989],[-70.5148325165986,-33.4143846103082],[-70.5148525574614,-33.4143097976657],[-70.5147697883153,-33.4142541369884],[-70.5147503524875,-33.4141589285712],[-70.5147388562723,-33.4141113456267],[-70.5146527896652,-33.4140706390729],[-70.5145247275158,-33.4140692204071],[-70.5144350019549,-33.4140225926209],[-70.5141974169711,-33.4138584619796],[-70.5140786760353,-33.4137793787302],[-70.5138957751204,-33.4136921302867],[-70.5138201182346,-33.4136363830454],[-70.5136138275217,-33.4136359172558],[-70.513389187951,-33.4136028664926],[-70.5132277268082,-33.4135213203075],[-70.5130274612626,-33.4134581445323],[-70.5128450791687,-33.4134007151656],[-70.5125768764913,-33.4131676798104],[-70.512576239109,-33.4131797922563],[-70.5125782881047,-33.4131927783055]]]},"properties":{"ZONA":"UV/EAb1","NOMBRE":"UV/EAb1 Zona de Uso de Suelo de Vivienda/ Edificación Aislada Baja Nº1"}},{"type":"Feature","geometry":{"type":"Polygon","coordinates":[[[-70.5268816185169,-33.4172888811909],[-70.5273576802666,-33.4167867007917],[-70.5273468389055,-33.416687570345],[-70.5278619171272,-33.416203996157],[-70.5279302605892,-33.4160771657778],[-70.5278814995786,-33.4160224072759],[-70.5279044947193,-33.415905679807],[-70.5279738063409,-33.4158341966535],[-70.5281302653583,-33.4159296238313],[-70.5282219348044,-33.4158349571826],[-70.5286098197846,-33.4160172517346],[-70.5285563714717,-33.4160847222059],[-70.5287468000902,-33.4161701856586],[-70.5287202264775,-33.4162125096433],[-70.5292297357712,-33.4164505705511],[-70.5293682112789,-33.4162774277765],[-70.5294440545214,-33.4161701563345],[-70.5293939433308,-33.4161453547099],[-70.5292237413979,-33.416060070357],[-70.5287483427224,-33.4158308275011],[-70.5286257438341,-33.4157720011484],[-70.5283665045089,-33.415702376876],[-70.5279900732138,-33.4155892611457],[-70.5273574166071,-33.4155326279491],[-70.5270829454489,-33.4154572642728],[-70.5262281509072,-33.4153890422639],[-70.52632012955,-33.4157673090433],[-70.5264611851818,-33.4160232769317],[-70.5266230689752,-33.4164937423091],[-70.5267848282671,-33.4169570509605],[-70.5268816185169,-33.4172888811909]]]},"properties":{"ZONA":"UV/Ee1","NOMBRE":"UV/Ee1 Zona de Uso de Suelo de Vivienda/  EdificaciónEspecial N°1, Equipamientos"}},{"type":"Feature","geometry":{"type":"Polygon","coordinates":[[[-70.5174753720853,-33.4170999595361],[-70.517451256967,-33.4169237297025],[-70.5174362249175,-33.4167139318307],[-70.5175203239396,-33.4166413184072],[-70.517740721376,-33.4165527202437],[-70.5178421365413,-33.4164942107074],[-70.5179802627458,-33.416583194279],[-70.5183020330282,-33.4167606037492],[-70.518389535612,-33.4168836129324],[-70.5186665393501,-33.4171045192308],[-70.5186968144478,-33.4172091393879],[-70.5188358576461,-33.4173506066148],[-70.5190267712241,-33.4175296155892],[-70.5190536016482,-33.4177631307658],[-70.5191759088206,-33.4179238911399],[-70.5193216835452,-33.4180535999552],[-70.5194880520479,-33.4182016335284],[-70.5197592065201,-33.4184130645981],[-70.5200892328064,-33.4186293595853],[-70.5202265372217,-33.4187729820437],[-70.5202385911917,-33.4189228130415],[-70.5201650243978,-33.4191098351877],[-70.5202453276142,-33.4193092873031],[-70.5205424907918,-33.4197065181332],[-70.5207435289986,-33.4199760749289],[-70.5207055974397,-33.4202485608042],[-70.5206307331242,-33.4208507895819],[-70.5205265196218,-33.421238623091],[-70.5203255536167,-33.4214629989134],[-70.5199666662557,-33.4219326978426],[-70.5198273114686,-33.4222636948288],[-70.5197389154533,-33.4225797494361],[-70.5197279571604,-33.4229306486286],[-70.519689648417,-33.4231816638979],[-70.519569924828,-33.4241495215435],[-70.5194590393603,-33.4246448137805],[-70.5192946973945,-33.4250119080186],[-70.5189463198965,-33.425596010316],[-70.5187057799812,-33.4259998296929],[-70.5186310826477,-33.4261224383324],[-70.5185503411279,-33.426388289693],[-70.5184114740676,-33.4267479128427],[-70.5182298030621,-33.4271009009903],[-70.5179240879594,-33.4276844781637],[-70.5178609132757,-33.4279787477915],[-70.5178011021849,-33.4284662544469],[-70.5177829707762,-33.4288959834335],[-70.5175882706338,-33.4299721334336],[-70.5174736294322,-33.4302527157788],[-70.5172925152112,-33.4305646363014],[-70.5169784989802,-33.4308357269706],[-70.5167071819418,-33.4309440364513],[-70.5161643809067,-33.4311511114186],[-70.5157670421148,-33.4312132364362],[-70.5154279339863,-33.4313510055294],[-70.5152250663182,-33.4314680195641],[-70.5151028600389,-33.4316413152484],[-70.5145605480033,-33.4318770110711],[-70.5143510201096,-33.4319475344015],[-70.5143216792248,-33.4322890518727],[-70.514406583977,-33.4327533137961],[-70.5146849112326,-33.4325566360896],[-70.5150416763318,-33.4324520595647],[-70.5152382503933,-33.4324639745502],[-70.5154885280787,-33.4326184015927],[-70.5156751984122,-33.432551694586],[-70.5159061651196,-33.4325775049872],[-70.5160355717227,-33.4326546661593],[-70.5161338060441,-33.4327393663159],[-70.516204748699,-33.4328912118465],[-70.5163244172439,-33.4328992937328],[-70.5164830073043,-33.4328544037341],[-70.5165798311222,-33.4328579912636],[-70.5166404322756,-33.4328800524426],[-70.5167574021647,-33.4329226320099],[-70.5168613273637,-33.43300726196],[-70.5169142033509,-33.4331020615004],[-70.5170400613836,-33.4331386997998],[-70.5171932926791,-33.4331129639054],[-70.5173345616622,-33.4330539678844],[-70.5175034524965,-33.4329469104947],[-70.5179756076587,-33.4329315862372],[-70.5181280073318,-33.4328581362018],[-70.5182409877785,-33.4328090297664],[-70.5184224223975,-33.4327686301846],[-70.5185081136115,-33.4327866702922],[-70.5187573362434,-33.4327168054511],[-70.5190699858613,-33.4326938862882],[-70.5193954668378,-33.432427422501],[-70.5196498784743,-33.4323288594903],[-70.5197678827815,-33.4322415112227],[-70.5199428758176,-33.4321582378121],[-70.5200946068126,-33.4320466147021],[-70.5202070869114,-33.4319688798204],[-70.5203827446533,-33.4319237747385],[-70.5205989852462,-33.4319211232383],[-70.5208216647704,-33.4319613438647],[-70.5209807500582,-33.4319450749054],[-70.5211332286184,-33.4318763928494],[-70.5212554229791,-33.4317030915561],[-70.5213561045692,-33.4316016374629],[-70.5214932034038,-33.4313040730556],[-70.5214613372783,-33.4311088006281],[-70.5215037795823,-33.4309317049997],[-70.5215566040279,-33.4306972136309],[-70.5216623076449,-33.4305575205911],[-70.5217982949682,-33.4305224455129],[-70.5218654649445,-33.4305039368151],[-70.5219157973045,-33.4302910805844],[-70.521935824747,-33.4302156710562],[-70.5219648635725,-33.4296784311069],[-70.5225311340292,-33.4283722223742],[-70.523176393315,-33.4271903132192],[-70.5241170527455,-33.4258150720223],[-70.5247333141115,-33.4251739744501],[-70.5256706423502,-33.4243428052795],[-70.5260452732634,-33.4240347677706],[-70.5267112415611,-33.4238038531022],[-70.5276912327312,-33.42342700234],[-70.529630364648,-33.4219555477453],[-70.5296269844227,-33.4218558485249],[-70.5296251962925,-33.4216897039639],[-70.5296237948368,-33.4214482944094],[-70.5296237050462,-33.4214328738949],[-70.5296161487919,-33.4201312747487],[-70.5296163244759,-33.4200089646651],[-70.5296164098015,-33.4199496282329],[-70.5289264640478,-33.4199664046419],[-70.5288067596569,-33.4200364812528],[-70.5285015107971,-33.4200730537878],[-70.5284328483696,-33.4200112629196],[-70.5283370943431,-33.4200273568149],[-70.5280265101032,-33.4201654042212],[-70.5278792444672,-33.4202865260132],[-70.5274934573094,-33.4203956725564],[-70.5270161509842,-33.4205596327841],[-70.5267592230052,-33.420512089406],[-70.5264780822529,-33.4205036194418],[-70.5263205176404,-33.4204429224694],[-70.5261660915463,-33.4203583246236],[-70.5260981077856,-33.4203353000317],[-70.5259596291753,-33.4203489344981],[-70.5257627386234,-33.4202767900832],[-70.5257156223322,-33.4202266640921],[-70.5255626066483,-33.4202225806322],[-70.5252615986317,-33.4200950447106],[-70.5251866080429,-33.4200780706183],[-70.5248892621744,-33.4199564544766],[-70.5248562153523,-33.4198972070011],[-70.5247993177236,-33.419897906535],[-70.5246119506046,-33.4197600236412],[-70.5243325959743,-33.4196501146401],[-70.5241643659737,-33.4195895459529],[-70.5237397347543,-33.4195112486423],[-70.5236087331377,-33.4195456673484],[-70.5232747225796,-33.4195646831215],[-70.5225064171564,-33.4193593638875],[-70.5222806680741,-33.4192637060365],[-70.5221100282548,-33.4192687827632],[-70.5219746379421,-33.4192555312713],[-70.5218315106974,-33.41920658191],[-70.5216679314773,-33.4192085889699],[-70.5215384901011,-33.4193324670939],[-70.5214533006783,-33.4193424603303],[-70.521214400938,-33.4195124216554],[-70.5208845059462,-33.419155562079],[-70.5209720029278,-33.4190739565146],[-70.5212432708846,-33.4189244774006],[-70.5212811908463,-33.4188554102877],[-70.5214496971671,-33.4187280707988],[-70.5216243588672,-33.4187497892476],[-70.5218448862167,-33.4187500659202],[-70.5219840406892,-33.418775202863],[-70.5221162388217,-33.4188093722825],[-70.5224185544413,-33.4188086450574],[-70.5224614356586,-33.4188200492681],[-70.5227624863611,-33.4189505740478],[-70.5232521643002,-33.4190877306143],[-70.5235225290697,-33.4190903746071],[-70.5236923337585,-33.4190375829769],[-70.524252562495,-33.419141058578],[-70.524426653307,-33.4191299707498],[-70.5246283470511,-33.4192736435886],[-70.5249576419348,-33.4193918851661],[-70.5250513513455,-33.4194623172859],[-70.5252228766744,-33.4195079312439],[-70.5252991184268,-33.4195964742966],[-70.5255714146567,-33.4197094503442],[-70.5256539870535,-33.419753174512],[-70.5258249915347,-33.4197689671394],[-70.5261002279101,-33.4198872745442],[-70.526318110032,-33.4198989102105],[-70.5266324424154,-33.4200561064268],[-70.5268230903921,-33.4200561458523],[-70.5269317803869,-33.4200882131724],[-70.5270377971926,-33.4199676012696],[-70.5275543925483,-33.4198944270012],[-70.5280616197725,-33.4196113856366],[-70.5284302803154,-33.4195400303223],[-70.5286699175608,-33.4195752557998],[-70.5288793493347,-33.4195106342242],[-70.5296170608708,-33.4194962532601],[-70.5296174835197,-33.4192021603302],[-70.5296213434548,-33.4190175329811],[-70.5296237667509,-33.4187846545514],[-70.5296237660492,-33.4186091744673],[-70.5293796293628,-33.4186217880743],[-70.5290364720999,-33.4187274302991],[-70.5289802707696,-33.4185929620364],[-70.5289686066698,-33.4185650546953],[-70.527209402941,-33.418588637583],[-70.5271682102825,-33.4183161692251],[-70.5270915437387,-33.4179677815741],[-70.5270421847703,-33.4177488627376],[-70.5269666887032,-33.4174672723225],[-70.5268816185169,-33.4172888811909],[-70.5267848282671,-33.4169570509605],[-70.5266230689752,-33.4164937423091],[-70.5264611851818,-33.4160232769317],[-70.52632012955,-33.4157673090433],[-70.5262281509072,-33.4153890422639],[-70.5270829454489,-33.4154572642728],[-70.5273574166071,-33.4155326279491],[-70.5279900732138,-33.4155892611457],[-70.5283665045089,-33.415702376876],[-70.5286257438341,-33.4157720011484],[-70.5287483427224,-33.4158308275011],[-70.5292237413979,-33.416060070357],[-70.5293939433308,-33.4161453547099],[-70.5294440545214,-33.4161701563345],[-70.5295416007315,-33.4162184352396],[-70.5295500103506,-33.4159663095577],[-70.5295525829068,-33.4158891687567],[-70.5293280861668,-33.415874289643],[-70.5290276643441,-33.4157795647113],[-70.5286980635739,-33.4156434412085],[-70.5283448303217,-33.4153763698639],[-70.5282233030582,-33.4153420746473],[-70.5280932532189,-33.4152273526826],[-70.5278247337328,-33.4151262659846],[-70.5273691626114,-33.4151080156725],[-70.5271740580448,-33.415137262564],[-70.5269955326792,-33.4150977021733],[-70.5268625555697,-33.4150188066627],[-70.5264905518679,-33.4148981130545],[-70.5261833381856,-33.4148213610239],[-70.5260208190252,-33.4146801909462],[-70.526012142929,-33.4145908178619],[-70.5258949034205,-33.4145982250678],[-70.5255234764031,-33.4145103307386],[-70.5253029600278,-33.4145100603045],[-70.5251078570262,-33.4145393030145],[-70.5248901152378,-33.4144942569049],[-70.5247864734917,-33.4144657041286],[-70.5246446557731,-33.4144913095286],[-70.5245022125776,-33.4144811297917],[-70.5241561992625,-33.4144227449905],[-70.5239809716474,-33.414368227576],[-70.5236010820571,-33.4142028812276],[-70.5232548620717,-33.4141325658283],[-70.5231181258965,-33.4140417817842],[-70.5229717104358,-33.4140077869667],[-70.5227799549496,-33.4140250552162],[-70.5226013815751,-33.4139825065877],[-70.5224254282161,-33.4138862383236],[-70.522184272598,-33.4137221670498],[-70.5218473705678,-33.413574183997],[-70.5216578708444,-33.4135168550249],[-70.5209643277175,-33.4135164132126],[-70.5208574447228,-33.4135057931988],[-70.5206254832393,-33.4134609138661],[-70.5204216486992,-33.4134789226636],[-70.5202480737798,-33.4135597935974],[-70.5201808619516,-33.4136214635034],[-70.5201313416226,-33.4137187101538],[-70.5198854759531,-33.4138147834339],[-70.5197142969214,-33.4137882470824],[-70.5195478828483,-33.413790285917],[-70.5194148579464,-33.4137489639193],[-70.5192526488904,-33.4137473722969],[-70.5192189490784,-33.4137728394155],[-70.5192027535237,-33.4138231473843],[-70.5189745153028,-33.4139512153225],[-70.5187905966828,-33.4139284131587],[-70.5187006786681,-33.4139116178037],[-70.518587493166,-33.4137841514879],[-70.5185607693029,-33.4137200521583],[-70.5184233836388,-33.413918592171],[-70.518242019754,-33.4140425063926],[-70.5180840151094,-33.4140372814324],[-70.5179824150097,-33.4140850550496],[-70.5177087650858,-33.414056190507],[-70.5176688674454,-33.4139707772685],[-70.5175659609542,-33.4139434025582],[-70.5175062844106,-33.4139477121348],[-70.51712059867,-33.4141027572507],[-70.5171227146493,-33.4142244255143],[-70.5170900719853,-33.4143107262064],[-70.5170160040106,-33.4144691189791],[-70.517089165303,-33.4145040159611],[-70.5171594929479,-33.4146212704349],[-70.5172301931609,-33.4147599961126],[-70.517259218281,-33.4149564991598],[-70.5172241131544,-33.415146627774],[-70.5171182730928,-33.4154414193651],[-70.516958985659,-33.4156080124359],[-70.51691961229,-33.4157981931621],[-70.5168498724495,-33.4159601114408],[-70.5169152480315,-33.4160380553212],[-70.516938264156,-33.41613441269],[-70.5169527455505,-33.4162308753376],[-70.5168862138776,-33.4163319073385],[-70.5169806504513,-33.4163629656054],[-70.5170668033583,-33.4164084411185],[-70.5171454163265,-33.4165112773013],[-70.5171852524921,-33.4165931128688],[-70.5172080201082,-33.4166751563126],[-70.5172099496869,-33.4167860893559],[-70.5172361123105,-33.4168179825652],[-70.5172418113866,-33.4169002347935],[-70.5172948225492,-33.4170033840449],[-70.5173046646513,-33.4170784275856],[-70.5173900703515,-33.4170809622035],[-70.5174753720853,-33.4170999595361]]]},"properties":{"ZONA":"UV/EAb4","NOMBRE":"UV/EAb4 Zona de Uso de Suelo de Vivienda/ Edificación Aislada Baja Nº4"}},{"type":"Feature","geometry":{"type":"Polygon","coordinates":[[[-70.5113930945721,-33.4196455626887],[-70.5113515429509,-33.419702390628],[-70.5112969874884,-33.419706872963],[-70.5112630926971,-33.4197016169359],[-70.5111942743584,-33.4196909442328],[-70.511106010269,-33.4197206534812],[-70.5110387585423,-33.419763283636],[-70.5109371351283,-33.4198277018903],[-70.5109692299509,-33.4198406736387],[-70.5111046929504,-33.4197760279452],[-70.5112025901722,-33.4197767443599],[-70.5113787156068,-33.4198517192166],[-70.511429923442,-33.4198510951818],[-70.5115540234934,-33.4197875425383],[-70.5117898503765,-33.4196033200784],[-70.5119197226187,-33.4195444693197],[-70.5121531680247,-33.419551167607],[-70.5122827906609,-33.4194780026093],[-70.5124538974255,-33.4194997782406],[-70.5125203538499,-33.4193939768618],[-70.5126168305946,-33.419378483362],[-70.5127125635873,-33.4193200481422],[-70.5127506540964,-33.4192193643137],[-70.5128100129914,-33.41903252052],[-70.5128293790041,-33.4188366193159],[-70.5128785999262,-33.4187214836768],[-70.5130069791938,-33.4185767485765],[-70.5132263112832,-33.4184261310845],[-70.5138511567903,-33.4180319485865],[-70.5142063743364,-33.4178414917276],[-70.5143067994289,-33.4177257304036],[-70.514441113359,-33.4175952383038],[-70.5146991897622,-33.4173821049529],[-70.5151510423354,-33.4171856935553],[-70.5154067427146,-33.4171634801368],[-70.5157132334575,-33.4171167843118],[-70.5161402010157,-33.417125882688],[-70.516415292194,-33.4172370548663],[-70.5166223568926,-33.4173633760656],[-70.5174535733117,-33.417711131629],[-70.517648099449,-33.4177707916866],[-70.5179306282128,-33.4179820885851],[-70.5179871084952,-33.417957535239],[-70.5177312029888,-33.4176409227149],[-70.5176869433387,-33.4175548053769],[-70.5167638824384,-33.4172329836131],[-70.5167180158614,-33.4170498102109],[-70.5166144665915,-33.4168220060288],[-70.5166187036248,-33.4167384391143],[-70.5164339634697,-33.4165867905761],[-70.5162964514815,-33.4164512675891],[-70.5162802580169,-33.4163381234854],[-70.5163480594142,-33.4161464022569],[-70.5162963064904,-33.4160336919756],[-70.5163074197967,-33.4158545952713],[-70.5164098469541,-33.4156087616276],[-70.5164285906723,-33.415459397674],[-70.5165471069058,-33.4153207444423],[-70.5166377980975,-33.4152182240509],[-70.5167193028258,-33.4149965080938],[-70.5167102203103,-33.4148832770711],[-70.5166443480834,-33.4147767053149],[-70.5164795325845,-33.4147071359858],[-70.5164549829344,-33.4145225095085],[-70.5164670300229,-33.414397088613],[-70.5165217458373,-33.414271146029],[-70.5165277174973,-33.4142054542365],[-70.5164002243309,-33.414236839946],[-70.5161881159515,-33.4143110174532],[-70.5159188030734,-33.4143679973937],[-70.5156771063596,-33.4143769168662],[-70.5155574501199,-33.4144499635263],[-70.5154577822588,-33.4144452164591],[-70.5153735809704,-33.4145118639955],[-70.515334225245,-33.414703237232],[-70.5152284808555,-33.4147582181597],[-70.5150735754969,-33.4148495913318],[-70.5148677480741,-33.4148759665598],[-70.5147252013695,-33.414859811088],[-70.5146251188227,-33.4148312063041],[-70.5145749211746,-33.41480795806],[-70.5144329958872,-33.4148275873892],[-70.5143742514474,-33.4148855722789],[-70.514233810533,-33.4149087618107],[-70.5141666554546,-33.4149740081897],[-70.5140696920167,-33.4150431969572],[-70.5139721265135,-33.4153235681157],[-70.514020058044,-33.415380251589],[-70.5140517918577,-33.4154872406006],[-70.5140752394717,-33.4156086485637],[-70.5140937365111,-33.4156907447738],[-70.5141595442898,-33.4157937392437],[-70.5141781656976,-33.4158829928243],[-70.5141436125823,-33.4161053271842],[-70.5138810373187,-33.4162230685318],[-70.5135182682493,-33.4162239163756],[-70.5134897013793,-33.4162994289695],[-70.5134437565073,-33.4163572572437],[-70.5134376442245,-33.416496922375],[-70.5132733352887,-33.4166206204668],[-70.5132798997825,-33.4167529720158],[-70.5132986447152,-33.4168493831254],[-70.5132668665168,-33.4169857819386],[-70.5131543834161,-33.4171446402764],[-70.5129997251152,-33.417332646824],[-70.5129291688174,-33.4174480436767],[-70.512908035171,-33.4177060058267],[-70.5130079809229,-33.4178085844527],[-70.5126974816099,-33.4181166072432],[-70.5127714523249,-33.4181980270378],[-70.5127026476962,-33.4186605876286],[-70.5118966695094,-33.4194399505823],[-70.5113930945721,-33.4196455626887]]]},"properties":{"ZONA":"UV/EAb4","NOMBRE":"UV/EAb4 Zona de Uso de Suelo de Vivienda/ Edificación Aislada Baja Nº4"}},{"type":"Feature","geometry":{"type":"Polygon","coordinates":[[[-70.5101591894028,-33.4187190236926],[-70.5104711172542,-33.4187228612337],[-70.510636959003,-33.4187036611104],[-70.510745572877,-33.4186660683435],[-70.5109636279796,-33.4186385957883],[-70.5110994198277,-33.41859303653],[-70.5112010073334,-33.4185440754461],[-70.5113353448626,-33.4184145405067],[-70.5114164823166,-33.4183677376645],[-70.5116159318704,-33.418317583647],[-70.5116796884149,-33.4183187158042],[-70.5118721853046,-33.4183927266064],[-70.5119418176889,-33.418470143252],[-70.5119416334059,-33.4187221240025],[-70.512089380992,-33.4189723003917],[-70.5120986815524,-33.4187824877427],[-70.5121931633792,-33.4184878387359],[-70.5122215196364,-33.418318075494],[-70.5121172446424,-33.4182119704665],[-70.5121762896529,-33.4179249114927],[-70.5123303256079,-33.4177828466894],[-70.5123606227444,-33.417684048166],[-70.5123725715133,-33.4175526639727],[-70.512395241163,-33.4174241314744],[-70.5123968319883,-33.4173107699418],[-70.5124346549925,-33.4172357408452],[-70.5123412680868,-33.4171831913928],[-70.5122257306273,-33.41728899409],[-70.5120460279636,-33.4173866316594],[-70.5119363089753,-33.4174177961747],[-70.5119235841986,-33.4175044497879],[-70.511752388698,-33.4176825150768],[-70.5117388367427,-33.4177214554142],[-70.5115173911669,-33.4178732892104],[-70.5113792752299,-33.4179077817369],[-70.5112794990812,-33.417897066935],[-70.5111456103615,-33.4179702828543],[-70.5109158118793,-33.4180506328022],[-70.5108413926521,-33.4180664532983],[-70.5108018200767,-33.4182458963067],[-70.5107934762739,-33.4183802197905],[-70.5107240597919,-33.418479494455],[-70.510586819484,-33.4185646812205],[-70.5104879216755,-33.4186046608664],[-70.5103033159812,-33.4186248053531],[-70.5102073024542,-33.4186259744929],[-70.5101936463977,-33.4186589501803],[-70.5101591894028,-33.4187190236926]]]},"properties":{"ZONA":"UV/EAb4","NOMBRE":"UV/EAb4 Zona de Uso de Suelo de Vivienda/ Edificación Aislada Baja Nº4"}},{"type":"Feature","geometry":{"type":"Polygon","coordinates":[[[-70.5055958336559,-33.384291794026],[-70.5055615779573,-33.3843231496982],[-70.5054071808378,-33.3844467259349],[-70.5052753945407,-33.3845359527946],[-70.5051664439368,-33.3846054241956],[-70.5050397718003,-33.384655644733],[-70.5048958822796,-33.3847158059006],[-70.5047691269986,-33.3847611571392],[-70.5045960088015,-33.3848070631979],[-70.5044862189102,-33.3848278672864],[-70.5043648479498,-33.3848488107769],[-70.5042143240372,-33.3848603746899],[-70.5040579960327,-33.3848720024578],[-70.5039808455611,-33.3848761815406],[-70.5049168081553,-33.3857159807468],[-70.5072155923177,-33.3844281820286],[-70.5077701333794,-33.3837399310759],[-70.5071980705324,-33.3836188861942],[-70.5071564951366,-33.3836820288061],[-70.5070859683373,-33.3837156949677],[-70.5069801523163,-33.3837647036784],[-70.5067045880574,-33.3838664786523],[-70.5066135559062,-33.3839481171484],[-70.5062778701396,-33.3840685184959],[-70.5061047200245,-33.3841302744707],[-70.5058993727439,-33.384180490257],[-70.5055958336559,-33.384291794026]]]},"properties":{"ZONA":"UVO/EAa2","NOMBRE":"UVO/EAa2 Zona de Uso de Vivienda y Equipamiento de Oficina/ Edificación Aislada Alta N°2"}},{"type":"Feature","geometry":{"type":"Polygon","coordinates":[[[-70.4946700709622,-33.3794827867474],[-70.4943459826346,-33.3794914623239],[-70.4942327336405,-33.3794760333116],[-70.4943915810306,-33.3796172909854],[-70.4945567198459,-33.3797107498166],[-70.4948094134277,-33.3799343925857],[-70.4948552321556,-33.380118769894],[-70.4949182280921,-33.380475937848],[-70.4949173463365,-33.3808398401564],[-70.494766697552,-33.3815933004879],[-70.4947657710373,-33.3815973907625],[-70.4948589820333,-33.3815469416266],[-70.4949723205356,-33.3815217139767],[-70.4951029648397,-33.3815105956606],[-70.4952660186418,-33.3813988665711],[-70.4957142542061,-33.3813314240886],[-70.4957867991871,-33.3812494201486],[-70.4958934687687,-33.3811670039232],[-70.496057419877,-33.3811077593798],[-70.4961520599379,-33.3809873095097],[-70.4963266490407,-33.3808849852686],[-70.4966167003418,-33.3808814875757],[-70.4967241862855,-33.3808467845397],[-70.4968141198029,-33.3807836599656],[-70.4968934138871,-33.3807636138515],[-70.4969035614801,-33.3806919062989],[-70.4969591259254,-33.3806148782567],[-70.4971385012891,-33.380459998781],[-70.4972675078568,-33.3803534505047],[-70.4976625878613,-33.3801721061669],[-70.4977977718179,-33.3800941168582],[-70.4978364371487,-33.380026837683],[-70.4981178518233,-33.3798516364249],[-70.4977404509796,-33.3797368829384],[-70.4975969622004,-33.3796622568116],[-70.4973344519813,-33.3796129280543],[-70.4971077006307,-33.3796586148342],[-70.4969266914403,-33.3797180673881],[-70.4964666007261,-33.3797570221132],[-70.4959826174788,-33.3797294515336],[-70.4956621735539,-33.3796187767991],[-70.4955128357451,-33.3795346743313],[-70.4952734026727,-33.3795041527658],[-70.4950338053523,-33.379464088323],[-70.4946700709622,-33.3794827867474]]]},"properties":{"ZONA":"UV/EAb4","NOMBRE":"UV/EAb4 Zona de Uso de Suelo de Vivienda/ Edificación Aislada Baja Nº4"}},{"type":"Feature","geometry":{"type":"Polygon","coordinates":[[[-70.4938041450645,-33.3902657018567],[-70.4938550872311,-33.3907478457286],[-70.4939075436669,-33.3913198965874],[-70.4938940311166,-33.391527656442],[-70.4938300002611,-33.3917753960796],[-70.4937917884797,-33.3925346596358],[-70.493844756368,-33.3926378204896],[-70.4939041965919,-33.3927198666251],[-70.4940011978202,-33.3927299268081],[-70.4945306763349,-33.3927521842046],[-70.495133282762,-33.3927258344874],[-70.4957448689636,-33.3926255411271],[-70.4957869283045,-33.3929224517565],[-70.4958952937707,-33.3932592854797],[-70.4961245098323,-33.3934990062512],[-70.496125147819,-33.3935005371289],[-70.4961724615058,-33.3935733850944],[-70.496373848744,-33.3937660969853],[-70.4966325776939,-33.3939445916867],[-70.4967643961703,-33.3940139363227],[-70.4969844802063,-33.3941287662077],[-70.4970971934191,-33.3941671718658],[-70.4972245838731,-33.3941819014862],[-70.4973759464025,-33.3941789285901],[-70.497510201462,-33.3942168348953],[-70.4976005380184,-33.3942444596978],[-70.4976907471995,-33.3942649071798],[-70.4977805870068,-33.3942638226813],[-70.4979171811858,-33.3942442284908],[-70.4980920293568,-33.3942098110763],[-70.4982204332969,-33.394211851817],[-70.498357273585,-33.3942066081457],[-70.4986983524349,-33.3941342919473],[-70.4988560883979,-33.3941000801637],[-70.4990562363281,-33.3940438230022],[-70.4992007699033,-33.3939882375349],[-70.4993361879318,-33.3939004557011],[-70.4994298145268,-33.3938706090958],[-70.4997407579484,-33.3937878878655],[-70.4999320399164,-33.3937137876995],[-70.5002122356349,-33.3935847730788],[-70.50073052493,-33.3933667327524],[-70.5011358559826,-33.3932428410198],[-70.5013009719213,-33.3931725356144],[-70.501094136313,-33.3929748203169],[-70.500777441581,-33.3928600697033],[-70.5006264143968,-33.3927865182124],[-70.5003462425886,-33.3926678697241],[-70.4998159159141,-33.3924337946567],[-70.4995399605736,-33.3923115030391],[-70.4982592696231,-33.3916913013446],[-70.4982357367563,-33.3917067295141],[-70.4981088407324,-33.3917791964993],[-70.4978165991932,-33.3919486630434],[-70.4975192176651,-33.3920853596916],[-70.4975064118336,-33.3920912455597],[-70.497451420805,-33.3919612479834],[-70.4974164590907,-33.3917886727097],[-70.4970544417762,-33.3912054459794],[-70.4970319879568,-33.3911400967506],[-70.497025793146,-33.3910939440179],[-70.4970116049753,-33.3909882243586],[-70.4967735685042,-33.3905515526136],[-70.4966885455135,-33.3903955781205],[-70.4966601262084,-33.3903529798116],[-70.4962934416504,-33.390368140688],[-70.4958748292243,-33.390340974586],[-70.4955328210633,-33.3903021462448],[-70.4950875112307,-33.390210872242],[-70.4949761683291,-33.3901871592562],[-70.4947118043725,-33.3901975022169],[-70.4944006994095,-33.3902191460039],[-70.4938041450645,-33.3902657018567]]]},"properties":{"ZONA":"UV/EAb4","NOMBRE":"UV/EAb4 Zona de Uso de Suelo de Vivienda/ Edificación Aislada Baja Nº4"}},{"type":"Feature","geometry":{"type":"Polygon","coordinates":[[[-70.4932694040623,-33.3926540273163],[-70.4933096658144,-33.3926582026589],[-70.4939041965919,-33.3927198666251],[-70.493844756368,-33.3926378204896],[-70.4937917884797,-33.3925346596358],[-70.4938300002611,-33.3917753960796],[-70.4938940311166,-33.391527656442],[-70.4939075436669,-33.3913198965874],[-70.4938550872311,-33.3907478457286],[-70.4938041450645,-33.3902657018567],[-70.4938053873057,-33.3913358854416],[-70.4932694040623,-33.3926540273163]]]},"properties":{"ZONA":"UV/Ee3","NOMBRE":"UV/Ee3 Zona de Uso de Suelo de Vivienda/ EdificaciónEspacial N°3 Parques Intercomunales"}},{"type":"Feature","geometry":{"type":"Polygon","coordinates":[[[-70.496021778764,-33.3673227314101],[-70.4967218401105,-33.367395232937],[-70.4971684209475,-33.3675236617134],[-70.4972449016037,-33.367506035789],[-70.4971262464628,-33.3673857724934],[-70.4971394736537,-33.3670203507455],[-70.4968500749132,-33.3670086798668],[-70.4963357660423,-33.3669798085604],[-70.4960994932066,-33.3669726622356],[-70.4960763480546,-33.3669723351593],[-70.4959969511523,-33.3672013351789],[-70.496021778764,-33.3673227314101]]]},"properties":{"ZONA":"UC1/EAm1","NOMBRE":"UC1/EAm1 Zona de Uso de Comercio N°1 e Instituciones Comunal/ Edificación Aislada Media N°1"}},{"type":"Feature","geometry":{"type":"Polygon","coordinates":[[[-70.5011538414245,-33.3688869820979],[-70.5021058245996,-33.3693468114829],[-70.503153050182,-33.3698829542846],[-70.5040677711149,-33.3702480425385],[-70.505061939881,-33.3704991294838],[-70.505354089448,-33.3698988598421],[-70.5052878680811,-33.3698680816484],[-70.5052277589719,-33.3698464517154],[-70.5051724292027,-33.3698259776976],[-70.5049932017965,-33.3697596583807],[-70.5049913087626,-33.3697589580429],[-70.5044297835412,-33.3695511742034],[-70.5044017144288,-33.3695409527381],[-70.5043357367539,-33.3695169278095],[-70.504270356244,-33.3694855697951],[-70.5041357858461,-33.3694210257585],[-70.5038537487156,-33.369288254272],[-70.503825218229,-33.3692748231306],[-70.5035370878103,-33.3691391828631],[-70.5031459415851,-33.3689569007251],[-70.5028117568461,-33.3688708253845],[-70.5025727095113,-33.3687678942452],[-70.5022258439914,-33.368618536623],[-70.5019948707956,-33.368592757327],[-70.5018795493447,-33.368589755326],[-70.5017592201557,-33.3686000053286],[-70.501668623674,-33.3686208756533],[-70.5015837492225,-33.3686666230658],[-70.501507921139,-33.3687060931576],[-70.5011538414245,-33.3688869820979]]]},"properties":{"ZONA":"UC2/EAm1p","NOMBRE":"UC2/EAm1p Zona de Uso de Comercio N°2 e Instituciones Metropolitanas/ Edificación Aislada Media N"}},{"type":"Feature","geometry":{"type":"Polygon","coordinates":[[[-70.505061939881,-33.3704991294838],[-70.5048862035891,-33.3708602070561],[-70.5044992182932,-33.3716553132308],[-70.5048891194579,-33.3717543849461],[-70.505506484157,-33.3719330191538],[-70.5059465788473,-33.3710891540805],[-70.5059648505626,-33.3710541178789],[-70.5054666629576,-33.3708597233049],[-70.5055818663139,-33.3706304375649],[-70.5057471204139,-33.3703015347164],[-70.5058341287892,-33.3700359265745],[-70.5058182305133,-33.3700328556258],[-70.5057293513677,-33.3700156865631],[-70.5056618974725,-33.3700026549985],[-70.5054114465827,-33.3699255175932],[-70.505354089448,-33.3698988598421],[-70.505061939881,-33.3704991294838]]]},"properties":{"ZONA":"UEe1/Ee1","NOMBRE":"UEe1/Ee1 Zona Especial 1 Equipamientos Intercomunales y Comunal/ Edificación Especial N°1, Equipam"}},{"type":"Feature","geometry":{"type":"Polygon","coordinates":[[[-70.5076268175568,-33.3709313932874],[-70.5075891586747,-33.3709974132204],[-70.5078898046679,-33.3711154561327],[-70.507815444511,-33.3712559502627],[-70.507991543007,-33.371325395896],[-70.5081675795706,-33.371010251219],[-70.5085664399108,-33.3702961986195],[-70.5080508853907,-33.3702307524626],[-70.5080281207908,-33.3702278626277],[-70.5076268175568,-33.3709313932874]]]},"properties":{"ZONA":"UEe1/Ee1","NOMBRE":"UEe1/Ee1 Zona Especial 1 Equipamientos Intercomunales y Comunal/ Edificación Especial N°1, Equipam"}},{"type":"Feature","geometry":{"type":"Polygon","coordinates":[[[-70.5055818663139,-33.3706304375649],[-70.5057117512673,-33.3706632399354],[-70.5063393309314,-33.3707749337085],[-70.5074908222499,-33.3709115610464],[-70.5076268175568,-33.3709313932874],[-70.5080281207908,-33.3702278626277],[-70.5078654249772,-33.3702072089268],[-70.5076595701076,-33.3701942932544],[-70.5069085353626,-33.3701471694106],[-70.5067651021778,-33.3701381687071],[-70.5066563026065,-33.370128477767],[-70.5066341611807,-33.3701265054186],[-70.5065658315192,-33.3701204193816],[-70.5064639054052,-33.3701113392719],[-70.5063051843632,-33.370097200812],[-70.5062982667924,-33.3700965849214],[-70.5059478044432,-33.3700578866021],[-70.5059057627363,-33.3700497649972],[-70.5058341287892,-33.3700359265745],[-70.5057471204139,-33.3703015347164],[-70.5055818663139,-33.3706304375649]]]},"properties":{"ZONA":"UC2/EAm1p","NOMBRE":"UC2/EAm1p Zona de Uso de Comercio N°2 e Instituciones Metropolitanas/ Edificación Aislada Media N"}},{"type":"Feature","geometry":{"type":"Polygon","coordinates":[[[-70.4991410191792,-33.376130514155],[-70.4995608400968,-33.3762342119674],[-70.499687282949,-33.3759373942883],[-70.4997542742054,-33.3756979669353],[-70.4999137927757,-33.3748429811202],[-70.5000214155247,-33.3746925442416],[-70.5003130059535,-33.3737070883691],[-70.4996319357773,-33.3735375602107],[-70.4994327943232,-33.3735106251473],[-70.4987878062454,-33.3733614839438],[-70.4989170594429,-33.3736195055838],[-70.4991701882467,-33.374114056176],[-70.4992477255053,-33.3743121619961],[-70.4993031293792,-33.3745167543725],[-70.4993173669362,-33.3746516368989],[-70.4993208350719,-33.3746844867584],[-70.4993231829014,-33.3748212949926],[-70.4993037203714,-33.3749832517467],[-70.4992636266188,-33.3752387615123],[-70.4992227813352,-33.3754507403171],[-70.4992245955526,-33.3755564588366],[-70.4992436886591,-33.3758050289401],[-70.4992602194869,-33.3759043504412],[-70.4992393692847,-33.3759854631244],[-70.4992108966102,-33.376054225818],[-70.4991410191792,-33.376130514155]]]},"properties":{"ZONA":"UEe1/Ee1","NOMBRE":"UEe1/Ee1 Zona Especial 1 Equipamientos Intercomunales y Comunal/ Edificación Especial N°1, Equipam"}},{"type":"Feature","geometry":{"type":"Polygon","coordinates":[[[-70.5197182117817,-33.3744768298004],[-70.5192151927135,-33.3751023956128],[-70.5204559891266,-33.3756387637064],[-70.5212028672175,-33.374681741608],[-70.5214240073507,-33.3743983756925],[-70.5211744723722,-33.3742987823851],[-70.5209843083269,-33.374222884163],[-70.5209513649168,-33.3742092333489],[-70.5207516628367,-33.3741123490964],[-70.5202289460871,-33.3738587566288],[-70.5202190553096,-33.3738539581506],[-70.5197182117817,-33.3744768298004]]]},"properties":{"ZONA":"UEe1/Ee1","NOMBRE":"UEe1/Ee1 Zona Especial 1 Equipamientos Intercomunales y Comunal/ Edificación Especial N°1, Equipam"}},{"type":"Feature","geometry":{"type":"Polygon","coordinates":[[[-70.5010108471183,-33.3680518690935],[-70.5012487942739,-33.3681665570497],[-70.5014733355806,-33.3684276137202],[-70.5015065237283,-33.3685032860241],[-70.5014924511465,-33.3685477692055],[-70.5014828408846,-33.3685821606909],[-70.5014581207266,-33.3686274391475],[-70.5007163972482,-33.3690161759734],[-70.5007307342353,-33.3690226727894],[-70.500742232284,-33.3690310292967],[-70.5007497613778,-33.3690407234539],[-70.5007551311906,-33.3690496699222],[-70.5007599039191,-33.3690596481241],[-70.5007637247145,-33.3690675824944],[-70.5007652129237,-33.3690855187506],[-70.5011538414245,-33.3688869820979],[-70.501507921139,-33.3687060931576],[-70.5015837492225,-33.3686666230658],[-70.501668623674,-33.3686208756533],[-70.5017592201557,-33.3686000053286],[-70.5018795493447,-33.368589755326],[-70.5019948707956,-33.368592757327],[-70.5022258439914,-33.368618536623],[-70.5025727095113,-33.3687678942452],[-70.5028117568461,-33.3688708253845],[-70.5031459415851,-33.3689569007251],[-70.5027779097179,-33.3688022834276],[-70.5027094475934,-33.3687703576336],[-70.502010200576,-33.3684442761129],[-70.5016856583718,-33.3682929296512],[-70.5013765298405,-33.3681496307682],[-70.5011037313897,-33.3680231722905],[-70.5007307980198,-33.3678514519481],[-70.500826148312,-33.3679628459159],[-70.5010108471183,-33.3680518690935]]]},"properties":{"ZONA":"AV","NOMBRE":"AV Zona de Áreas Verdes"}},{"type":"Feature","geometry":{"type":"Polygon","coordinates":[[[-70.6014582418251,-33.4181776688449],[-70.6018794211363,-33.4179088651974],[-70.6023386705852,-33.4176545171674],[-70.6028927222247,-33.4174564686911],[-70.6033637114824,-33.4173835690735],[-70.6039662574077,-33.4173471447598],[-70.6044144873091,-33.4172745364079],[-70.6048284058905,-33.4171928253789],[-70.604943712533,-33.4171407258368],[-70.6067616562282,-33.4161799439067],[-70.6069053397446,-33.4161643167872],[-70.6067797251509,-33.4160290453653],[-70.6064659335964,-33.4161071094511],[-70.6059271455875,-33.4164057824521],[-70.6048611171313,-33.4169836205345],[-70.6045694592643,-33.4170586221436],[-70.6042323845387,-33.4171215875194],[-70.6040315582784,-33.4171452816476],[-70.6034593854343,-33.4171925306351],[-70.6031108703171,-33.4172415758331],[-70.6028632215496,-33.4173033797901],[-70.6026027010249,-33.4173727428436],[-70.6022020081493,-33.4175252439226],[-70.6019279630544,-33.4176717764634],[-70.6018311814938,-33.4177292866973],[-70.6016642395987,-33.4178343369455],[-70.6015803145397,-33.4179792998761],[-70.6014582418251,-33.4181776688449]]]},"properties":{"ZONA":"UEe3/Ee3","NOMBRE":"UEe3/Ee3 Zona Especial 3 Área de Parques"}},{"type":"Feature","geometry":{"type":"Polygon","coordinates":[[[-70.5143510201096,-33.4319475344015],[-70.5142662973325,-33.4319760502142],[-70.5138696150026,-33.4320763401399],[-70.5136416612196,-33.4320600334157],[-70.5133462492035,-33.4320922727843],[-70.512983875226,-33.4322016854709],[-70.5126554770623,-33.4323011383711],[-70.5123483518834,-33.4323144287905],[-70.5120171387572,-33.4322516560794],[-70.511607914298,-33.4322852790429],[-70.5114025563444,-33.4322591484654],[-70.5111313940159,-33.4323769882963],[-70.5108122247863,-33.432352243636],[-70.5105944939172,-33.4322689949337],[-70.5105732194757,-33.4323551553973],[-70.5104143789586,-33.4323857240366],[-70.5100841596382,-33.4323802015742],[-70.5098212356335,-33.4323165904323],[-70.5096397974571,-33.4323569775143],[-70.5093112304074,-33.4324468793846],[-70.5090526016612,-33.4326313739983],[-70.5087807730916,-33.4327110387905],[-70.5086381773095,-33.4326936851562],[-70.5083868003159,-33.4326394747784],[-70.5081926591022,-33.4326036581444],[-70.5078861909287,-33.4326551085135],[-70.507773452045,-33.4327185195505],[-70.5076224451047,-33.4328730687957],[-70.5075200964778,-33.432879085721],[-70.5072533791,-33.4329252786767],[-70.507122825086,-33.4329459550045],[-70.5069751980334,-33.4329668377828],[-70.5068413447104,-33.4331259511304],[-70.5067509539156,-33.4331652275936],[-70.5067163152553,-33.4331370147061],[-70.5066694699529,-33.4330612268527],[-70.506503699805,-33.4330202902547],[-70.5064297212351,-33.4330211890095],[-70.5062994955641,-33.4330609499772],[-70.5061369406417,-33.4332060934392],[-70.5061119490531,-33.4334068334889],[-70.5059641571717,-33.4334181736866],[-70.505742220384,-33.4334208688817],[-70.5055776860532,-33.4334515005139],[-70.505471211157,-33.4335482389202],[-70.505466673776,-33.4336151067806],[-70.5055569008201,-33.4335662880316],[-70.5056750862514,-33.4334884959481],[-70.5057889002495,-33.4334871139035],[-70.5060736814421,-33.4334979722372],[-70.5062152064012,-33.4334533025505],[-70.5062309592747,-33.4333767541417],[-70.5063325665883,-33.433327797502],[-70.5064527299181,-33.4333645157979],[-70.5066080268565,-33.4334580746697],[-70.5068813445508,-33.4334642987333],[-70.5069659620834,-33.4334203197377],[-70.5070720226603,-33.4332997230245],[-70.5071629083892,-33.4332890731907],[-70.5072775459871,-33.433335403039],[-70.5074528838473,-33.4332712314497],[-70.5074929662608,-33.4332850610564],[-70.5077271912461,-33.4333347091786],[-70.5078743224106,-33.4332851968504],[-70.5080549379871,-33.4331970990596],[-70.5083061523745,-33.4332417668691],[-70.5084668942937,-33.4333209402666],[-70.508763716633,-33.4333698249029],[-70.5088844590808,-33.4334399401431],[-70.5090617782457,-33.4334902772627],[-70.5092609518929,-33.4334878531839],[-70.5093470552451,-33.4335297558003],[-70.5095239617179,-33.4335562361024],[-70.5096428871373,-33.4335213828335],[-70.5097623919843,-33.4335199278557],[-70.5098718360218,-33.4335949522747],[-70.5103216475554,-33.4336037912406],[-70.5104064287313,-33.4335693522154],[-70.511107455737,-33.433622851316],[-70.511114056579,-33.4336752657976],[-70.5114112122679,-33.4337432285536],[-70.5115590048221,-33.4337318827555],[-70.5116456059094,-33.4338024114389],[-70.511811380776,-33.4338433410335],[-70.5122347260119,-33.4339670307124],[-70.5125995921034,-33.434000759361],[-70.5127999258598,-33.4340651272023],[-70.5131021125172,-33.4340948464515],[-70.5132100702238,-33.4340839847603],[-70.5139290860612,-33.4341897431637],[-70.5143277661189,-33.4342039643885],[-70.5143841760037,-33.4341746417317],[-70.5144983220243,-33.4341923361778],[-70.5146936297452,-33.43429494123],[-70.5150923171845,-33.4345601853006],[-70.5151335335801,-33.4344349414155],[-70.515152896393,-33.4342390403693],[-70.5151206273244,-33.4340199090637],[-70.515071536322,-33.4338153001469],[-70.5149770855108,-33.4336207896768],[-70.5148426355749,-33.4334172234991],[-70.5147496781064,-33.4333085958076],[-70.5146454228959,-33.4332048786327],[-70.5148301456088,-33.4330260470941],[-70.5149371896017,-33.4329626992903],[-70.5150731007255,-33.4329228607445],[-70.515188820953,-33.4330312100586],[-70.515314678227,-33.4330678501335],[-70.5154574404772,-33.4330947391985],[-70.5157018063959,-33.433072663004],[-70.5157550960004,-33.4331913191475],[-70.515829903011,-33.4332381278897],[-70.5161225323123,-33.4333729472943],[-70.5162878102518,-33.433385243226],[-70.5164753520055,-33.433368632928],[-70.516608229444,-33.4334815427306],[-70.5167916577561,-33.4335556560377],[-70.5170030421033,-33.43360079333],[-70.5171453085007,-33.4335990527656],[-70.5173150321797,-33.4335397077067],[-70.5174287615106,-33.433533544322],[-70.5175591484722,-33.4335033149322],[-70.5176999193836,-33.4334156908631],[-70.5179045327267,-33.4333988694555],[-70.518194921907,-33.4334048586749],[-70.5183574564718,-33.4332596999609],[-70.5186529532079,-33.433232219265],[-70.5188569018821,-33.4331772264425],[-70.5189940584795,-33.4332089517599],[-70.5191021804429,-33.4332076272228],[-70.5192774255265,-33.4331386684939],[-70.5195189614401,-33.4329543614305],[-70.5196423249569,-33.4328478590592],[-70.5199138092379,-33.4327490862694],[-70.5201034755649,-33.432609557583],[-70.520231200791,-33.4325900954613],[-70.5204423090691,-33.4324562691234],[-70.5204694102452,-33.4323783868004],[-70.5205477589338,-33.4323833918191],[-70.5209684783825,-33.4324378858132],[-70.5213361793837,-33.4323081019809],[-70.5216456212576,-33.4321014828903],[-70.521679417362,-33.4319996570387],[-70.5217831457063,-33.4318756983521],[-70.5218451993677,-33.432213272702],[-70.5218560320459,-33.4322074328536],[-70.521902856777,-33.4321821898933],[-70.5220173744092,-33.4321204533416],[-70.5225836455623,-33.4317950370267],[-70.5227577715502,-33.4316949715976],[-70.5228902961184,-33.4316206406612],[-70.522968536341,-33.4315932420573],[-70.5229999589962,-33.4315895526558],[-70.5230313827238,-33.4315858632332],[-70.5236297175125,-33.4316602158937],[-70.5240896409873,-33.4317173659655],[-70.5245752049922,-33.4317777009575],[-70.5246733960211,-33.4317899014702],[-70.5250213027703,-33.4318331299638],[-70.5254073503211,-33.4318813760411],[-70.5260487509938,-33.4319565435507],[-70.5267877312608,-33.4320443460621],[-70.5267878627721,-33.4320443624798],[-70.5278204222243,-33.4321743188259],[-70.5282769045091,-33.4322255137043],[-70.5283546555792,-33.4322389976165],[-70.5292770435785,-33.4323515303397],[-70.5296700563186,-33.432399134245],[-70.5301883969273,-33.4324619151606],[-70.5312702378295,-33.4325929398313],[-70.5312712273541,-33.4325930601833],[-70.5325166413446,-33.4327438839703],[-70.5332425812195,-33.4328336333645],[-70.5346316090799,-33.433005351294],[-70.5359682322197,-33.4331705745075],[-70.5372774891183,-33.4333290429983],[-70.5376805727024,-33.4333811707621],[-70.5379668082416,-33.4334173463166],[-70.5382409060219,-33.432934155154],[-70.5384157608828,-33.4326366042233],[-70.5385551876034,-33.4323993400564],[-70.5386501649424,-33.4321927669912],[-70.53876758836,-33.4319373725381],[-70.5390007247867,-33.4312395165086],[-70.5390722127433,-33.430920565175],[-70.5390757532795,-33.4309047686807],[-70.5391227342775,-33.4306951547073],[-70.5392011691486,-33.4301006291275],[-70.5392101014712,-33.4298781265209],[-70.5392209345747,-33.4296082425489],[-70.5392117591773,-33.429378220531],[-70.5392017888783,-33.4291282694439],[-70.5391906156201,-33.4290590453028],[-70.5391878875714,-33.4290421460918],[-70.5391768291331,-33.4289736365892],[-70.5391718185857,-33.4289425940901],[-70.5391474493019,-33.4288355966494],[-70.5391305980134,-33.428761607271],[-70.5392114171979,-33.4287671741008],[-70.5392132327924,-33.4287672985662],[-70.5391794331684,-33.4286207098718],[-70.5390251767933,-33.4279812048496],[-70.5388278386456,-33.4271630795481],[-70.5387999309744,-33.4270560330127],[-70.5386422498076,-33.4270588724285],[-70.5385973950731,-33.4270541576537],[-70.5383737974815,-33.427057681964],[-70.5374574779275,-33.4270624026955],[-70.5374062211295,-33.4270588797393],[-70.5353995898732,-33.4270703363324],[-70.5346060914534,-33.4270665268314],[-70.5340567465365,-33.4270741596612],[-70.5330877634009,-33.4270894243796],[-70.5320806302874,-33.4270932448515],[-70.5318441077597,-33.4270932465431],[-70.5297077644943,-33.4271199636768],[-70.5281629682162,-33.4271463091304],[-70.5281016988013,-33.4271473536215],[-70.5279610798617,-33.4271495534538],[-70.5274587846261,-33.4271574106417],[-70.5268898978419,-33.427168698382],[-70.5262675016994,-33.4271780970757],[-70.5261245189334,-33.4271802562796],[-70.526032941684,-33.4271837596038],[-70.5258771446725,-33.4271897187781],[-70.5234293038321,-33.4271969790005],[-70.523176393315,-33.4271903132192],[-70.5225311340292,-33.4283722223742],[-70.5219648635725,-33.4296784311069],[-70.521935824747,-33.4302156710562],[-70.5219157973045,-33.4302910805844],[-70.5218654649445,-33.4305039368151],[-70.5217982949682,-33.4305224455129],[-70.5216623076449,-33.4305575205911],[-70.5215566040279,-33.4306972136309],[-70.5215037795823,-33.4309317049997],[-70.5214613372783,-33.4311088006281],[-70.5214932034038,-33.4313040730556],[-70.5213561045692,-33.4316016374629],[-70.5212554229791,-33.4317030915561],[-70.5211332286184,-33.4318763928494],[-70.5209807500582,-33.4319450749054],[-70.5208216647704,-33.4319613438647],[-70.5205989852462,-33.4319211232383],[-70.5203827446533,-33.4319237747385],[-70.5202070869114,-33.4319688798204],[-70.5200946068126,-33.4320466147021],[-70.5199428758176,-33.4321582378121],[-70.5197678827815,-33.4322415112227],[-70.5196498784743,-33.4323288594903],[-70.5193954668378,-33.432427422501],[-70.5190699858613,-33.4326938862882],[-70.5187573362434,-33.4327168054511],[-70.5185081136115,-33.4327866702922],[-70.5184224223975,-33.4327686301846],[-70.5182409877785,-33.4328090297664],[-70.5181280073318,-33.4328581362018],[-70.5179756076587,-33.4329315862372],[-70.5175034524965,-33.4329469104947],[-70.5173345616622,-33.4330539678844],[-70.5171932926791,-33.4331129639054],[-70.5170400613836,-33.4331386997998],[-70.5169142033509,-33.4331020615004],[-70.5168613273637,-33.43300726196],[-70.5167574021647,-33.4329226320099],[-70.5166404322756,-33.4328800524426],[-70.5165798311222,-33.4328579912636],[-70.5164830073043,-33.4328544037341],[-70.5163244172439,-33.4328992937328],[-70.516204748699,-33.4328912118465],[-70.5161338060441,-33.4327393663159],[-70.5160355717227,-33.4326546661593],[-70.5159061651196,-33.4325775049872],[-70.5156751984122,-33.432551694586],[-70.5154885280787,-33.4326184015927],[-70.5152382503933,-33.4324639745502],[-70.5150416763318,-33.4324520595647],[-70.5146849112326,-33.4325566360896],[-70.514406583977,-33.4327533137961],[-70.5143216792248,-33.4322890518727],[-70.5143510201096,-33.4319475344015]]]},"properties":{"ZONA":"UEe3/Ee3","NOMBRE":"UEe3/Ee3 Zona Especial 3 Área de Parques"}},{"type":"Feature","geometry":{"type":"Polygon","coordinates":[[[-70.5424549954351,-33.4064237489791],[-70.5422711177962,-33.4070741265488],[-70.54171374755,-33.4087130537107],[-70.5417037504066,-33.408742450175],[-70.541610343098,-33.4090171030704],[-70.5419178730848,-33.4090843355792],[-70.5421302467072,-33.4091290145974],[-70.542234048664,-33.4091494144328],[-70.5423098003352,-33.4091575514979],[-70.5423287625932,-33.4091876674467],[-70.5423573507476,-33.4092090023482],[-70.5424118284316,-33.4092319858621],[-70.5424945468443,-33.4092565869126],[-70.5428071091356,-33.4093437314599],[-70.5428712819301,-33.4093558802209],[-70.5430237179508,-33.4093706286133],[-70.5431804332455,-33.4093779284218],[-70.5432819276016,-33.4093803669046],[-70.543429724751,-33.4093822264744],[-70.5435399725694,-33.4093808546422],[-70.543633678034,-33.4093846108614],[-70.5438088332739,-33.4093722356438],[-70.5438591269312,-33.4093686994247],[-70.5439024239546,-33.4093623345932],[-70.544018349753,-33.4093390452876],[-70.5441153725258,-33.4093138781544],[-70.5442402231289,-33.4092676102757],[-70.544364848618,-33.4092085712949],[-70.544481688425,-33.4091400442871],[-70.5446096681849,-33.4090554121312],[-70.5447448667321,-33.4089483322254],[-70.5448421617355,-33.4088513045685],[-70.544924395528,-33.4087640456579],[-70.5450102120237,-33.4086639691918],[-70.5450806846258,-33.4085576941949],[-70.5451208122847,-33.4084581858393],[-70.5451532685522,-33.4083555777803],[-70.5451744728236,-33.4082626902101],[-70.5451768094294,-33.4081796225091],[-70.5451791471091,-33.4080965547936],[-70.5451738124227,-33.4080103864977],[-70.5451579743213,-33.4079175463924],[-70.5451464913312,-33.4078598701195],[-70.545113320863,-33.407641655381],[-70.5450899890684,-33.4075536685572],[-70.5450517063067,-33.4074415081181],[-70.5450058512483,-33.4073111804457],[-70.5449681065252,-33.407229455171],[-70.5448820374917,-33.4070844068907],[-70.5448226858263,-33.4070120818739],[-70.5447096046973,-33.4069235117375],[-70.5446699040285,-33.4068845844979],[-70.544630697871,-33.406843947495],[-70.544536315191,-33.4067496575108],[-70.5445006821122,-33.4067133815059],[-70.5444332131258,-33.4066569424155],[-70.5443446185491,-33.4065934225386],[-70.5442560511057,-33.4065313677621],[-70.544150784535,-33.406462807429],[-70.543945328614,-33.4063788188478],[-70.543767106161,-33.4063098071045],[-70.5435491682844,-33.4062350133225],[-70.5435065500347,-33.4062220375285],[-70.543462367434,-33.4062085851669],[-70.5432354376305,-33.4061322189523],[-70.5429933505322,-33.4060581944669],[-70.5428086594642,-33.4060021951977],[-70.5426614442241,-33.4059603043933],[-70.5426508923898,-33.4059573783457],[-70.5425915049313,-33.4059409077771],[-70.5424603307648,-33.4064048781819],[-70.5424549954351,-33.4064237489791]]]},"properties":{"ZONA":"UEe3/Ee3","NOMBRE":"UEe3/Ee3 Zona Especial 3 Área de Parques"}},{"type":"Feature","geometry":{"type":"Polygon","coordinates":[[[-70.5309818068004,-33.4113954045647],[-70.5315616669232,-33.4109643305376],[-70.5319660427848,-33.4106438859357],[-70.5320843039416,-33.4105237192507],[-70.5322025647746,-33.4104035524599],[-70.5323780480848,-33.4101708501259],[-70.532492492284,-33.4099228884257],[-70.5328434560826,-33.4090988917248],[-70.5329579002237,-33.4088089674034],[-70.5330570846049,-33.4084465622681],[-70.5331257499216,-33.4080956017562],[-70.5331867851063,-33.4077522704649],[-70.533263077529,-33.4071190148285],[-70.5332783340699,-33.4068634212659],[-70.5332758206092,-33.4066961482231],[-70.5332653667864,-33.4066068120494],[-70.5332446424389,-33.4064380776272],[-70.5331902198968,-33.4062051502098],[-70.5331276932487,-33.4060137773857],[-70.5330743334378,-33.4058482816691],[-70.5330144842376,-33.4056819119603],[-70.5329725046903,-33.4055606799761],[-70.5325748036751,-33.4051191732855],[-70.532324959284,-33.4048310150417],[-70.5320754516959,-33.4045619451855],[-70.531884283275,-33.4043733237049],[-70.5315953568858,-33.4041286169966],[-70.5312842536797,-33.403917601428],[-70.530927787985,-33.4037166936703],[-70.5307154501444,-33.4036190487788],[-70.5304527652232,-33.4036286424436],[-70.5302745001792,-33.4036102541051],[-70.5299106614813,-33.4035066656338],[-70.5294129436077,-33.4034664863976],[-70.5290812223581,-33.4034448412688],[-70.5289204745392,-33.404491449996],[-70.5289528047866,-33.4045349166896],[-70.5290455208983,-33.4047859280225],[-70.529056898068,-33.4048302824399],[-70.5290647925868,-33.404877651384],[-70.5290691003501,-33.4049220938389],[-70.5290667154221,-33.4049873884292],[-70.5290503538865,-33.4050617520603],[-70.5289760453495,-33.4052703598632],[-70.528972945138,-33.405279063064],[-70.5289017375347,-33.4054789667101],[-70.5288759307043,-33.4056196832116],[-70.52887160494,-33.4057155519334],[-70.5288791991367,-33.4058062314927],[-70.5289050773464,-33.4059118187695],[-70.52897350617,-33.406047137801],[-70.5290603905119,-33.4062074423622],[-70.5291531015745,-33.4063575887219],[-70.5292527956291,-33.4065631244985],[-70.529340563654,-33.4067738494633],[-70.5294240737352,-33.4069476915332],[-70.5294242467546,-33.4069480537479],[-70.529446527983,-33.4069944354047],[-70.5295226604089,-33.4072204538714],[-70.5295913774806,-33.4074092099423],[-70.5296550486444,-33.4076479050627],[-70.529685133941,-33.4080067503664],[-70.5296895063665,-33.4082561547537],[-70.529670963884,-33.4085557303027],[-70.529661583143,-33.4085998481925],[-70.5296608996657,-33.4086030617991],[-70.5296050161906,-33.4088658711904],[-70.5294918386155,-33.4091965478538],[-70.5293655380942,-33.4094575387591],[-70.5292154493243,-33.4097188264121],[-70.529029500078,-33.4099705742481],[-70.528842847296,-33.4101824172695],[-70.5288095947913,-33.4102133502529],[-70.5287770797605,-33.4102435977503],[-70.5301627662515,-33.4115254553384],[-70.530616388391,-33.411545280837],[-70.5306842459182,-33.4115060354671],[-70.5308826190316,-33.4114144790938],[-70.5309818068004,-33.4113954045647]]]},"properties":{"ZONA":"UEe3/Ee3","NOMBRE":"UEe3/Ee3 Zona Especial 3 Área de Parques"}},{"type":"Feature","geometry":{"type":"Polygon","coordinates":[[[-70.5335223716694,-33.3927677834505],[-70.5333850327545,-33.3928860461857],[-70.5332476973074,-33.3930119347944],[-70.5331714003999,-33.3930996755075],[-70.5331027326707,-33.393202675042],[-70.5330645853649,-33.3933171189098],[-70.533049325755,-33.3934124880661],[-70.5330493270742,-33.3935765241868],[-70.5331027377013,-33.3937901515752],[-70.5331561474719,-33.3938931505145],[-70.5332705971798,-33.3942021474637],[-70.5333629073661,-33.3944425263077],[-70.5334064487924,-33.3945559101566],[-70.53345371624,-33.3946789951534],[-70.5336139449829,-33.3950948058224],[-70.5337207644441,-33.3953809137675],[-70.5338275830966,-33.3956174305681],[-70.5339649218845,-33.3958882794914],[-70.5341022601673,-33.396166757911],[-70.5342243389184,-33.3964070889362],[-70.5343769379978,-33.3967199002697],[-70.5344532374323,-33.396876306306],[-70.5345676857002,-33.3970975633539],[-70.5346668747227,-33.3972997463851],[-70.5347355440241,-33.3974599667388],[-70.5348120570894,-33.3976881879226],[-70.5348673795276,-33.3979091163973],[-70.5348805157481,-33.3980512579359],[-70.5349262982972,-33.3985395500349],[-70.5349797117339,-33.3991689893061],[-70.534987342715,-33.3992872484492],[-70.5350026035388,-33.3993978764148],[-70.5350254938174,-33.3995352084873],[-70.5350694161041,-33.3997218686056],[-70.5350712741983,-33.3997297629667],[-70.5351399447012,-33.3999891676757],[-70.5352162446402,-33.4002142400397],[-70.5354146222762,-33.4005842729568],[-70.5356816689653,-33.4010306016326],[-70.5360021250666,-33.4015646696145],[-70.5361776120387,-33.4018393333533],[-70.5365133278141,-33.4024077346362],[-70.5366671125241,-33.4024797932916],[-70.537468610441,-33.4031630392986],[-70.5376127383359,-33.4032698231238],[-70.5378407104909,-33.4033719870777],[-70.5381137513832,-33.4034485384141],[-70.5382491924019,-33.4034659485037],[-70.5383684536591,-33.4034531351711],[-70.5385665571187,-33.4033940070061],[-70.5387149891376,-33.403341460381],[-70.5386275654749,-33.4035154212771],[-70.5381838133191,-33.404398412792],[-70.5385371629261,-33.4045181002456],[-70.5389210181595,-33.4037591199618],[-70.5391362177342,-33.4033451271628],[-70.5392705695545,-33.4030490115464],[-70.5393399929333,-33.402911926564],[-70.5394606227181,-33.4026656946001],[-70.5395522981055,-33.4024647628494],[-70.5396556940793,-33.4022537056946],[-70.5397129820146,-33.4021281254125],[-70.5397639737497,-33.4019826454665],[-70.5397867189824,-33.4019224216837],[-70.5398151425978,-33.4018471521934],[-70.5398314939488,-33.4017620355324],[-70.5399095107737,-33.4014613850252],[-70.5399584752547,-33.4012010497718],[-70.5399854005514,-33.4010408851288],[-70.5400011348658,-33.4009208149722],[-70.5400167810359,-33.4007957514594],[-70.5400128906801,-33.4006960469934],[-70.5400241644957,-33.400564740132],[-70.5400315701807,-33.4002934915656],[-70.5400419558936,-33.3999130811958],[-70.5400448547454,-33.3995238227986],[-70.5400461850501,-33.399323050763],[-70.5400305445594,-33.3987127759826],[-70.5399607604419,-33.3966719694353],[-70.539945489149,-33.3962614578986],[-70.5399287716098,-33.3958494617995],[-70.5399188866339,-33.3956058520468],[-70.5399183746899,-33.3955952373017],[-70.5399070305161,-33.3953600211397],[-70.5395819874206,-33.3954152152688],[-70.5395345376938,-33.3954213657846],[-70.5395079724655,-33.3952129024602],[-70.5394111911987,-33.394806070689],[-70.5392851800076,-33.3944353941217],[-70.5390737237024,-33.3940586193504],[-70.5387761916018,-33.3936399610593],[-70.5376792667259,-33.3928947633163],[-70.5376285164985,-33.3929204466127],[-70.5373861574287,-33.3927265927946],[-70.5373870834216,-33.3926151268645],[-70.5373779806063,-33.3926155652247],[-70.5372828259387,-33.3925985665074],[-70.5371723059178,-33.3926096658874],[-70.5370388264903,-33.3926230706448],[-70.5368682403371,-33.3926204066552],[-70.5362879643242,-33.3925941839055],[-70.5357816587445,-33.3925718127497],[-70.5356566263249,-33.3925733603315],[-70.5355544933654,-33.3925841704879],[-70.5354070671648,-33.3926050880766],[-70.5350161010252,-33.3926767519886],[-70.5347497464344,-33.3927230094248],[-70.5345680512969,-33.3927348038062],[-70.5342215386182,-33.3927486351645],[-70.5337841871764,-33.3927683584243],[-70.5335223716694,-33.3927677834505]],[[-70.5377216474818,-33.401194828534],[-70.5375125126796,-33.4009504533241],[-70.5369627895779,-33.4002664743934],[-70.5363106770193,-33.3994055153417],[-70.5357731393413,-33.3982811338381],[-70.5355788775784,-33.3979112983726],[-70.5350975350026,-33.396099005943],[-70.5350414408524,-33.3951738724377],[-70.5351663760688,-33.3945137474612],[-70.535687640846,-33.3942549926921],[-70.5364108502717,-33.3942097521516],[-70.5370370595782,-33.3944738952763],[-70.5376929051736,-33.3947558311536],[-70.5380241679055,-33.3952678600897],[-70.5380301853957,-33.3968930666595],[-70.5381247408087,-33.3971697015509],[-70.5382810415471,-33.3987789952795],[-70.5383646689556,-33.4004180415208],[-70.5382462804285,-33.4011873838752],[-70.5379893177346,-33.4014578187774],[-70.5377216474818,-33.401194828534]]]},"properties":{"ZONA":"UEe3/Ee3","NOMBRE":"UEe3/Ee3 Zona Especial 3 Área de Parques"}},{"type":"Feature","geometry":{"type":"Polygon","coordinates":[[[-70.51243182654,-33.3860838305736],[-70.5124832209302,-33.3861408688706],[-70.5125234229838,-33.3861854852148],[-70.5126151349906,-33.3862939852715],[-70.5126985685247,-33.386395732966],[-70.5127743094414,-33.3865249845156],[-70.5128675648114,-33.3867225311197],[-70.5129517111525,-33.3868653792685],[-70.5130108813623,-33.3869811280812],[-70.5131280449963,-33.3871441259118],[-70.5131950271883,-33.3872392269532],[-70.5132221577195,-33.3872892557689],[-70.5134826023604,-33.38734884045],[-70.5140636025654,-33.3873913852854],[-70.515024753347,-33.3874416933064],[-70.5153882546036,-33.3874735245042],[-70.5156647097979,-33.3875088258699],[-70.5160273792332,-33.3875551356268],[-70.5160424727809,-33.3875340047075],[-70.5161035107664,-33.387480596857],[-70.5162789948087,-33.3873089307246],[-70.5165460348692,-33.3870266348228],[-70.5165895423592,-33.386955953102],[-70.5166125313604,-33.3869040877612],[-70.5166368654108,-33.3868363251925],[-70.5167215163588,-33.3866031924424],[-70.5168512192221,-33.3862178978883],[-70.5169198237088,-33.3861060443572],[-70.5169102643904,-33.3859297797999],[-70.5167367568074,-33.3855202872477],[-70.5165805829241,-33.3853718674596],[-70.5161823675644,-33.3850438639582],[-70.5158678088996,-33.3848651649473],[-70.5157377918204,-33.3847486379204],[-70.5153907062441,-33.3844164277279],[-70.5149519540516,-33.3842106089549],[-70.5146597219487,-33.3840889030013],[-70.5142902767539,-33.3839430832191],[-70.5139982945453,-33.3838356887],[-70.5137929896853,-33.383805979967],[-70.513551576008,-33.38366217548],[-70.5132526760935,-33.383647925276],[-70.5129774610416,-33.3837693964494],[-70.512804680606,-33.3838931968428],[-70.5126612005558,-33.3839844273013],[-70.5125495632477,-33.3841898062236],[-70.5125437585207,-33.3843473637738],[-70.5122838882967,-33.3848623638415],[-70.512246126994,-33.3851455850799],[-70.5122287644402,-33.3853748692572],[-70.51224101425,-33.3855894746661],[-70.51243182654,-33.3860838305736]]]},"properties":{"ZONA":"UEe1/Ee1","NOMBRE":"UEe1/Ee1 Zona Especial 1 Equipamientos Intercomunales y Comunal/ Edificación Especial N°1, Equipam"}},{"type":"Feature","geometry":{"type":"Polygon","coordinates":[[[-70.5701308135975,-33.4273940334416],[-70.5701159905599,-33.4275075122668],[-70.5700128966188,-33.427466945029],[-70.5699304580561,-33.4274538298043],[-70.5698921857923,-33.4274489763194],[-70.5698581876304,-33.427445849853],[-70.5698189053523,-33.4274436794846],[-70.569780698279,-33.4274423865126],[-70.5697467630704,-33.4274428160821],[-70.569704409962,-33.4274469090601],[-70.569662103805,-33.427453669979],[-70.56963042035,-33.4274611856437],[-70.5695998429921,-33.4274713549479],[-70.5695651229039,-33.4274869155817],[-70.5695283398191,-33.4275060555728],[-70.5694915941984,-33.4275269789219],[-70.5694633144074,-33.4275469013909],[-70.5694329770718,-33.4275704076592],[-70.5694141947308,-33.42758754678],[-70.5693826818847,-33.4276347196135],[-70.5693521634535,-33.427730089606],[-70.5693445349686,-33.4278674220999],[-70.5693903149324,-33.4280276429061],[-70.5694971330318,-33.4281993075206],[-70.5696192101669,-33.4282984917807],[-70.5696817864167,-33.4283392168828],[-70.5697172633758,-33.4283581501879],[-70.5697993252482,-33.4283966526373],[-70.5698636030686,-33.4284229762415],[-70.5699054815306,-33.4284379532383],[-70.5699528655919,-33.4284505319638],[-70.5699992820024,-33.4284607997784],[-70.5700437962345,-33.4284679875205],[-70.57008367168,-33.4284744620034],[-70.5701567978323,-33.4284837440535],[-70.5701990227149,-33.4284876139933],[-70.5702332178427,-33.428488336261],[-70.5702592855553,-33.4284869979171],[-70.5703031632021,-33.4284800987468],[-70.5703326991353,-33.4284736607461],[-70.5703607538698,-33.4284654224815],[-70.5703952202326,-33.4284516459729],[-70.5704303742654,-33.4284360408301],[-70.570463314662,-33.4284180395621],[-70.5704861779252,-33.4284025900578],[-70.5705118966616,-33.4283785964138],[-70.5705805639822,-33.428275596811],[-70.5706110819051,-33.4281573378142],[-70.5705958210109,-33.428012376115],[-70.5705347819167,-33.4278636004194],[-70.5704508533185,-33.4277491572773],[-70.5705574650384,-33.4277563601525],[-70.5705823065225,-33.4274430010192],[-70.570443448616,-33.4274358115221],[-70.5703686588143,-33.4274307929558],[-70.570386439871,-33.427430567786],[-70.5701308135975,-33.4273940334416]]]},"properties":{"ZONA":"AV","NOMBRE":"AV Zona de Áreas Verdes"}},{"type":"Feature","geometry":{"type":"Polygon","coordinates":[[[-70.5710306595211,-33.4206155010524],[-70.570488938713,-33.4203789890832],[-70.5702753034944,-33.4202912501882],[-70.5701999805936,-33.4206603711395],[-70.5701857214373,-33.4207112207891],[-70.5701608615558,-33.4207642842964],[-70.5705118335587,-33.4210465775156],[-70.5705576432665,-33.4210726414338],[-70.5708110339354,-33.4212616978726],[-70.5708914663726,-33.4213323097322],[-70.5710653548073,-33.420692455853],[-70.5710650401725,-33.4206749902506],[-70.5710306595211,-33.4206155010524]]]},"properties":{"ZONA":"AV","NOMBRE":"AV Zona de Áreas Verdes"}},{"type":"Feature","geometry":{"type":"Polygon","coordinates":[[[-70.5680473990461,-33.4195969728579],[-70.5673454567162,-33.4193833483408],[-70.5673200156101,-33.4194818841766],[-70.5673124904873,-33.4195344728575],[-70.5673116778566,-33.4195750696754],[-70.5673191834208,-33.4196185789407],[-70.5673313049524,-33.4196546762425],[-70.5676024029452,-33.4202445742984],[-70.5676659566946,-33.4204197539116],[-70.5677274440723,-33.4203328533822],[-70.5677837877502,-33.4202362779418],[-70.5680282944151,-33.4196433048905],[-70.5680473990461,-33.4195969728579]]]},"properties":{"ZONA":"AV","NOMBRE":"AV Zona de Áreas Verdes"}},{"type":"Feature","geometry":{"type":"Polygon","coordinates":[[[-70.5652877208194,-33.414716043276],[-70.5650814152122,-33.4153625913487],[-70.5650613225034,-33.4154807213185],[-70.5649711999218,-33.4158035967636],[-70.5649358866935,-33.4159194386853],[-70.5649304734164,-33.4159371966574],[-70.5649004321319,-33.4160357396146],[-70.5648296650642,-33.4162678824142],[-70.5647233873146,-33.4165824886682],[-70.5644335357785,-33.4172610111294],[-70.5644251643038,-33.4172771749568],[-70.564389977966,-33.4173451181876],[-70.5643372360022,-33.4174624432509],[-70.5643026520682,-33.4175733968143],[-70.5642682978732,-33.417696625173],[-70.5642379219455,-33.4178382235087],[-70.5642122495734,-33.4180380937763],[-70.5642040932201,-33.4181947648544],[-70.564206900397,-33.4183512913445],[-70.5642188748909,-33.4188538884749],[-70.5642190189583,-33.4188599425387],[-70.5642234556133,-33.4190461560951],[-70.5642412779646,-33.419898646149],[-70.5642591327687,-33.4208204207046],[-70.5642605392264,-33.4209102256739],[-70.5642350860226,-33.4216904581988],[-70.5642264708335,-33.4219342124695],[-70.5642149447238,-33.4222691265956],[-70.564200479894,-33.4226850182024],[-70.5641838923687,-33.4230163292354],[-70.5641732567556,-33.4233483723322],[-70.5641730361734,-33.4233552615887],[-70.5641687997376,-33.4234875252273],[-70.5641671723142,-33.4236160042893],[-70.5641606880073,-33.4236918426993],[-70.5641556752708,-33.4237248277058],[-70.5641466455168,-33.4237842522079],[-70.5641209555612,-33.4238833875617],[-70.5640914537177,-33.4239891634586],[-70.564059872592,-33.4240869490886],[-70.5640311890616,-33.4241466133337],[-70.5638721904861,-33.4244045416938],[-70.563792575766,-33.4245272683047],[-70.5637310528169,-33.4246216779382],[-70.5636172136792,-33.4249103440228],[-70.5635736286303,-33.4251245257413],[-70.5635575026769,-33.4252007742657],[-70.5639673362708,-33.4267598338637],[-70.5640821614964,-33.4272204357589],[-70.5641869228762,-33.42763612191],[-70.5642916853335,-33.4280518079166],[-70.5645419097442,-33.4290763114431],[-70.5646291937521,-33.429409717009],[-70.5647143392236,-33.4297584068368],[-70.564797901051,-33.4300905542297],[-70.5648761441826,-33.4304233241941],[-70.5649873795248,-33.4308890006178],[-70.5649932135466,-33.4309292068598],[-70.5651451081835,-33.4309356002267],[-70.5651395641873,-33.4308969342859],[-70.5649248268464,-33.4299953800607],[-70.5647226903141,-33.4291918732879],[-70.5647008210539,-33.4290824509437],[-70.5644710442433,-33.4281648241822],[-70.5644152898353,-33.427937521042],[-70.5644147850302,-33.427935462191],[-70.5643792746238,-33.4277906900728],[-70.5643781838091,-33.4277862424186],[-70.5642436537183,-33.4272377748996],[-70.5642211535283,-33.4271747105817],[-70.5641113826591,-33.4267307174401],[-70.5640545520256,-33.4265235892291],[-70.5640500165291,-33.4264308946098],[-70.5645602338886,-33.4263246750986],[-70.5646293104099,-33.4263148320563],[-70.5645914238331,-33.4262284571985],[-70.5645464775414,-33.4260699121471],[-70.5645437368326,-33.4260602465039],[-70.5643488079406,-33.4253726461456],[-70.5643352847269,-33.4253325575655],[-70.5643012204356,-33.4252810266798],[-70.5643337297596,-33.4251901310982],[-70.5643910527198,-33.4240983764346],[-70.564408316941,-33.4237104076284],[-70.5644087520809,-33.4237006117309],[-70.5644195080161,-33.4234588948315],[-70.564423902364,-33.4233601534124],[-70.5644390515083,-33.423019695091],[-70.5644372343243,-33.4229321914295],[-70.5644693809054,-33.4222806343661],[-70.5644765298377,-33.4219457745485],[-70.5644828060625,-33.4218160923753],[-70.5645104633183,-33.4209144312956],[-70.5645054081156,-33.4208142254075],[-70.5644950546152,-33.420237078785],[-70.5644917881158,-33.4200549872773],[-70.5644911928667,-33.4199029809375],[-70.564484517708,-33.4195912978117],[-70.564484273504,-33.4195799024908],[-70.5644728201768,-33.4190451274234],[-70.564460061315,-33.4185318028987],[-70.5644594470755,-33.418507092011],[-70.5644555726791,-33.4183512292291],[-70.5644624612922,-33.4181239660792],[-70.5644770519664,-33.4179181012156],[-70.5644933566921,-33.4178073781895],[-70.5645307626688,-33.4176503372256],[-70.5645902694238,-33.4175022288848],[-70.564661815277,-33.4173371555616],[-70.5646621457456,-33.4173363938437],[-70.5646757208875,-33.4173059494906],[-70.5649672423693,-33.4166521511206],[-70.5651293403212,-33.4160350661637],[-70.5651322948551,-33.4160238216653],[-70.5651380870491,-33.4160017715373],[-70.5651815968283,-33.4158361327202],[-70.5653012474723,-33.4154607984851],[-70.5653489404611,-33.4153111866915],[-70.5654316520056,-33.4150517220861],[-70.5655162822005,-33.4147862404527],[-70.5658009694763,-33.4138617548886],[-70.5659612514931,-33.4132900129724],[-70.5662109700014,-33.4123878069558],[-70.5659832810118,-33.4123499490828],[-70.5657209520088,-33.4132336655332],[-70.5655581763481,-33.4137906384773],[-70.5655533415515,-33.4138071807051],[-70.5652877208194,-33.414716043276]]]},"properties":{"ZONA":"AV","NOMBRE":"AV Zona de Áreas Verdes"}},{"type":"Feature","geometry":{"type":"Polygon","coordinates":[[[-70.5592310291427,-33.4243751530429],[-70.5591892549747,-33.4245715073415],[-70.5590559385258,-33.4245522606356],[-70.5589327752333,-33.4251459785424],[-70.5590442933722,-33.4251322826959],[-70.559944608058,-33.4250216482017],[-70.560639047016,-33.4249268020927],[-70.5607121351825,-33.4249108034742],[-70.5607658648784,-33.4248950259035],[-70.5608311825396,-33.4248676770088],[-70.5609135901357,-33.4248232728529],[-70.5603184652412,-33.4247279067745],[-70.5603640684522,-33.4245338090752],[-70.5596680405855,-33.4244375061547],[-70.5592310291427,-33.4243751530429]]]},"properties":{"ZONA":"AV","NOMBRE":"AV Zona de Áreas Verdes"}},{"type":"Feature","geometry":{"type":"Polygon","coordinates":[[[-70.5542604499384,-33.4292141328023],[-70.5542375571181,-33.4287563586928],[-70.553962884214,-33.4287563604652],[-70.5537034717191,-33.428744917217],[-70.553489836781,-33.4287258448291],[-70.5529786406099,-33.4286724410552],[-70.5529176052699,-33.4290729938963],[-70.5536729555768,-33.4291454703675],[-70.5542604499384,-33.4292141328023]]]},"properties":{"ZONA":"AV","NOMBRE":"AV Zona de Áreas Verdes"}},{"type":"Feature","geometry":{"type":"Polygon","coordinates":[[[-70.5506057700191,-33.4279362014051],[-70.55052947549,-33.4284130498656],[-70.5510864511885,-33.4284740835493],[-70.5514221611681,-33.4285084153388],[-70.5517578724507,-33.428542746198],[-70.5518341667232,-33.4280353786795],[-70.5518137697716,-33.4280524677564],[-70.5517943502843,-33.4280610852959],[-70.5517662989433,-33.4280729348366],[-70.5517398137343,-33.4280757273886],[-70.5511474852684,-33.4280086789028],[-70.5506057700191,-33.4279362014051]]]},"properties":{"ZONA":"AV","NOMBRE":"AV Zona de Áreas Verdes"}},{"type":"Feature","geometry":{"type":"Polygon","coordinates":[[[-70.5484694178564,-33.426772704674],[-70.5490263935858,-33.4268261082953],[-70.5490950568592,-33.4263378149476],[-70.5485609693616,-33.426284412559],[-70.5479950287583,-33.4262175738684],[-70.5479192793154,-33.4262102449673],[-70.5478415358864,-33.4267031801808],[-70.5479197013846,-33.4267087510286],[-70.5484694178564,-33.426772704674]]]},"properties":{"ZONA":"AV","NOMBRE":"AV Zona de Áreas Verdes"}},{"type":"Feature","geometry":{"type":"Polygon","coordinates":[[[-70.5459860544725,-33.4265051839067],[-70.5466077474102,-33.4265705320133],[-70.5466687813956,-33.4260822366209],[-70.5460639193662,-33.4260153586269],[-70.5460000524259,-33.4260076531415],[-70.5459300544901,-33.4264712610589],[-70.5459140482884,-33.4264982481186],[-70.5459860544725,-33.4265051839067]]]},"properties":{"ZONA":"AV","NOMBRE":"AV Zona de Áreas Verdes"}},{"type":"Feature","geometry":{"type":"Polygon","coordinates":[[[-70.5503374702657,-33.4018798512276],[-70.5503766536062,-33.4019460613504],[-70.5508649575592,-33.4017591336755],[-70.5502621957291,-33.4006909976237],[-70.5497738909387,-33.4009275173478],[-70.5502042120684,-33.401654674552],[-70.5503374702657,-33.4018798512276]]]},"properties":{"ZONA":"AV","NOMBRE":"AV Zona de Áreas Verdes"}},{"type":"Feature","geometry":{"type":"Polygon","coordinates":[[[-70.5410529615137,-33.3953984032345],[-70.5411064023728,-33.3954609799212],[-70.5411497103289,-33.3953949540699],[-70.5411734228074,-33.3953464204182],[-70.5411964504708,-33.3952812660413],[-70.5412289708469,-33.3951789186506],[-70.5412971423131,-33.3949688712448],[-70.5414192172593,-33.3946980214147],[-70.5415641804658,-33.3944119109473],[-70.5417396636625,-33.3941258007468],[-70.5416252165316,-33.394072394819],[-70.5415107687332,-33.3940380620369],[-70.5414192109239,-33.3940113594161],[-70.5412666156796,-33.3939961010078],[-70.5411826880202,-33.3939922870979],[-70.5410911307223,-33.3940037316224],[-70.5409385347793,-33.3940266211172],[-70.5407020130853,-33.3941067316445],[-70.5407635658312,-33.3943040570529],[-70.5408491204252,-33.3945517665621],[-70.5409004539294,-33.3947695789806],[-70.5409517885127,-33.3950130183488],[-70.5409945205521,-33.3952818217656],[-70.5410094805591,-33.3953322739783],[-70.5410529615137,-33.3953984032345]]]},"properties":{"ZONA":"AV","NOMBRE":"AV Zona de Áreas Verdes"}},{"type":"Feature","geometry":{"type":"Polygon","coordinates":[[[-70.5978670015755,-33.4105599155654],[-70.5979089422999,-33.4109269675775],[-70.5979812355029,-33.4109205611787],[-70.5983528521282,-33.4108876311911],[-70.5984520383407,-33.4108609274912],[-70.5988258972994,-33.410719778094],[-70.5992812127653,-33.4109874189038],[-70.599438783153,-33.4110854957756],[-70.5994591748961,-33.4112538442006],[-70.599466805068,-33.411314880553],[-70.5994591754083,-33.4113949918706],[-70.5994286569491,-33.4114522138668],[-70.5993447303121,-33.4115704719572],[-70.5993378277258,-33.4116061357906],[-70.6011496607613,-33.4112144579162],[-70.6009873368628,-33.4107830448462],[-70.6001536712989,-33.4109419392882],[-70.5999246147379,-33.4103445075382],[-70.5994606331421,-33.4103078181692],[-70.5994203294266,-33.4102820907549],[-70.5989469115524,-33.4102565037235],[-70.5979158762231,-33.410539721454],[-70.5978670015755,-33.4105599155654]]]},"properties":{"ZONA":"UEe3/Ee3","NOMBRE":"UEe3/Ee3 Zona Especial 3 Área de Parques"}},{"type":"Feature","geometry":{"type":"Polygon","coordinates":[[[-70.5696343445988,-33.4136802288659],[-70.5697640518928,-33.4137145610018],[-70.5699700552559,-33.4137107451932],[-70.5701531707889,-33.413672596112],[-70.570282876747,-33.4136382622624],[-70.5705270284683,-33.4135238177239],[-70.5707101432549,-33.4133979283981],[-70.5708322182611,-33.4132872990722],[-70.5709161447093,-33.413169039809],[-70.5709401381641,-33.4131173831605],[-70.5709550475285,-33.4130727460748],[-70.5709653649983,-33.4130075023064],[-70.5709688041059,-33.4129605719102],[-70.570969551475,-33.4129096344456],[-70.5709640886855,-33.4128650290175],[-70.5709572090441,-33.4128341243022],[-70.570945746038,-33.4127883395015],[-70.5709314004967,-33.4127303396641],[-70.5708708097738,-33.4126941062084],[-70.5707979348018,-33.4126608907427],[-70.5707139729243,-33.4126308386108],[-70.5706157502728,-33.4126023693671],[-70.5705574464919,-33.4125925659823],[-70.5705158954206,-33.4125948137199],[-70.5704620948165,-33.4125968738395],[-70.570402585783,-33.4126014186411],[-70.5703718402616,-33.4126055992531],[-70.5703017514754,-33.4126180680772],[-70.5701843557799,-33.4126506218695],[-70.5701013669437,-33.4126804772929],[-70.5700532877974,-33.412698107288],[-70.5700060694605,-33.4127203086363],[-70.5698937491342,-33.4127837527943],[-70.5696495979523,-33.4129783077419],[-70.5695649455112,-33.4130805694425],[-70.5695334999817,-33.4131169806787],[-70.5694942914735,-33.4131770066119],[-70.569460388122,-33.413258036981],[-70.5694420914052,-33.4133154525955],[-70.5694342511732,-33.4133676485997],[-70.56943163651,-33.4134172352841],[-70.5694368652003,-33.4134616011547],[-70.5694525493031,-33.4135320657511],[-70.5694893780367,-33.413600119106],[-70.5696343445988,-33.4136802288659]]]},"properties":{"ZONA":"AV","NOMBRE":"AV Zona de Áreas Verdes"}},{"type":"Feature","geometry":{"type":"Polygon","coordinates":[[[-70.5061681301394,-33.4013520317207],[-70.5061355928622,-33.4014156621689],[-70.5061092450316,-33.4014604399268],[-70.5060768184792,-33.4015094309936],[-70.5060069844606,-33.4016054002017],[-70.5059683478571,-33.4016534294934],[-70.5059127002913,-33.4017140675876],[-70.5058049928124,-33.401821435927],[-70.5057435362608,-33.4018700884473],[-70.5056204319326,-33.4019586892031],[-70.5055076507573,-33.4020428040899],[-70.5053798193581,-33.4021575959568],[-70.5052727611041,-33.4022721275254],[-70.5051914851191,-33.4023776405745],[-70.5051307798795,-33.4024698370078],[-70.5050753814888,-33.4025706746433],[-70.5050205291831,-33.402702000983],[-70.5048319710173,-33.4032094944887],[-70.5045687578829,-33.4039051653151],[-70.5045041067826,-33.4040714498571],[-70.5042518101887,-33.4047085437513],[-70.502210306784,-33.4054395867445],[-70.5022412548892,-33.4062457362665],[-70.5021980724717,-33.4067665551315],[-70.5021060528755,-33.4073163746866],[-70.5018591311131,-33.408343029229],[-70.5018627036441,-33.4085505823075],[-70.5020897315749,-33.4089299180123],[-70.5022399422689,-33.4089788049085],[-70.5025018179063,-33.4091098554405],[-70.5025885407421,-33.4091893379522],[-70.5026470605784,-33.409203666607],[-70.5027278292298,-33.4092234425655],[-70.5028069269321,-33.4092731902313],[-70.5029838896046,-33.409223323617],[-70.5031611089192,-33.4091883658199],[-70.5036403110345,-33.4078970128763],[-70.5073984646159,-33.4068041242359],[-70.5075146925957,-33.4068348205589],[-70.5083071533408,-33.4049697708934],[-70.5083430421142,-33.404879590939],[-70.5085128072124,-33.4044871451988],[-70.5085815916453,-33.4043215389311],[-70.5085924173674,-33.4042954735384],[-70.5086720282625,-33.404103801818],[-70.5088059759283,-33.4038060215893],[-70.5089038799213,-33.4035894479664],[-70.5091041846138,-33.4031068854556],[-70.509351067265,-33.4025340132292],[-70.5094998985899,-33.4021687439164],[-70.5095613748974,-33.4020568810018],[-70.5095669685808,-33.4020467031399],[-70.5096094213121,-33.4019378674355],[-70.5096317062337,-33.4019040265016],[-70.5093837386227,-33.4017770169326],[-70.5092526528823,-33.4017642947986],[-70.5091441568559,-33.4017417524913],[-70.5090466262772,-33.4016952154166],[-70.5088981449988,-33.401663615833],[-70.508777859964,-33.4016173552989],[-70.5086964881703,-33.4015181262224],[-70.508654688358,-33.4014040980106],[-70.5086643331153,-33.4013037620381],[-70.5084368010424,-33.4011883794357],[-70.5081402314676,-33.4011756064749],[-70.5079920100411,-33.4012498957991],[-70.5078157468808,-33.4012568108487],[-70.5076671029626,-33.4012156665065],[-70.5075646350042,-33.4011508156403],[-70.5073895125479,-33.4011432720991],[-70.5069431841308,-33.4011350854309],[-70.5068055360772,-33.4011503663625],[-70.5066639515455,-33.4011724976476],[-70.5064782827967,-33.4012257875197],[-70.5063370492176,-33.4012683276792],[-70.5061681301394,-33.4013520317207]]]},"properties":{"ZONA":"UM/EAb4","NOMBRE":"UM/EAb4 Zona de Usos Comercio y Equipamiento de Escala Metropolitana Instituciones/ Edificación Ais"}},{"type":"Feature","geometry":{"type":"Polygon","coordinates":[[[-70.4939041965919,-33.3927198666251],[-70.4939758595347,-33.3928187836367],[-70.4941185373621,-33.3929280230974],[-70.4978979244085,-33.3956591750473],[-70.4981941077449,-33.3958436705072],[-70.4985006532729,-33.3960690403407],[-70.4992888235534,-33.3967753696455],[-70.4998411065999,-33.3973028898068],[-70.5001986371409,-33.3976730245875],[-70.5004320435407,-33.3980119013143],[-70.5007192834832,-33.3985696537375],[-70.5008171678785,-33.3987825506886],[-70.5009628024648,-33.3990993012925],[-70.5010919652244,-33.399428824684],[-70.5012174944274,-33.3997490747939],[-70.5012928628481,-33.4001066589789],[-70.5038107065734,-33.4003124706987],[-70.5039147862755,-33.4003049654968],[-70.5039971345309,-33.3979824948118],[-70.5040162850952,-33.3976632119203],[-70.5040402208,-33.3970711522288],[-70.5040515901492,-33.3967423868058],[-70.5039290554674,-33.3964142949414],[-70.5039964041463,-33.3964012556701],[-70.5041946909262,-33.3963628668228],[-70.5040846053413,-33.3962041759619],[-70.503379624386,-33.3951879078092],[-70.5028139236225,-33.3944915542265],[-70.5023348287431,-33.3940205397879],[-70.5018410818641,-33.3935049686006],[-70.5017745648197,-33.3934098043585],[-70.5014567475356,-33.393106207483],[-70.5013009719213,-33.3931725356144],[-70.5011358559826,-33.3932428410198],[-70.50073052493,-33.3933667327524],[-70.5002122356349,-33.3935847730788],[-70.4999320399164,-33.3937137876995],[-70.4997407579484,-33.3937878878655],[-70.4994298145268,-33.3938706090958],[-70.4993361879318,-33.3939004557011],[-70.4992007699033,-33.3939882375349],[-70.4990562363281,-33.3940438230022],[-70.4988560883979,-33.3941000801637],[-70.4986983524349,-33.3941342919473],[-70.498357273585,-33.3942066081457],[-70.4982204332969,-33.394211851817],[-70.4980920293568,-33.3942098110763],[-70.4979171811858,-33.3942442284908],[-70.4977805870068,-33.3942638226813],[-70.4976907471995,-33.3942649071798],[-70.4976005380184,-33.3942444596978],[-70.497510201462,-33.3942168348953],[-70.4973759464025,-33.3941789285901],[-70.4972245838731,-33.3941819014862],[-70.4970971934191,-33.3941671718658],[-70.4969844802063,-33.3941287662077],[-70.4967643961703,-33.3940139363227],[-70.4966325776939,-33.3939445916867],[-70.496373848744,-33.3937660969853],[-70.4961724615058,-33.3935733850944],[-70.496125147819,-33.3935005371289],[-70.4961245098323,-33.3934990062512],[-70.4958952937707,-33.3932592854797],[-70.4957869283045,-33.3929224517565],[-70.4957448689636,-33.3926255411271],[-70.495133282762,-33.3927258344874],[-70.4945306763349,-33.3927521842046],[-70.4940011978202,-33.3927299268081],[-70.4939041965919,-33.3927198666251]]]},"properties":{"ZONA":"UEe2/Ee2","NOMBRE":"UEe2/Ee2 Zona Especial 2 Equipamiento Recreacional Deportivo/ Edificación Especial N°2, Equipamien"}},{"type":"Feature","geometry":{"type":"Polygon","coordinates":[[[-70.4978979244085,-33.3956591750473],[-70.4941185373621,-33.3929280230974],[-70.4939758595347,-33.3928187836367],[-70.4939041965919,-33.3927198666251],[-70.4933096658144,-33.3926582026589],[-70.4932694040623,-33.3926540273163],[-70.49329457113,-33.392794985322],[-70.4933710351528,-33.3930078669509],[-70.4934477172307,-33.3931004811903],[-70.4939356272419,-33.3934878620964],[-70.4944128970128,-33.3937818049085],[-70.4950305919097,-33.3941046097021],[-70.4956248715995,-33.3943759007588],[-70.4961248170129,-33.3946125596658],[-70.4966856101731,-33.3949341337908],[-70.4976259219324,-33.3954897411079],[-70.4978979244085,-33.3956591750473]]]},"properties":{"ZONA":"UEe2/Ee3","NOMBRE":"UEe2/Ee3 Zona Especial 2 Equipamiento Recreacional Deportivo/ Edificación Especial N°3, Paruqes In"}},{"type":"Feature","geometry":{"type":"Polygon","coordinates":[[[-70.5268816185169,-33.4172888811909],[-70.5269666887032,-33.4174672723225],[-70.5270421847703,-33.4177488627376],[-70.5270915437387,-33.4179677815741],[-70.5271682102825,-33.4183161692251],[-70.527209402941,-33.418588637583],[-70.5289686066698,-33.4185650546953],[-70.5296237654826,-33.4185604529503],[-70.5296237644723,-33.4185099890649],[-70.5296289200077,-33.4184540577002],[-70.5296161252663,-33.4175334044047],[-70.5296161205489,-33.4169225942145],[-70.5296161174507,-33.4164767088507],[-70.5295829655172,-33.4163136294398],[-70.5295416007315,-33.4162184352396],[-70.5294440545214,-33.4161701563345],[-70.5293682112789,-33.4162774277765],[-70.5292297357712,-33.4164505705511],[-70.5287202264775,-33.4162125096433],[-70.5287468000902,-33.4161701856586],[-70.5285563714717,-33.4160847222059],[-70.5286098197846,-33.4160172517346],[-70.5282219348044,-33.4158349571826],[-70.5281302653583,-33.4159296238313],[-70.5279738063409,-33.4158341966535],[-70.5279044947193,-33.415905679807],[-70.5278814995786,-33.4160224072759],[-70.5279302605892,-33.4160771657778],[-70.5278619171272,-33.416203996157],[-70.5273468389055,-33.416687570345],[-70.5273576802666,-33.4167867007917],[-70.5268816185169,-33.4172888811909]]]},"properties":{"ZONA":"UEe1/Ee1","NOMBRE":"UEe1/Ee1 Zona Especial 1 Equipamientos Intercomunales y Comunal/ Edificación Especial N°1, Equipam"}},{"type":"Feature","geometry":{"type":"Polygon","coordinates":[[[-70.5296237660492,-33.4186091744673],[-70.5296237653438,-33.4185887755394],[-70.5296237654826,-33.4185604529503],[-70.5289686066698,-33.4185650546953],[-70.5289802707696,-33.4185929620364],[-70.5290364720999,-33.4187274302991],[-70.5293796293628,-33.4186217880743],[-70.5296237660492,-33.4186091744673]]]},"properties":{"ZONA":"UEe1/EAb4","NOMBRE":"UEe1/EAb4 Zona Especial 1 Equipamientos Intercomunales y Comunal/ Edificación Aislada Baja N°4"}},{"type":"Feature","geometry":{"type":"Polygon","coordinates":[[[-70.5390060862107,-33.4163866906119],[-70.5392383451894,-33.4164202512356],[-70.5404037376039,-33.4165878002868],[-70.5410038360775,-33.4166590032019],[-70.5410425039747,-33.4166635902503],[-70.5411116572242,-33.4163065398403],[-70.5413549692413,-33.415674096808],[-70.5413936232005,-33.4155507874439],[-70.5417636485647,-33.4146549956963],[-70.541385889213,-33.414435258628],[-70.5412821688041,-33.4142380218778],[-70.5409208610534,-33.4140288532787],[-70.5409044094269,-33.4140193294237],[-70.5408750959328,-33.4140023591606],[-70.5407101615534,-33.4139068740241],[-70.5404541433021,-33.4139100539222],[-70.5401737802745,-33.4137935293164],[-70.5399098457929,-33.4142151234085],[-70.5396315737241,-33.4147468050048],[-70.539391786078,-33.4152902689851],[-70.5390393656399,-33.4163464538457],[-70.5390060862107,-33.4163866906119]]]},"properties":{"ZONA":"UEe1/Ee1","NOMBRE":"UEe1/Ee1 Zona Especial 1 Equipamientos Intercomunales y Comunal/ Edificación Especial N°1, Equipam"}},{"type":"Feature","geometry":{"type":"Polygon","coordinates":[[[-70.552346776402,-33.411784446772],[-70.5523070691709,-33.4111244266161],[-70.5522841776951,-33.410880280132],[-70.552253655064,-33.4104835428413],[-70.5521752816788,-33.4101104356679],[-70.5512226948096,-33.4101831212748],[-70.5510347477693,-33.4091815027423],[-70.5507413461385,-33.4091615913965],[-70.5507418860304,-33.4091278970409],[-70.5505573094877,-33.4091158875886],[-70.5505551486268,-33.4091489546805],[-70.5497831605125,-33.4090965605493],[-70.5496595238748,-33.4103004482299],[-70.5496366374585,-33.4106132612383],[-70.5495756020766,-33.4108841116846],[-70.549499304837,-33.4110138143372],[-70.5494300923681,-33.4111252670441],[-70.5493940643438,-33.4111668782941],[-70.5493357611101,-33.4112190569448],[-70.5492693978315,-33.4112773362308],[-70.549339466327,-33.4113263927206],[-70.5494945054128,-33.4114307865669],[-70.5496756041113,-33.4115074132315],[-70.5498468609524,-33.4113728706243],[-70.5501841766116,-33.4113018430116],[-70.5512628452366,-33.4113478524391],[-70.5513362720249,-33.4119706776017],[-70.5519405884194,-33.4119406818139],[-70.5519328959238,-33.4117961777512],[-70.552346776402,-33.411784446772]]]},"properties":{"ZONA":"UEe1/Ee1","NOMBRE":"UEe1/Ee1 Zona Especial 1 Equipamientos Intercomunales y Comunal/ Edificación Especial N°1, Equipam"}},{"type":"Feature","geometry":{"type":"Polygon","coordinates":[[[-70.5514739507046,-33.4077290628649],[-70.5517012115432,-33.4081314915],[-70.5517222449316,-33.4081778917714],[-70.5524017483985,-33.407921024621],[-70.5526881067007,-33.4084482488644],[-70.5528466345045,-33.4084515384364],[-70.552945529494,-33.4084535903176],[-70.5532351126441,-33.4084189446696],[-70.5536118734271,-33.4083458619272],[-70.553633086407,-33.4083420799388],[-70.5532277492284,-33.4075736418032],[-70.5537824107778,-33.4073668560249],[-70.5538155780359,-33.4074320589651],[-70.5539074379178,-33.4073980990864],[-70.5540915254805,-33.4077653021708],[-70.5551981534973,-33.4073432155803],[-70.5551930405758,-33.4073340510834],[-70.5548324912054,-33.406687814322],[-70.5545883345358,-33.4062224117344],[-70.5543518064193,-33.4057570095018],[-70.5541374557268,-33.4053743547656],[-70.5526105070362,-33.4059497810424],[-70.5526300774973,-33.4059867282837],[-70.5528166914769,-33.4063390367039],[-70.5526386818193,-33.4064070275912],[-70.5510786406633,-33.4070044596371],[-70.5513732816208,-33.4075507983654],[-70.5514642026219,-33.4077117998739],[-70.5514739507046,-33.4077290628649]]]},"properties":{"ZONA":"UEe1/Ee1","NOMBRE":"UEe1/Ee1 Zona Especial 1 Equipamientos Intercomunales y Comunal/ Edificación Especial N°1, Equipam"}},{"type":"Feature","geometry":{"type":"Polygon","coordinates":[[[-70.54171374755,-33.4087130537107],[-70.5422711177962,-33.4070741265488],[-70.5424549954351,-33.4064237489791],[-70.541615406477,-33.406246961944],[-70.541374382002,-33.4061962104321],[-70.5412970825054,-33.4064506987801],[-70.5412294747696,-33.4064485563709],[-70.5411799347806,-33.4066639247356],[-70.5411356351715,-33.4069746742882],[-70.5410643138176,-33.4069636297842],[-70.5408159758383,-33.4076020260189],[-70.5408625141996,-33.4076193442386],[-70.5405437177052,-33.4083931845476],[-70.541098865289,-33.4085603312209],[-70.54171374755,-33.4087130537107]]]},"properties":{"ZONA":"UEe1/Ee1","NOMBRE":"UEe1/Ee1 Zona Especial 1 Equipamientos Intercomunales y Comunal/ Edificación Especial N°1, Equipam"}},{"type":"Feature","geometry":{"type":"Polygon","coordinates":[[[-70.5377216474818,-33.401194828534],[-70.5379893177346,-33.4014578187774],[-70.5382462804285,-33.4011873838752],[-70.5383646689556,-33.4004180415208],[-70.5382810415471,-33.3987789952795],[-70.5381247408087,-33.3971697015509],[-70.5380301853957,-33.3968930666595],[-70.5380241679055,-33.3952678600897],[-70.5376929051736,-33.3947558311536],[-70.5370370595782,-33.3944738952763],[-70.5364108502717,-33.3942097521516],[-70.535687640846,-33.3942549926921],[-70.5351663760688,-33.3945137474612],[-70.5350414408524,-33.3951738724377],[-70.5350975350026,-33.396099005943],[-70.5355788775784,-33.3979112983726],[-70.5357731393413,-33.3982811338381],[-70.5363106770193,-33.3994055153417],[-70.5369627895779,-33.4002664743934],[-70.5375125126796,-33.4009504533241],[-70.5377216474818,-33.401194828534]]]},"properties":{"ZONA":"UEe1/Ee1","NOMBRE":"UEe1/Ee1 Zona Especial 1 Equipamientos Intercomunales y Comunal/ Edificación Especial N°1, Equipam"}},{"type":"Feature","geometry":{"type":"Polygon","coordinates":[[[-70.5310228914175,-33.3916057820786],[-70.5310460831228,-33.3916190597744],[-70.5311285317953,-33.3916662608377],[-70.5312080241615,-33.3917337611609],[-70.531248911879,-33.3917849661065],[-70.5313584394803,-33.3919513211203],[-70.5314505772367,-33.3920745683617],[-70.5316336353376,-33.3922646757713],[-70.5325533821784,-33.3925274610695],[-70.5327607228846,-33.392573711714],[-70.5336289408944,-33.391964434378],[-70.5333573555589,-33.3917006000326],[-70.5334002811779,-33.3916691287802],[-70.5335872237124,-33.3915399213203],[-70.5324167537669,-33.3903607012161],[-70.5310228914175,-33.3916057820786]]]},"properties":{"ZONA":"UEe1/Ee1","NOMBRE":"UEe1/Ee1 Zona Especial 1 Equipamientos Intercomunales y Comunal/ Edificación Especial N°1, Equipam"}},{"type":"Feature","geometry":{"type":"Polygon","coordinates":[[[-70.5298804104127,-33.3841480504586],[-70.5309104620909,-33.3850779132596],[-70.5310270241759,-33.3850019603656],[-70.5317687615296,-33.3856433640522],[-70.5321684963648,-33.3853397855223],[-70.532203259648,-33.385313383794],[-70.5314644176973,-33.384633822877],[-70.5316812322094,-33.384471598059],[-70.5323312278511,-33.3850871951437],[-70.532405960616,-33.3851579723382],[-70.5325915946804,-33.3850143114703],[-70.5318827586617,-33.3843511397721],[-70.5320493155934,-33.3842041565024],[-70.5310216419724,-33.3832239033709],[-70.5310152960327,-33.3832290428715],[-70.5299262925711,-33.3841108965512],[-70.5298804104127,-33.3841480504586]]]},"properties":{"ZONA":"UEe1/Ee1","NOMBRE":"UEe1/Ee1 Zona Especial 1 Equipamientos Intercomunales y Comunal/ Edificación Especial N°1, Equipam"}},{"type":"Feature","geometry":{"type":"Polygon","coordinates":[[[-70.5465237197725,-33.392946471899],[-70.5469489304562,-33.3924314101593],[-70.5471465312813,-33.3920720426951],[-70.5474095937638,-33.3915398071429],[-70.5476669814988,-33.3910576386045],[-70.5475947885291,-33.3910335397919],[-70.5476736804701,-33.3908070345508],[-70.5478147504673,-33.3904314398256],[-70.5478903725698,-33.39025287341],[-70.5479279544937,-33.3901792040738],[-70.5479879293929,-33.3900616391651],[-70.5480277539826,-33.3899895579358],[-70.5478702020009,-33.3899187955643],[-70.5477179520331,-33.3898537648488],[-70.547642129044,-33.3898150219823],[-70.5475634332111,-33.3897716523323],[-70.547495833489,-33.3897258039399],[-70.5473999903523,-33.3896569579263],[-70.5473152000783,-33.389583310533],[-70.547247434173,-33.3895281290162],[-70.5472051636724,-33.3894983025297],[-70.5471573149511,-33.3894685546022],[-70.5470927104663,-33.3894343349724],[-70.5470337469257,-33.3894047255812],[-70.5469692865343,-33.3893798472614],[-70.5466527752366,-33.3892647288484],[-70.5464399565565,-33.3891903444553],[-70.5460282037411,-33.3890413943385],[-70.5452495820961,-33.3887950750903],[-70.5451700402192,-33.388990648123],[-70.5449423793588,-33.3895503867963],[-70.5449329349675,-33.3895736062051],[-70.544805160846,-33.3898877542769],[-70.5443803618325,-33.3908458975307],[-70.5442494078541,-33.3911750400055],[-70.5441859328289,-33.3912991544976],[-70.5448665356954,-33.3915997284101],[-70.5465237197725,-33.392946471899]]]},"properties":{"ZONA":"UEe1/Ee1","NOMBRE":"UEe1/Ee1 Zona Especial 1 Equipamientos Intercomunales y Comunal/ Edificación Especial N°1, Equipam"}},{"type":"Feature","geometry":{"type":"Polygon","coordinates":[[[-70.5447591774578,-33.3962121054352],[-70.5447692906599,-33.3962290100526],[-70.54490239922,-33.3964183437358],[-70.5450132489956,-33.3965801450079],[-70.5457529667167,-33.397704047578],[-70.5458435110559,-33.3978461971917],[-70.5458569989326,-33.3978673714044],[-70.549503970243,-33.3961808404302],[-70.5491941411387,-33.3958476460796],[-70.5487667115956,-33.3955105268265],[-70.5485584658167,-33.3953841554238],[-70.54832931934,-33.3952735797554],[-70.5481784639454,-33.3952163848171],[-70.5481134070068,-33.3951917184514],[-70.5480276098175,-33.3951591896757],[-70.5475201103459,-33.3949856306217],[-70.5474685651219,-33.3949680020598],[-70.5447591774578,-33.3962121054352]]]},"properties":{"ZONA":"UEe1/Ee1","NOMBRE":"UEe1/Ee1 Zona Especial 1 Equipamientos Intercomunales y Comunal/ Edificación Especial N°1, Equipam"}},{"type":"Feature","geometry":{"type":"Polygon","coordinates":[[[-70.5683037407828,-33.3978099003861],[-70.5671469016537,-33.39837532038],[-70.5674259413492,-33.3987971319481],[-70.5677920686194,-33.3992099466342],[-70.568117411996,-33.3994541859171],[-70.5686005339721,-33.3997228445233],[-70.5690218877137,-33.3989525969821],[-70.570524375541,-33.3995480471262],[-70.5705486069241,-33.3994794950306],[-70.5706297168645,-33.3992500253622],[-70.5706003087157,-33.3991683126134],[-70.570575688104,-33.3990243191331],[-70.5702551735354,-33.3983549611402],[-70.5700221623382,-33.3978953968502],[-70.5699725680476,-33.3978331252372],[-70.5698021791018,-33.3977267874969],[-70.5692498627632,-33.3975116015534],[-70.5690500847354,-33.3975093512586],[-70.5689678421655,-33.3975103913648],[-70.5688587908931,-33.3975453867353],[-70.5687897734969,-33.3975781072672],[-70.5686685787368,-33.3976415613612],[-70.5685596839201,-33.3976853988968],[-70.5683037407828,-33.3978099003861]]]},"properties":{"ZONA":"UEe1/Ee1","NOMBRE":"UEe1/Ee1 Zona Especial 1 Equipamientos Intercomunales y Comunal/ Edificación Especial N°1, Equipam"}},{"type":"Feature","geometry":{"type":"Polygon","coordinates":[[[-70.574047455832,-33.4016585168089],[-70.5740566174455,-33.4016624327102],[-70.5755098576619,-33.4022836829089],[-70.5756074119641,-33.4023160204728],[-70.5789654910763,-33.4037045064184],[-70.5796468164414,-33.403987255844],[-70.5807892468754,-33.4020936941414],[-70.5798170604079,-33.4016855210733],[-70.5793384251677,-33.4014781445921],[-70.5782532872395,-33.401024488403],[-70.5769560614525,-33.4004770727199],[-70.5768186961726,-33.4004214109705],[-70.5760115741273,-33.4001123529549],[-70.5751838426195,-33.399800058412],[-70.5751651001118,-33.3997929869357],[-70.5751025937167,-33.3997694037008],[-70.574047455832,-33.4016585168089]]]},"properties":{"ZONA":"UEe1/Ee1","NOMBRE":"UEe1/Ee1 Zona Especial 1 Equipamientos Intercomunales y Comunal/ Edificación Especial N°1, Equipam"}},{"type":"Feature","geometry":{"type":"Polygon","coordinates":[[[-70.5781781127922,-33.409603691515],[-70.5781796747744,-33.4096059848682],[-70.5785840584729,-33.410193459764],[-70.5787899089284,-33.4103993025307],[-70.5788205828456,-33.4104299760668],[-70.5790571095678,-33.4106664909567],[-70.5793623029999,-33.4108686727154],[-70.5806593749854,-33.4116545103117],[-70.5821548208219,-33.4125280878812],[-70.5826736494789,-33.4127951199446],[-70.583543448447,-33.4131689674695],[-70.5836339439578,-33.4131774780149],[-70.5836788647604,-33.4131939330356],[-70.5845732145766,-33.4135231206893],[-70.5846424997909,-33.4135409703703],[-70.5847458534669,-33.4135183790673],[-70.5847935169615,-33.4134596662644],[-70.5848686778519,-33.4133048518344],[-70.5849395481344,-33.4132042720861],[-70.5850956326375,-33.4128304295315],[-70.5851525855084,-33.4127053738936],[-70.5852227347528,-33.4126493685773],[-70.5853200634296,-33.4124230566893],[-70.5856072785993,-33.4118082618746],[-70.5857548300467,-33.4115069228728],[-70.5859210036203,-33.4111640818635],[-70.5859479291832,-33.4111066573692],[-70.5860100965122,-33.4109770029209],[-70.5857506003409,-33.4109103224876],[-70.5854214247797,-33.4108011887542],[-70.5846078896439,-33.4102627751821],[-70.5834555956986,-33.4094781385442],[-70.5826623364927,-33.4088797996163],[-70.5819039681868,-33.4083221714005],[-70.5811299573522,-33.4077638151401],[-70.581129535689,-33.4077635102811],[-70.5798644385712,-33.4068508676543],[-70.5790918460976,-33.408177849104],[-70.5781781127922,-33.409603691515]]]},"properties":{"ZONA":"UEe1/Ee1","NOMBRE":"UEe1/Ee1 Zona Especial 1 Equipamientos Intercomunales y Comunal/ Edificación Especial N°1, Equipam"}},{"type":"Feature","geometry":{"type":"Polygon","coordinates":[[[-70.5746869859021,-33.4189137748154],[-70.5743966704665,-33.4195421060125],[-70.5744299712678,-33.4195523403399],[-70.5750591774574,-33.4197457071934],[-70.5752651435728,-33.419827483842],[-70.5760058881576,-33.4194590481244],[-70.5761937446303,-33.4193656108876],[-70.5763376635073,-33.4192048655383],[-70.5762927414554,-33.4191438740731],[-70.5763319218457,-33.419107584709],[-70.5762854994063,-33.4190580656984],[-70.5761749633748,-33.4190033967024],[-70.5767224592008,-33.4182998929469],[-70.5765805592489,-33.418220599616],[-70.5764630458623,-33.4181549323073],[-70.5762036322531,-33.4180443051306],[-70.5756695450774,-33.4178879023399],[-70.5752350089555,-33.4177557865645],[-70.575223612551,-33.417752322136],[-70.5746869859021,-33.4189137748154]]]},"properties":{"ZONA":"UEe1/Ee1","NOMBRE":"UEe1/Ee1 Zona Especial 1 Equipamientos Intercomunales y Comunal/ Edificación Especial N°1, Equipam"}},{"type":"Feature","geometry":{"type":"Polygon","coordinates":[[[-70.5774244983765,-33.4296793972792],[-70.5776305046535,-33.4299311711859],[-70.5779967384366,-33.4303851292965],[-70.5783228603278,-33.4308250726609],[-70.5783549653985,-33.4308863868292],[-70.57856004573,-33.4312995992328],[-70.5786132498068,-33.4313039496779],[-70.5801712247032,-33.4299502303132],[-70.5788894102998,-33.4287943572066],[-70.5784741448711,-33.4291171438089],[-70.5784263867817,-33.4291480905152],[-70.5783682670483,-33.4291678861702],[-70.5782157990947,-33.4291932583353],[-70.5781645838487,-33.4292101730235],[-70.5780372165748,-33.4292791279939],[-70.5777831065192,-33.4294398109845],[-70.5774244983765,-33.4296793972792]]]},"properties":{"ZONA":"UEe1/Ee1","NOMBRE":"UEe1/Ee1 Zona Especial 1 Equipamientos Intercomunales y Comunal/ Edificación Especial N°1, Equipam"}},{"type":"Feature","geometry":{"type":"Polygon","coordinates":[[[-70.583215503647,-33.429027032967],[-70.5834177932169,-33.4288965747261],[-70.5839441122846,-33.4284885500163],[-70.5840745895606,-33.4283873969686],[-70.5841157772195,-33.4283554660822],[-70.5844704263945,-33.4280805222896],[-70.5845344912695,-33.4280208740313],[-70.5845835998089,-33.4279656185246],[-70.5846852245985,-33.4277581522839],[-70.5846954252213,-33.4276989298279],[-70.584791958527,-33.42702167851],[-70.5848482595291,-33.4268182625255],[-70.5840897150131,-33.426637525705],[-70.5835700452968,-33.4271129209142],[-70.5832222870572,-33.4273941510802],[-70.5824614219365,-33.4280628882643],[-70.5826233847281,-33.4282473857471],[-70.5824601490863,-33.4284090421817],[-70.5828187517131,-33.4287180377039],[-70.583215503647,-33.429027032967]]]},"properties":{"ZONA":"UEe1/Ee1","NOMBRE":"UEe1/Ee1 Zona Especial 1 Equipamientos Intercomunales y Comunal/ Edificación Especial N°1, Equipam"}},{"type":"Feature","geometry":{"type":"Polygon","coordinates":[[[-70.5538636580328,-33.4241595425095],[-70.5538789178052,-33.4242243941595],[-70.5540925623512,-33.4254641983812],[-70.5541536079565,-33.4262653030048],[-70.5541688714734,-33.4266887450232],[-70.5541675583415,-33.4267110758163],[-70.5558880107105,-33.4264758562464],[-70.5557253386226,-33.4255252249093],[-70.5562899424516,-33.4254603703885],[-70.556747729393,-33.4253955168052],[-70.5565874986053,-33.4248042255339],[-70.5565111990503,-33.4246134862797],[-70.5564577890085,-33.4244380065868],[-70.5564501580886,-33.4243006748104],[-70.5564806758284,-33.4241824162278],[-70.5553590960077,-33.4240336462551],[-70.5549318278046,-33.4240489073311],[-70.5547487122886,-33.4240679828611],[-70.5539857343465,-33.4241480979972],[-70.5538636580328,-33.4241595425095]]]},"properties":{"ZONA":"UEe1/Ee1","NOMBRE":"UEe1/Ee1 Zona Especial 1 Equipamientos Intercomunales y Comunal/ Edificación Especial N°1, Equipam"}},{"type":"Feature","geometry":{"type":"Polygon","coordinates":[[[-70.5018410818641,-33.3935049686006],[-70.5023348287431,-33.3940205397879],[-70.5028139236225,-33.3944915542265],[-70.503379624386,-33.3951879078092],[-70.5040846053413,-33.3962041759619],[-70.5041946909262,-33.3963628668228],[-70.5039964041463,-33.3964012556701],[-70.5039290554674,-33.3964142949414],[-70.5040515901492,-33.3967423868058],[-70.5040402208,-33.3970711522288],[-70.5040162850952,-33.3976632119203],[-70.5039971345309,-33.3979824948118],[-70.5039147862755,-33.4003049654968],[-70.504229430751,-33.4002822759067],[-70.5045733050519,-33.4002529883848],[-70.5048386418856,-33.4001844640664],[-70.5049965451086,-33.4001373367752],[-70.5051423839785,-33.4000853305109],[-70.5053800790064,-33.3999769527889],[-70.5057281197334,-33.3998421169137],[-70.5059187384379,-33.3997820321458],[-70.5061719219032,-33.3997036076579],[-70.5063566368435,-33.3996486172374],[-70.5065599334725,-33.3995876569772],[-70.5065318779214,-33.3992722551652],[-70.50650647889,-33.3989048669439],[-70.5064756433577,-33.3985908335847],[-70.5064321993107,-33.3982822823649],[-70.5063745827451,-33.3978886407983],[-70.5063041699081,-33.3974898254664],[-70.5061809212717,-33.396974415579],[-70.5061521740808,-33.3968702150569],[-70.5060182751662,-33.3963848767613],[-70.5059336849378,-33.3961377486906],[-70.5058924767366,-33.3960400655417],[-70.5054343629816,-33.3961228555757],[-70.5053530080248,-33.3961386069962],[-70.5046739542151,-33.3948083209029],[-70.5051518114339,-33.3946392336501],[-70.5051500840815,-33.3946362018195],[-70.5049712050276,-33.3943885880156],[-70.5046264907342,-33.3938986206357],[-70.5042110290307,-33.393431234767],[-70.5041580395687,-33.3933585715128],[-70.5040543239817,-33.3932516203801],[-70.5039014212368,-33.3930768739132],[-70.5038946018423,-33.3930690806506],[-70.5036637135187,-33.3928052051957],[-70.5035942705329,-33.3927280081318],[-70.5034778895668,-33.3927511171222],[-70.5033088074453,-33.3927998523149],[-70.5030665299792,-33.392903945295],[-70.5027019043273,-33.3930795470972],[-70.5018410818641,-33.3935049686006]]]},"properties":{"ZONA":"UEe1/Ee1","NOMBRE":"UEe1/Ee1 Zona Especial 1 Equipamientos Intercomunales y Comunal/ Edificación Especial N°1, Equipam"}},{"type":"Feature","geometry":{"type":"Polygon","coordinates":[[[-70.5094683138328,-33.3770377128389],[-70.5088576941009,-33.3781015763617],[-70.5088121897264,-33.378094114789],[-70.5080475217583,-33.3793252444758],[-70.5083458780668,-33.3794941674853],[-70.5086407677419,-33.3796788395645],[-70.5090353106102,-33.3800034832843],[-70.5091485673146,-33.3800648528171],[-70.5093744840221,-33.3801530955304],[-70.5095817694346,-33.3802174316428],[-70.5118189098174,-33.3766695778055],[-70.5117018280979,-33.3766274713225],[-70.511290993392,-33.376452391899],[-70.5111583588339,-33.3764039276971],[-70.5102973896881,-33.3760893243386],[-70.5100924763172,-33.3760086926461],[-70.5097849831725,-33.3765278450911],[-70.5094832922589,-33.377013596231],[-70.5094683138328,-33.3770377128389]]]},"properties":{"ZONA":"UEe1/Ee1","NOMBRE":"UEe1/Ee1 Zona Especial 1 Equipamientos Intercomunales y Comunal/ Edificación Especial N°1, Equipam"}},{"type":"Feature","geometry":{"type":"Polygon","coordinates":[[[-70.5648356029058,-33.4091821398825],[-70.5648334364497,-33.4091835957355],[-70.5647512112482,-33.4092388681585],[-70.5646520543634,-33.4093123287757],[-70.5652388058303,-33.4098921029118],[-70.5653721799114,-33.4097132948084],[-70.5661934217155,-33.4099167014604],[-70.5661519462328,-33.4100653089297],[-70.5667116199768,-33.4102017300286],[-70.5666803492084,-33.4102959718355],[-70.5666731115083,-33.4103155124288],[-70.5667959474445,-33.4103483906202],[-70.5677255654018,-33.4105821655806],[-70.5678333580097,-33.4106067158431],[-70.5679608053121,-33.4106392081102],[-70.5679886178316,-33.4106481301981],[-70.569170298938,-33.410120061962],[-70.5694206835427,-33.4102011453958],[-70.5701607724982,-33.4104262144225],[-70.5701882401301,-33.4103671503702],[-70.5702024066438,-33.4103366862199],[-70.5703369085708,-33.410047461249],[-70.570461247961,-33.409725683781],[-70.5704900109883,-33.4096669207111],[-70.5662491565725,-33.4084916954228],[-70.5658224817328,-33.4086551638291],[-70.5652788165029,-33.4088947934156],[-70.56503124275,-33.4090506293789],[-70.5649154735066,-33.4091284509893],[-70.5648356029058,-33.4091821398825]]]},"properties":{"ZONA":"UEe1/Ee1","NOMBRE":"UEe1/Ee1 Zona Especial 1 Equipamientos Intercomunales y Comunal/ Edificación Especial N°1, Equipam"}},{"type":"Feature","geometry":{"type":"Polygon","coordinates":[[[-70.5679886178316,-33.4106481301981],[-70.5679608053121,-33.4106392081102],[-70.5678333580097,-33.4106067158431],[-70.5677255654018,-33.4105821655806],[-70.5667959474445,-33.4103483906202],[-70.5666731115083,-33.4103155124288],[-70.5666443523438,-33.4103931502097],[-70.5672701689656,-33.4105451153207],[-70.5675182963958,-33.4108951277192],[-70.5677749608658,-33.4107701908503],[-70.5677631973813,-33.4107488648174],[-70.5679886178316,-33.4106481301981]]]},"properties":{"ZONA":"UEe1/EAa+cm","NOMBRE":"UEe1/EAa+cm Zona Especial 1 Equipamientos Intercomunales y Comunal/ Edificación Aislada Alta con Co"}},{"type":"Feature","geometry":{"type":"Polygon","coordinates":[[[-70.5627306683457,-33.4147834805603],[-70.5630155992592,-33.4159993498798],[-70.5631726353033,-33.4166694459189],[-70.5633076320136,-33.4166459694091],[-70.5633186882196,-33.4166440462038],[-70.5640230868105,-33.4165215413698],[-70.5638618435642,-33.4158857272381],[-70.5638508639547,-33.4158424310551],[-70.5635485293752,-33.4146502320596],[-70.5627556497366,-33.4147794105263],[-70.5627306683457,-33.4147834805603]]]},"properties":{"ZONA":"UEe1/Ee1","NOMBRE":"UEe1/Ee1 Zona Especial 1 Equipamientos Intercomunales y Comunal/ Edificación Especial N°1, Equipam"}},{"type":"Feature","geometry":{"type":"Polygon","coordinates":[[[-70.5262675016994,-33.4271780970757],[-70.5268898978419,-33.427168698382],[-70.5274587846261,-33.4271574106417],[-70.5279610798617,-33.4271495534538],[-70.5281016988013,-33.4271473536215],[-70.5281629682162,-33.4271463091304],[-70.5297077644943,-33.4271199636768],[-70.5296772394217,-33.4262044138326],[-70.5296696059515,-33.4257886024659],[-70.5296619692996,-33.4249760534274],[-70.5262165606598,-33.4250417987271],[-70.5262180223669,-33.4250791019684],[-70.5262422687178,-33.4256976732795],[-70.5262675016994,-33.4271780970757]]]},"properties":{"ZONA":"UEe1/Ee1","NOMBRE":"UEe1/Ee1 Zona Especial 1 Equipamientos Intercomunales y Comunal/ Edificación Especial N°1, Equipam"}},{"type":"Feature","geometry":{"type":"Polygon","coordinates":[[[-70.5391794331684,-33.4286207098718],[-70.5396734049841,-33.4286753693924],[-70.5415940837156,-33.4288896732783],[-70.5417365573364,-33.4289078138959],[-70.5433151420303,-33.4290945580541],[-70.5436249771494,-33.4291312089419],[-70.5436361082658,-33.4290648171779],[-70.5438413026464,-33.4277703369062],[-70.5438610302942,-33.4277111719035],[-70.5435389677326,-33.4276791252253],[-70.5430580781743,-33.4276312724069],[-70.5429141903995,-33.4276174743213],[-70.542701303395,-33.4275891029613],[-70.5420832899258,-33.4275204411305],[-70.5414652762794,-33.4274517789086],[-70.5408396332789,-33.4273869312066],[-70.5395754341553,-33.4272447769732],[-70.5388278386456,-33.4271630795481],[-70.5390251767933,-33.4279812048496],[-70.5391794331684,-33.4286207098718]]]},"properties":{"ZONA":"UC2/EAm4","NOMBRE":"UC2/EAm4 Zona de Uso de Comercio N°2 e Instituciones Metropolitanas/ Edificación Aislada Media Nº"}},{"type":"Feature","geometry":{"type":"Polygon","coordinates":[[[-70.5373953398525,-33.4262833484604],[-70.5374041837466,-33.4265549617942],[-70.5376246360179,-33.4265506873326],[-70.5376300808643,-33.426549678293],[-70.5376343436068,-33.4265481761702],[-70.5376398584695,-33.4265446726546],[-70.5376443702468,-33.4265396664728],[-70.5376488823121,-33.4265329079982],[-70.5376511397308,-33.4265253991853],[-70.5376521415437,-33.4265168886573],[-70.5376526439146,-33.4265098804865],[-70.537642636297,-33.426236358872],[-70.5374222772224,-33.4262465447084],[-70.5373975793199,-33.4262598149498],[-70.5373953889114,-33.4262691121929],[-70.5373953398525,-33.4262833484604]]]},"properties":{"ZONA":"AV","NOMBRE":"AV Zona de Áreas Verdes"}},{"type":"Feature","geometry":{"type":"Polygon","coordinates":[[[-70.5366446971691,-33.4265548524303],[-70.5368938615797,-33.4265542159665],[-70.5368892764515,-33.4262488107794],[-70.536640793128,-33.426247338378],[-70.5366446971691,-33.4265548524303]]]},"properties":{"ZONA":"AV","NOMBRE":"AV Zona de Áreas Verdes"}},{"type":"Feature","geometry":{"type":"Polygon","coordinates":[[[-70.5358975815676,-33.4265556746278],[-70.5361410323872,-33.4265528792704],[-70.5361367034049,-33.4262569185943],[-70.5358933813255,-33.4262595265549],[-70.5358975815676,-33.4265556746278]]]},"properties":{"ZONA":"AV","NOMBRE":"AV Zona de Áreas Verdes"}},{"type":"Feature","geometry":{"type":"Polygon","coordinates":[[[-70.5351376102908,-33.4265480234858],[-70.5353954616163,-33.4265457241068],[-70.5353885567016,-33.4262629937959],[-70.5351346321036,-33.4262633497567],[-70.5351376102908,-33.4265480234858]]]},"properties":{"ZONA":"AV","NOMBRE":"AV Zona de Áreas Verdes"}},{"type":"Feature","geometry":{"type":"Polygon","coordinates":[[[-70.5335910687461,-33.4265638459816],[-70.5340414796131,-33.4265667921993],[-70.5340478617114,-33.4265177573451],[-70.5340469087391,-33.4262723105046],[-70.5338707771711,-33.4262697869175],[-70.5335893232681,-33.4262732678233],[-70.5335872226177,-33.426472670729],[-70.5335886448421,-33.4265535317617],[-70.5335910687461,-33.4265638459816]]]},"properties":{"ZONA":"AV","NOMBRE":"AV Zona de Áreas Verdes"}},{"type":"Feature","geometry":{"type":"Polygon","coordinates":[[[-70.5326385681307,-33.4265680855985],[-70.5330823587695,-33.426567401507],[-70.533081307698,-33.4264873754933],[-70.5330786245589,-33.4262710950113],[-70.5326345671244,-33.4262765847035],[-70.5326385681307,-33.4265680855985]]]},"properties":{"ZONA":"AV","NOMBRE":"AV Zona de Áreas Verdes"}},{"type":"Feature","geometry":{"type":"Polygon","coordinates":[[[-70.5313252773534,-33.4265782534778],[-70.531439724077,-33.4265782525034],[-70.5315083917924,-33.4265668077787],[-70.5315007591433,-33.4261891439589],[-70.5311421590118,-33.4261929614527],[-70.5311497922599,-33.4265706253119],[-70.5311803112044,-33.4265782542033],[-70.5313252773534,-33.4265782534778]]]},"properties":{"ZONA":"AV","NOMBRE":"AV Zona de Áreas Verdes"}},{"type":"Feature","geometry":{"type":"Polygon","coordinates":[[[-70.5303028852053,-33.4265897043117],[-70.5303181449065,-33.4265897035906],[-70.530615706852,-33.4265858869877],[-70.5306309665668,-33.4265858871297],[-70.5306385958627,-33.4265782580207],[-70.530638595578,-33.4265744432056],[-70.5306385957993,-33.426562998747],[-70.5306385924913,-33.4262005937144],[-70.5302799922058,-33.4262044105202],[-70.5302876249475,-33.4265668152228],[-70.5302876257555,-33.4265782596694],[-70.5302952553388,-33.4265897037699],[-70.5303028852053,-33.4265897043117]]]},"properties":{"ZONA":"AV","NOMBRE":"AV Zona de Áreas Verdes"}},{"type":"Feature","geometry":{"type":"Polygon","coordinates":[[[-70.5302876153489,-33.4253880461274],[-70.5302723563752,-33.4253956755697],[-70.53026472582,-33.4253994907542],[-70.5302647266187,-33.425410935203],[-70.5302723590941,-33.4257733399551],[-70.5306233288898,-33.4257695226847],[-70.5306233261132,-33.4254261916979],[-70.5306233265879,-33.4254033036781],[-70.5306233257421,-33.4253918592307],[-70.530615696775,-33.4253880438765],[-70.5306080667491,-33.4253842294368],[-70.5303028748557,-33.4253880463158],[-70.5302876153489,-33.4253880461274]]]},"properties":{"ZONA":"AV","NOMBRE":"AV Zona de Áreas Verdes"}},{"type":"Feature","geometry":{"type":"Polygon","coordinates":[[[-70.5302612742031,-33.4245818055304],[-70.5302628836169,-33.4249649892916],[-70.5306126721578,-33.4249592549195],[-70.5306108865302,-33.4245745140659],[-70.5302612742031,-33.4245818055304]]]},"properties":{"ZONA":"AV","NOMBRE":"AV Zona de Áreas Verdes"}},{"type":"Feature","geometry":{"type":"Polygon","coordinates":[[[-70.5311192596221,-33.4250408956373],[-70.5315083757167,-33.424686117766],[-70.5311192541225,-33.4245640469013],[-70.5311192596221,-33.4250408956373]]]},"properties":{"ZONA":"AV","NOMBRE":"AV Zona de Áreas Verdes"}},{"type":"Feature","geometry":{"type":"Polygon","coordinates":[[[-70.5323476501372,-33.4244114484179],[-70.5331869330336,-33.4250561426771],[-70.5331734568186,-33.4250069637588],[-70.5331666303965,-33.4249706225053],[-70.5331390015058,-33.4244060797221],[-70.5331373482168,-33.4244002552823],[-70.5331350225078,-33.4243938673834],[-70.5331321133019,-33.4243892209522],[-70.5331268788599,-33.424384575309],[-70.5331204796299,-33.4243810912161],[-70.5331129188253,-33.424379930214],[-70.5331059382243,-33.4243805107227],[-70.5323476501372,-33.4244114484179]]]},"properties":{"ZONA":"AV","NOMBRE":"AV Zona de Áreas Verdes"}},{"type":"Feature","geometry":{"type":"Polygon","coordinates":[[[-70.533637084062,-33.4243580330453],[-70.5336599763672,-33.4246670315532],[-70.5339117593508,-33.4246594002087],[-70.5338964969107,-33.4243504029869],[-70.533637084062,-33.4243580330453]]]},"properties":{"ZONA":"AV","NOMBRE":"AV Zona de Áreas Verdes"}},{"type":"Feature","geometry":{"type":"Polygon","coordinates":[[[-70.5343937772031,-33.4243464130692],[-70.5344154367119,-33.4246424706994],[-70.5346483541432,-33.4246360101028],[-70.5346375696146,-33.4243388656018],[-70.5343937772031,-33.4243464130692]]]},"properties":{"ZONA":"AV","NOMBRE":"AV Zona de Áreas Verdes"}},{"type":"Feature","geometry":{"type":"Polygon","coordinates":[[[-70.5351445643055,-33.4243201244878],[-70.5351482274201,-33.4244599584606],[-70.5354075833844,-33.4244500695171],[-70.5354001593385,-33.4243122815183],[-70.5351445643055,-33.4243201244878]]]},"properties":{"ZONA":"AV","NOMBRE":"AV Zona de Áreas Verdes"}},{"type":"Feature","geometry":{"type":"Polygon","coordinates":[[[-70.5351612693894,-33.424845029455],[-70.5351765672131,-33.4251571779444],[-70.535439180578,-33.425152282693],[-70.5354259834452,-33.424834213765],[-70.5351612693894,-33.424845029455]]]},"properties":{"ZONA":"AV","NOMBRE":"AV Zona de Áreas Verdes"}},{"type":"Feature","geometry":{"type":"Polygon","coordinates":[[[-70.5359844057518,-33.4251423925383],[-70.535996968034,-33.4251428943936],[-70.5360157784591,-33.4251413465185],[-70.536035307153,-33.4251364916873],[-70.5360516760865,-33.4251303610963],[-70.536067174765,-33.4251189708846],[-70.5360709582248,-33.4251110220325],[-70.5360730210208,-33.4250945350567],[-70.5360639752627,-33.424921837753],[-70.535952520096,-33.4249274803377],[-70.5359361789655,-33.4249351265769],[-70.5359312556544,-33.4249436973877],[-70.5359302855839,-33.4249607353851],[-70.5359350372076,-33.4250862110297],[-70.5359381315351,-33.4251180872919],[-70.5359446721773,-33.4251297122675],[-70.5359702311356,-33.4251399292918],[-70.5359844057518,-33.4251423925383]]]},"properties":{"ZONA":"AV","NOMBRE":"AV Zona de Áreas Verdes"}},{"type":"Feature","geometry":{"type":"Polygon","coordinates":[[[-70.537176543347,-33.42509026518],[-70.5372145565974,-33.4250982677521],[-70.5374845635984,-33.4250906801041],[-70.5375034544678,-33.4250883292641],[-70.5375147369649,-33.4250839561135],[-70.5375209981382,-33.4250806958684],[-70.5375111884669,-33.4248827086606],[-70.5371719752718,-33.4248887300275],[-70.5371695240307,-33.4250500928118],[-70.5371712718881,-33.4250776162747],[-70.537176543347,-33.42509026518]]]},"properties":{"ZONA":"AV","NOMBRE":"AV Zona de Áreas Verdes"}},{"type":"Feature","geometry":{"type":"Polygon","coordinates":[[[-70.5359238509819,-33.4245020054516],[-70.5359404928378,-33.4245031935984],[-70.5360482665866,-33.4244963024793],[-70.536038652482,-33.4243276596887],[-70.5360181947642,-33.4242986300759],[-70.5359998991776,-33.4242974624213],[-70.5359301374605,-33.4242997206947],[-70.5359069519104,-33.424304191517],[-70.5358954455974,-33.4243113053032],[-70.5359086259423,-33.4244868553852],[-70.535913761476,-33.4244951582242],[-70.5359238509819,-33.4245020054516]]]},"properties":{"ZONA":"AV","NOMBRE":"AV Zona de Áreas Verdes"}},{"type":"Feature","geometry":{"type":"Polygon","coordinates":[[[-70.5371307362985,-33.4242836442341],[-70.5371413218526,-33.4244681068003],[-70.5374989585336,-33.4244599830975],[-70.5374864803836,-33.4242755801113],[-70.5374788010783,-33.4242559888855],[-70.5374699152848,-33.4242511722533],[-70.5374581699177,-33.4242500877446],[-70.5371636760773,-33.4242635846934],[-70.5371392447171,-33.4242675418022],[-70.5371334962206,-33.4242737699667],[-70.5371307362985,-33.4242836442341]]]},"properties":{"ZONA":"AV","NOMBRE":"AV Zona de Áreas Verdes"}},{"type":"Feature","geometry":{"type":"Polygon","coordinates":[[[-70.5354563255086,-33.422805917564],[-70.5355777719957,-33.4228128876547],[-70.5357013637187,-33.4228112860517],[-70.5356998688659,-33.4227265227296],[-70.5357064446162,-33.4221435408109],[-70.5357110227423,-33.4214475423161],[-70.5357097166848,-33.4213733742573],[-70.5355750228053,-33.4213748562719],[-70.535454918493,-33.4213723526155],[-70.5354540643605,-33.4215490560069],[-70.5354532371003,-33.4221791767682],[-70.5354539181959,-33.4226692569596],[-70.5354563255086,-33.422805917564]]]},"properties":{"ZONA":"AV","NOMBRE":"AV Zona de Áreas Verdes"}},{"type":"Feature","geometry":{"type":"Polygon","coordinates":[[[-70.5381505397525,-33.4257801368134],[-70.5381268865765,-33.4255313634239],[-70.5376790258419,-33.4255437191301],[-70.5370206903339,-33.4255650310297],[-70.5366348918657,-33.4255726059414],[-70.5359958315407,-33.4255908796415],[-70.5351983610038,-33.4256155500554],[-70.5349298943708,-33.4256221604324],[-70.5347829504765,-33.4256272672289],[-70.5347035351772,-33.4256198908169],[-70.5347128945683,-33.4258038313068],[-70.5352012037698,-33.4258038287862],[-70.5353843195639,-33.4258038272341],[-70.5361320380027,-33.4257961936224],[-70.5366432347363,-33.4257923756893],[-70.5368873876031,-33.4257923740447],[-70.5376351066623,-33.4257847394761],[-70.5381505397525,-33.4257801368134]]]},"properties":{"ZONA":"AV","NOMBRE":"AV Zona de Áreas Verdes"}},{"type":"Feature","geometry":{"type":"Polygon","coordinates":[[[-70.5407861901489,-33.4234309974728],[-70.5413813147992,-33.4235149196407],[-70.541384623553,-33.4232451000028],[-70.5410524711161,-33.4232054611701],[-70.5407895912218,-33.423174089318],[-70.5407891601748,-33.4232066062624],[-70.5407861901489,-33.4234309974728]]]},"properties":{"ZONA":"AV","NOMBRE":"AV Zona de Áreas Verdes"}},{"type":"Feature","geometry":{"type":"Polygon","coordinates":[[[-70.5420082222419,-33.4232113349882],[-70.5426185081467,-33.4232859829155],[-70.5426249666585,-33.4230380633469],[-70.5420145832216,-33.4229655864771],[-70.5420082222419,-33.4232113349882]]]},"properties":{"ZONA":"AV","NOMBRE":"AV Zona de Áreas Verdes"}},{"type":"Feature","geometry":{"type":"Polygon","coordinates":[[[-70.5408166940766,-33.4217486761478],[-70.5414041876918,-33.4218173392712],[-70.5414086207734,-33.42153013872],[-70.5408197625526,-33.4214658186988],[-70.5408166940766,-33.4217486761478]]]},"properties":{"ZONA":"AV","NOMBRE":"AV Zona de Áreas Verdes"}},{"type":"Feature","geometry":{"type":"Polygon","coordinates":[[[-70.5420208102548,-33.4215331008665],[-70.5426522063765,-33.4216066395247],[-70.5426552961797,-33.4213752394457],[-70.5420244649371,-33.4212973017543],[-70.5420208102548,-33.4215331008665]]]},"properties":{"ZONA":"AV","NOMBRE":"AV Zona de Áreas Verdes"}},{"type":"Feature","geometry":{"type":"Polygon","coordinates":[[[-70.5323988244875,-33.4206700877841],[-70.5325718428157,-33.4208207600488],[-70.5327172096734,-33.4207010351734],[-70.5325509135038,-33.420551249531],[-70.5323988244875,-33.4206700877841]]]},"properties":{"ZONA":"AV","NOMBRE":"AV Zona de Áreas Verdes"}},{"type":"Feature","geometry":{"type":"Polygon","coordinates":[[[-70.5343720636448,-33.4189098704924],[-70.5346889981431,-33.4189737934347],[-70.5347442988575,-33.4187958471574],[-70.5344175672299,-33.4187268833705],[-70.5343720636448,-33.4189098704924]]]},"properties":{"ZONA":"AV","NOMBRE":"AV Zona de Áreas Verdes"}},{"type":"Feature","geometry":{"type":"Polygon","coordinates":[[[-70.5355139723972,-33.4191622858654],[-70.5356377648483,-33.4191845944375],[-70.5361669600191,-33.4174465864303],[-70.5360404063852,-33.417418920386],[-70.5359236611374,-33.4173947004615],[-70.5353993759242,-33.4191251821319],[-70.5355139723972,-33.4191622858654]]]},"properties":{"ZONA":"AV","NOMBRE":"AV Zona de Áreas Verdes"}},{"type":"Feature","geometry":{"type":"Polygon","coordinates":[[[-70.5301197165641,-33.420264788405],[-70.530119720832,-33.4208865962891],[-70.5305088396548,-33.4205814142228],[-70.5304119124363,-33.4204938918052],[-70.5308751382067,-33.4201224731978],[-70.5305927620075,-33.420123638811],[-70.5301197150984,-33.4201274566121],[-70.5301197165641,-33.420264788405]]]},"properties":{"ZONA":"AV","NOMBRE":"AV Zona de Áreas Verdes"}},{"type":"Feature","geometry":{"type":"Polygon","coordinates":[[[-70.5462840330082,-33.4246119726924],[-70.5475767151731,-33.4247546874593],[-70.5476606385955,-33.4242396908525],[-70.547668334176,-33.4241960807528],[-70.5470221123492,-33.4237016396208],[-70.5473380442893,-33.4234024157611],[-70.5474257407909,-33.4233175454728],[-70.5467798380646,-33.4228234803834],[-70.5467550270895,-33.4228285416566],[-70.5466452852599,-33.4228478732843],[-70.5465688966668,-33.4228513925687],[-70.546352672625,-33.422859852509],[-70.5463489496594,-33.4229201602956],[-70.5463422322928,-33.4230809530502],[-70.546335131114,-33.4234908459119],[-70.5463288943725,-33.4239489397615],[-70.5463262475032,-33.4240695081024],[-70.5463361598847,-33.4243586534348],[-70.5462608700962,-33.4244319166415],[-70.5462169076175,-33.424605988068],[-70.5462840330082,-33.4246119726924]]]},"properties":{"ZONA":"AV","NOMBRE":"AV Zona de Áreas Verdes"}},{"type":"Feature","geometry":{"type":"Polygon","coordinates":[[[-70.5486296190154,-33.4238543918893],[-70.5493023139471,-33.4239335275344],[-70.5493784257312,-33.4234889137108],[-70.5494835666601,-33.4234345932282],[-70.5493620749619,-33.4233622797061],[-70.5492552566055,-33.4232783545693],[-70.5486296190154,-33.4238543918893]]]},"properties":{"ZONA":"AV","NOMBRE":"AV Zona de Áreas Verdes"}},{"type":"Feature","geometry":{"type":"Polygon","coordinates":[[[-70.5438469034648,-33.4234362265666],[-70.544441955939,-33.4235090015912],[-70.544448488464,-33.4232631255841],[-70.5438533644145,-33.4231906472578],[-70.5438469034648,-33.4234362265666]]]},"properties":{"ZONA":"AV","NOMBRE":"AV Zona de Áreas Verdes"}},{"type":"Feature","geometry":{"type":"Polygon","coordinates":[[[-70.5450848835481,-33.4219319697467],[-70.5456932763978,-33.4219905408994],[-70.5456997607393,-33.4216380184729],[-70.5450893763403,-33.4215655412957],[-70.5450848835481,-33.4219319697467]]]},"properties":{"ZONA":"AV","NOMBRE":"AV Zona de Áreas Verdes"}},{"type":"Feature","geometry":{"type":"Polygon","coordinates":[[[-70.5438833044654,-33.4216558671238],[-70.5444808546467,-33.4217267451639],[-70.5444866222686,-33.4214930634702],[-70.5444881370038,-33.4214381329618],[-70.5438876061726,-33.4213661412701],[-70.5438833044654,-33.4216558671238]]]},"properties":{"ZONA":"AV","NOMBRE":"AV Zona de Áreas Verdes"}},{"type":"Feature","geometry":{"type":"Polygon","coordinates":[[[-70.547988681368,-33.4197153518955],[-70.5485303971206,-33.4197840152514],[-70.548621950023,-33.4193033514065],[-70.5480802338695,-33.4192461328347],[-70.547988681368,-33.4197153518955]]]},"properties":{"ZONA":"AV","NOMBRE":"AV Zona de Áreas Verdes"}},{"type":"Feature","geometry":{"type":"Polygon","coordinates":[[[-70.5451125730777,-33.4203721866655],[-70.5456999878694,-33.4204391305346],[-70.545700937143,-33.4203960275674],[-70.5457043864757,-33.4202718345585],[-70.5457092410976,-33.4200970764264],[-70.5451206887147,-33.4200385140677],[-70.5451160686142,-33.4202284581797],[-70.5451130329271,-33.4203532827371],[-70.5451125730777,-33.4203721866655]]]},"properties":{"ZONA":"AV","NOMBRE":"AV Zona de Áreas Verdes"}},{"type":"Feature","geometry":{"type":"Polygon","coordinates":[[[-70.5445341200594,-33.4197635133939],[-70.5451255521651,-33.4198385708482],[-70.5451351372262,-33.4194445193045],[-70.545072828677,-33.4194432790202],[-70.5445400127078,-33.4193796716477],[-70.5445341200594,-33.4197635133939]]]},"properties":{"ZONA":"AV","NOMBRE":"AV Zona de Áreas Verdes"}},{"type":"Feature","geometry":{"type":"Polygon","coordinates":[[[-70.5408331331803,-33.420186628186],[-70.5414248300213,-33.420244104068],[-70.541427063762,-33.4200015000867],[-70.5408395720626,-33.4199290238196],[-70.5408331331803,-33.420186628186]]]},"properties":{"ZONA":"AV","NOMBRE":"AV Zona de Áreas Verdes"}},{"type":"Feature","geometry":{"type":"Polygon","coordinates":[[[-70.5411704076854,-33.4189411787153],[-70.5414575739637,-33.4189753225396],[-70.5414575693766,-33.4184221788634],[-70.5411914102877,-33.4183868784313],[-70.5411704076854,-33.4189411787153]]]},"properties":{"ZONA":"AV","NOMBRE":"AV Zona de Áreas Verdes"}},{"type":"Feature","geometry":{"type":"Polygon","coordinates":[[[-70.5432983835851,-33.4201257559745],[-70.5439196001557,-33.4202011366352],[-70.5439263738888,-33.4198538547308],[-70.543303384212,-33.4197846719733],[-70.5432983835851,-33.4201257559745]]]},"properties":{"ZONA":"AV","NOMBRE":"AV Zona de Áreas Verdes"}},{"type":"Feature","geometry":{"type":"Polygon","coordinates":[[[-70.5420665514427,-33.4198092147489],[-70.5426861626841,-33.4198833346742],[-70.542691840529,-33.4195963296131],[-70.5420755915275,-33.4195135399008],[-70.5420755924149,-33.4195627969917],[-70.5420665514427,-33.4198092147489]]]},"properties":{"ZONA":"AV","NOMBRE":"AV Zona de Áreas Verdes"}},{"type":"Feature","geometry":{"type":"Polygon","coordinates":[[[-70.5433344957285,-33.4181513171809],[-70.5439525086747,-33.4182237941622],[-70.5439605862696,-33.4178046646891],[-70.5433438849761,-33.4177457342574],[-70.5433344957285,-33.4181513171809]]]},"properties":{"ZONA":"AV","NOMBRE":"AV Zona de Áreas Verdes"}},{"type":"Feature","geometry":{"type":"Polygon","coordinates":[[[-70.5430064226785,-33.4191813127616],[-70.5433116154449,-33.4192232724704],[-70.5433344998552,-33.4186624986383],[-70.5432617994465,-33.4186485282069],[-70.5430081228081,-33.4186180374425],[-70.5430064226785,-33.4191813127616]]]},"properties":{"ZONA":"AV","NOMBRE":"AV Zona de Áreas Verdes"}},{"type":"Feature","geometry":{"type":"Polygon","coordinates":[[[-70.5451503872869,-33.4183992672324],[-70.5451351328821,-33.4189142640178],[-70.5451557325875,-33.4189009513413],[-70.5451682878988,-33.4188977701268],[-70.545193506748,-33.418897455935],[-70.545260337344,-33.4189072064681],[-70.5456523829271,-33.4189571355085],[-70.5456512955015,-33.4184626663934],[-70.5451503872869,-33.4183992672324]]]},"properties":{"ZONA":"AV","NOMBRE":"AV Zona de Áreas Verdes"}},{"type":"Feature","geometry":{"type":"Polygon","coordinates":[[[-70.5463304001832,-33.4183376376073],[-70.5463267595799,-33.4185422245673],[-70.5464761917395,-33.4185358287071],[-70.5465785445479,-33.417995231794],[-70.5466821923035,-33.417434632795],[-70.5463748269067,-33.4173938384026],[-70.5457773849428,-33.4173176873273],[-70.545767240754,-33.4177655961517],[-70.5457654201774,-33.4179085083855],[-70.5463473861931,-33.4179796072571],[-70.5463304001832,-33.4183376376073]]]},"properties":{"ZONA":"AV","NOMBRE":"AV Zona de Áreas Verdes"}},{"type":"Feature","geometry":{"type":"Polygon","coordinates":[[[-70.5420832070037,-33.4178329461392],[-70.5427138927394,-33.4179139295234],[-70.5427164788212,-33.4177774721747],[-70.5427166689543,-33.417706990424],[-70.5420848476316,-33.4176361443864],[-70.5420832053597,-33.4176782919135],[-70.5420832070037,-33.4178329461392]]]},"properties":{"ZONA":"AV","NOMBRE":"AV Zona de Áreas Verdes"}},{"type":"Feature","geometry":{"type":"Polygon","coordinates":[[[-70.549213885444,-33.4181228281138],[-70.5492514968862,-33.4179306861813],[-70.5492672198701,-33.4178326791245],[-70.5489193942622,-33.4177880540938],[-70.5488980568565,-33.4178546739213],[-70.5488204971757,-33.4182558936833],[-70.5487265144263,-33.4187358774015],[-70.5487135031239,-33.4188150578528],[-70.5490721043388,-33.4188646478418],[-70.5491636609429,-33.4183725364127],[-70.5491902055047,-33.4182437963565],[-70.549213885444,-33.4181228281138]]]},"properties":{"ZONA":"AV","NOMBRE":"AV Zona de Áreas Verdes"}},{"type":"Feature","geometry":{"type":"Polygon","coordinates":[[[-70.5530880950034,-33.4183620924977],[-70.5531178745624,-33.4183617195858],[-70.5531456078416,-33.4183580399718],[-70.5532072554295,-33.4183448531509],[-70.553278960953,-33.4183165390349],[-70.5533691293631,-33.4182634652414],[-70.5533761892731,-33.418257229839],[-70.5534486740333,-33.4181932126188],[-70.5534921309781,-33.4181234119689],[-70.5535231217628,-33.418029232741],[-70.5535292995168,-33.4179901965281],[-70.5535253967672,-33.4179458168868],[-70.5535177430971,-33.4178828493901],[-70.5535107242033,-33.4178555202949],[-70.5534834221333,-33.4177900527811],[-70.5534665019557,-33.4177573563609],[-70.5534463728862,-33.4177274462499],[-70.5534280278579,-33.4177023612112],[-70.5534165640346,-33.4176902342809],[-70.5533858116138,-33.417667972295],[-70.5533392187808,-33.417640245099],[-70.5533007146655,-33.4176246807838],[-70.5532644610467,-33.4176090954869],[-70.5532433292058,-33.4175980545926],[-70.5531970062905,-33.4175854199581],[-70.5531507675349,-33.4175775108259],[-70.5531206374621,-33.4175741283355],[-70.5530978187263,-33.4175715660499],[-70.5530494292502,-33.4175693401886],[-70.5530224551081,-33.4175696779514],[-70.552984145356,-33.4175736622185],[-70.5529521952806,-33.4175775659422],[-70.5529091938759,-33.4175862850013],[-70.552877314774,-33.4175936923902],[-70.5528468579356,-33.4176034267633],[-70.5528247769541,-33.4176142151351],[-70.5527765089831,-33.417639354159],[-70.5527366403071,-33.4176678916824],[-70.5526996099038,-33.4176987393619],[-70.5526750528749,-33.4177270860799],[-70.5526573163341,-33.4177471658638],[-70.55264655603,-33.4177683316141],[-70.5526226419957,-33.4178097840133],[-70.5526070738871,-33.4178549584633],[-70.5525959286035,-33.4178975740213],[-70.5525896411554,-33.4179626117841],[-70.5525945117905,-33.4180192219036],[-70.5526087474769,-33.4180701657301],[-70.5526287427329,-33.4181242263798],[-70.5526504115262,-33.4181654878215],[-70.5526719381614,-33.4181987624884],[-70.5526729536106,-33.4182002260977],[-70.5526895121932,-33.4182240998877],[-70.5527263226135,-33.4182603811499],[-70.5527629612931,-33.4182870743227],[-70.5527860203965,-33.4182995638813],[-70.5528013599595,-33.418305765016],[-70.5529109110059,-33.4183359787354],[-70.5529769406461,-33.4183493479236],[-70.5529806599933,-33.4183501012893],[-70.5530403663289,-33.4183576840155],[-70.5530880950034,-33.4183620924977]]]},"properties":{"ZONA":"AV","NOMBRE":"AV Zona de Áreas Verdes"}},{"type":"Feature","geometry":{"type":"Polygon","coordinates":[[[-70.5523071125687,-33.4162438703298],[-70.5523605216389,-33.4162782025196],[-70.5521926591924,-33.415435136406],[-70.5521239881946,-33.4150994348518],[-70.5519713921152,-33.415122324885],[-70.5518569456781,-33.415152844115],[-70.5517501289873,-33.4152176957706],[-70.5514449398943,-33.4154503995014],[-70.5523071125687,-33.4162438703298]]]},"properties":{"ZONA":"AV","NOMBRE":"AV Zona de Áreas Verdes"}},{"type":"Feature","geometry":{"type":"Polygon","coordinates":[[[-70.5374192065025,-33.4088370241168],[-70.5379935630371,-33.4089767874596],[-70.5381766773077,-33.4085647904564],[-70.5384055628028,-33.4080574231132],[-70.538382674781,-33.4080497923355],[-70.5378333279614,-33.4078628713486],[-70.5378104367802,-33.4078552386988],[-70.5374192065025,-33.4088370241168]]]},"properties":{"ZONA":"AV","NOMBRE":"AV Zona de Áreas Verdes"}},{"type":"Feature","geometry":{"type":"Polygon","coordinates":[[[-70.538436100942,-33.4100907031287],[-70.5386516107421,-33.4101580469351],[-70.5390334149607,-33.4093045989353],[-70.5388175823804,-33.4092400049884],[-70.5386344712681,-33.4096405565599],[-70.538436100942,-33.4100907031287]]]},"properties":{"ZONA":"AV","NOMBRE":"AV Zona de Áreas Verdes"}},{"type":"Feature","geometry":{"type":"Polygon","coordinates":[[[-70.5324841894061,-33.4142391342939],[-70.5325017867974,-33.4142686283103],[-70.5324620085883,-33.4137948983175],[-70.5323556201847,-33.4138209693874],[-70.5322492327892,-33.4138470403545],[-70.5321969858326,-33.4138599779825],[-70.5321203215522,-33.4138721954061],[-70.5319813845561,-33.41389012949],[-70.5320208639913,-33.4139139548351],[-70.5320835377543,-33.4139387887283],[-70.5321436397573,-33.4139564882582],[-70.5322087341856,-33.4139802767026],[-70.5322579531935,-33.4140032304153],[-70.5323270290872,-33.4140454043228],[-70.5323617103828,-33.4140746809922],[-70.5324065129199,-33.414124327143],[-70.5324515145145,-33.4141852403314],[-70.5324841894061,-33.4142391342939]]]},"properties":{"ZONA":"AV","NOMBRE":"AV Zona de Áreas Verdes"}},{"type":"Feature","geometry":{"type":"Polygon","coordinates":[[[-70.5217016956895,-33.4114722649483],[-70.5216231092934,-33.4108168764862],[-70.5211814175378,-33.4106958272601],[-70.5210686624147,-33.4106745419305],[-70.5203176917461,-33.4104439252566],[-70.5203000927462,-33.4105066239883],[-70.5202695749661,-33.4106859191967],[-70.5202695766019,-33.4109033620623],[-70.5203916595251,-33.4116510586558],[-70.5214439876334,-33.4115090165832],[-70.5217016956895,-33.4114722649483]]]},"properties":{"ZONA":"AV","NOMBRE":"AV Zona de Áreas Verdes"}},{"type":"Feature","geometry":{"type":"Polygon","coordinates":[[[-70.5316336353376,-33.3922646757713],[-70.5314505772367,-33.3920745683617],[-70.5313584394803,-33.3919513211203],[-70.531248911879,-33.3917849661065],[-70.5312080241615,-33.3917337611609],[-70.5311285317953,-33.3916662608377],[-70.5310460831228,-33.3916190597744],[-70.5310228914175,-33.3916057820786],[-70.5310090556855,-33.391597861377],[-70.5304017715787,-33.3913487030685],[-70.5302434708636,-33.3912995988872],[-70.5300629121006,-33.3912457474608],[-70.5295491483454,-33.3910993232969],[-70.5294240121505,-33.3910544564658],[-70.5292501211749,-33.3909869848277],[-70.5292082974925,-33.3909696616363],[-70.5289509002821,-33.3908630492723],[-70.5288689483746,-33.3908233557481],[-70.5286395256439,-33.3906748460199],[-70.5285642371267,-33.3906340267502],[-70.528451624646,-33.3905910563474],[-70.5282546375007,-33.3905204209039],[-70.5281793960359,-33.3904822107795],[-70.5281133409457,-33.3904360566762],[-70.5278643672891,-33.3902355986788],[-70.5277993372994,-33.3901803005086],[-70.5276605949088,-33.3900645892252],[-70.527430171203,-33.3898586892077],[-70.5273321389182,-33.3897607407286],[-70.5271422346053,-33.3895621649539],[-70.527064141539,-33.3894643469132],[-70.5269962438902,-33.3893820360869],[-70.525975050928,-33.388660227437],[-70.5249538747549,-33.3879384098196],[-70.524515506275,-33.3876301855699],[-70.5241209909623,-33.3873532339941],[-70.5235235724531,-33.3869242315876],[-70.5232276468075,-33.3867142440452],[-70.5230304727,-33.3865803092577],[-70.522926557245,-33.3865179551935],[-70.5228227335802,-33.3864735558477],[-70.5227461541937,-33.3864195023112],[-70.5224385559555,-33.3862747456484],[-70.5220458581462,-33.3861198463537],[-70.5220264503339,-33.3861121904694],[-70.5218008734201,-33.3860232114158],[-70.5216736310212,-33.3859862662376],[-70.5211478363675,-33.3858575762097],[-70.520489298023,-33.3856777051075],[-70.520039230028,-33.3855355511009],[-70.5199210179944,-33.3854788258089],[-70.5197326979938,-33.3853737321551],[-70.519430707929,-33.3851671121388],[-70.5192694573904,-33.3850465756997],[-70.519106147012,-33.3852478698925],[-70.5191155754497,-33.3852524062404],[-70.5192025252393,-33.3853055108212],[-70.5192678156847,-33.3853498556551],[-70.5193169012944,-33.3853898814684],[-70.5193772094122,-33.3854568597941],[-70.5194484237074,-33.3855327285121],[-70.5195030405984,-33.3855817158972],[-70.5195790051584,-33.3856214124547],[-70.519692752579,-33.3856696756245],[-70.5201361323168,-33.3858132141966],[-70.5206879664589,-33.3860095965529],[-70.5210310335626,-33.3861328473997],[-70.5211136487103,-33.3861792885184],[-70.5211923179941,-33.3862103309739],[-70.5212764036299,-33.3862363269296],[-70.5215804398423,-33.3863353943993],[-70.5220677279715,-33.3865501364146],[-70.5225123621908,-33.3867654007374],[-70.5227491583444,-33.3868877681277],[-70.523029964896,-33.3870871462844],[-70.5231655429585,-33.3871827489687],[-70.5231730575642,-33.3871880489156],[-70.5242107062715,-33.3879197340934],[-70.5265074309181,-33.3895379514855],[-70.5267577400127,-33.3897267845088],[-70.5269049083979,-33.3898276261906],[-70.5272772910511,-33.3901088442433],[-70.5272802348356,-33.3901110680542],[-70.5278761403246,-33.3905610806222],[-70.5282474317965,-33.3908265861501],[-70.5284879238616,-33.390969467054],[-70.5286632606414,-33.3910645322038],[-70.5291493678988,-33.3912746083176],[-70.5299784827603,-33.3916046809199],[-70.5301194719355,-33.3916691482497],[-70.5316336353376,-33.3922646757713]]]},"properties":{"ZONA":"AV","NOMBRE":"AV Zona de Áreas Verdes"}},{"type":"Feature","geometry":{"type":"Polygon","coordinates":[[[-70.5263821192107,-33.3868250397826],[-70.5264966603174,-33.3867345257249],[-70.526803202581,-33.3865064351099],[-70.5269505079197,-33.3863974740918],[-70.5269806110331,-33.3863752066259],[-70.5271580200243,-33.3862439778874],[-70.5265780757822,-33.3858151548657],[-70.5265485982192,-33.3858062924395],[-70.5265339400517,-33.3858064727672],[-70.5264974558521,-33.3858161466661],[-70.5264576816328,-33.385847384688],[-70.5258178004229,-33.3863564683952],[-70.5257962953825,-33.3863844071401],[-70.5257966176812,-33.3864028533187],[-70.5258118152633,-33.3864334160784],[-70.5258638164797,-33.386472750441],[-70.5263821192107,-33.3868250397826]]]},"properties":{"ZONA":"AV","NOMBRE":"AV Zona de Áreas Verdes"}},{"type":"Feature","geometry":{"type":"Polygon","coordinates":[[[-70.5009090195176,-33.3909749738699],[-70.5019076478707,-33.3915097522604],[-70.5024404911496,-33.3918446057151],[-70.5033103726319,-33.3924197139471],[-70.5035250750156,-33.3926285898672],[-70.5035942705329,-33.3927280081318],[-70.5036637135187,-33.3928052051957],[-70.5038946018423,-33.3930690806506],[-70.5039014212368,-33.3930768739132],[-70.5040543239817,-33.3932516203801],[-70.5041580395687,-33.3933585715128],[-70.5042110290307,-33.393431234767],[-70.5046264907342,-33.3938986206357],[-70.5049712050276,-33.3943885880156],[-70.5051500840815,-33.3946362018195],[-70.5051518114339,-33.3946392336501],[-70.5055685008367,-33.3953706738905],[-70.5058615280142,-33.3959485005057],[-70.5058924767366,-33.3960400655417],[-70.5060944915386,-33.3959952577162],[-70.5058217020685,-33.3952923727012],[-70.505780137656,-33.39517157472],[-70.5054892892048,-33.394431172479],[-70.505429041988,-33.3943124390307],[-70.505356050945,-33.3942047221337],[-70.505263568468,-33.3940918070734],[-70.505151594897,-33.39397370823],[-70.50500281642,-33.3938426360945],[-70.5049874330127,-33.393829082902],[-70.5046914335124,-33.3935394458656],[-70.5044414410968,-33.3932926863838],[-70.504369435476,-33.3932419723223],[-70.5043082185963,-33.3931712757302],[-70.5039400603548,-33.3928218004141],[-70.5038795034188,-33.3927527405842],[-70.5038374095245,-33.3926889772139],[-70.5037775373134,-33.3925770175942],[-70.5037181418288,-33.3924932270919],[-70.5036623358011,-33.3924401211453],[-70.5034567115145,-33.3922818577239],[-70.50319259027,-33.3920652363952],[-70.5029409459062,-33.3918720324919],[-70.5024722594012,-33.391494728604],[-70.5024373602922,-33.391457743039],[-70.5023690026314,-33.3913994440552],[-70.5022340635857,-33.3912946514266],[-70.5021024583017,-33.3912016425441],[-70.5020327889425,-33.3911578133219],[-70.5020059424762,-33.3911450009465],[-70.5019505650174,-33.3911128220245],[-70.5018715422614,-33.3910717348462],[-70.5018021216542,-33.3910423547528],[-70.5017185136779,-33.3910078912038],[-70.5016160017868,-33.3909670881452],[-70.5014850979492,-33.3909148016112],[-70.5014330165153,-33.3908917797143],[-70.5010735092663,-33.39075291531],[-70.5009090195176,-33.3909749738699]]]},"properties":{"ZONA":"AV","NOMBRE":"AV Zona de Áreas Verdes"}},{"type":"Feature","geometry":{"type":"Polygon","coordinates":[[[-70.5054929971073,-33.393150690801],[-70.5055504870169,-33.3932270983852],[-70.5057023586863,-33.3931502903754],[-70.5056471610023,-33.3930588661817],[-70.5055972189978,-33.3929759404157],[-70.5055291126185,-33.3928761060644],[-70.5054612690901,-33.3927912564458],[-70.5054184465296,-33.3927510824289],[-70.5052766348422,-33.3928192003981],[-70.5053908200914,-33.3929998639241],[-70.5054929971073,-33.393150690801]]]},"properties":{"ZONA":"AV","NOMBRE":"AV Zona de Áreas Verdes"}},{"type":"Feature","geometry":{"type":"Polygon","coordinates":[[[-70.5062968165691,-33.3925893193953],[-70.5064390607011,-33.392795942143],[-70.5065991517241,-33.3927176056201],[-70.5065629218829,-33.3926572766168],[-70.5064713316463,-33.3925073339744],[-70.5063738048535,-33.392373089807],[-70.506321020946,-33.3923129653106],[-70.5061794064087,-33.3923823950049],[-70.5062478436009,-33.3925100472738],[-70.5062968165691,-33.3925893193953]]]},"properties":{"ZONA":"AV","NOMBRE":"AV Zona de Áreas Verdes"}},{"type":"Feature","geometry":{"type":"Polygon","coordinates":[[[-70.5072109298416,-33.3943858757895],[-70.5073161006362,-33.3945479135454],[-70.5073624883297,-33.3943785756424],[-70.5074680215411,-33.3940945469929],[-70.5071328657315,-33.3942606326926],[-70.5072109298416,-33.3943858757895]]]},"properties":{"ZONA":"AV","NOMBRE":"AV Zona de Áreas Verdes"}},{"type":"Feature","geometry":{"type":"Polygon","coordinates":[[[-70.5108137204022,-33.3939749990327],[-70.5108447603617,-33.3939789544776],[-70.5108962093858,-33.3939696611291],[-70.5111068145624,-33.3939107537447],[-70.5111915767819,-33.3938880524831],[-70.511141619107,-33.3937613215859],[-70.5110971485325,-33.3936508339031],[-70.510994467236,-33.3936824174537],[-70.5108507323187,-33.3937275101164],[-70.5107582221805,-33.3937503036826],[-70.5107326472736,-33.3937636234624],[-70.5107123795764,-33.393785537337],[-70.5107115960449,-33.393889557942],[-70.5107668279026,-33.3939495686152],[-70.5108137204022,-33.3939749990327]]]},"properties":{"ZONA":"AV","NOMBRE":"AV Zona de Áreas Verdes"}},{"type":"Feature","geometry":{"type":"Polygon","coordinates":[[[-70.5135780709311,-33.3898762980659],[-70.5136467394365,-33.3898801121738],[-70.513700147072,-33.3898762978344],[-70.5138603730753,-33.3898572222325],[-70.5139977088505,-33.3898419628083],[-70.5137688126305,-33.3894910033632],[-70.5134483624776,-33.3896397820811],[-70.5133949544706,-33.3896703011793],[-70.5133644349741,-33.3896931900635],[-70.5133491752132,-33.3897084489039],[-70.5132728784979,-33.389807633968],[-70.513410214883,-33.3898572249606],[-70.5135094029761,-33.3898762987649],[-70.5135780709311,-33.3898762980659]]]},"properties":{"ZONA":"AV","NOMBRE":"AV Zona de Áreas Verdes"}},{"type":"Feature","geometry":{"type":"Polygon","coordinates":[[[-70.5100840650774,-33.3918797274302],[-70.5088793540549,-33.392470649293],[-70.508761916417,-33.3925289358485],[-70.5083425195489,-33.3927292067346],[-70.5078202251736,-33.3929788678467],[-70.507741748148,-33.3930101635853],[-70.5076639283841,-33.39290177713],[-70.5075636842348,-33.3929391668547],[-70.5072561949999,-33.3930864493558],[-70.506967846824,-33.3932441621818],[-70.5069325507865,-33.3932702883807],[-70.5069276646173,-33.3932831991848],[-70.5069227468271,-33.3932939666591],[-70.5069231534058,-33.3933175218282],[-70.5069285516574,-33.3933345897397],[-70.5069550047365,-33.393387814396],[-70.5070501207917,-33.3935729926395],[-70.5070531531918,-33.3936008006334],[-70.5070485268032,-33.3936286980471],[-70.507094289892,-33.3936112585198],[-70.5071820509634,-33.393577815815],[-70.5073429443188,-33.3938266820281],[-70.5074908038026,-33.3940553857389],[-70.5074988358657,-33.3940188820008],[-70.5074934333412,-33.393957057732],[-70.5074828242669,-33.3938443210794],[-70.5074814415098,-33.3937642421878],[-70.5075149717496,-33.3936983040844],[-70.5075446078537,-33.3936578961493],[-70.5076517928916,-33.393591063049],[-70.5079211901676,-33.3934668114767],[-70.5080216682509,-33.3934260095975],[-70.5087401983594,-33.3930890084663],[-70.5088323700758,-33.3930540436551],[-70.5091772727506,-33.3928867220101],[-70.510449875262,-33.3922681874323],[-70.5112662615466,-33.3918714456254],[-70.5113807080849,-33.3918065933834],[-70.5115256726853,-33.391734111125],[-70.511670638462,-33.3916730741434],[-70.5118003441439,-33.391631110506],[-70.5119300511361,-33.3916005912739],[-70.5119987191431,-33.3915815171688],[-70.5122047227776,-33.3915395531369],[-70.512517544001,-33.3915014038195],[-70.5126319908593,-33.3914899583564],[-70.5127540667002,-33.3914708838658],[-70.513005849918,-33.3914136610046],[-70.5133262997416,-33.3913106597657],[-70.5134231535206,-33.391267662079],[-70.5135993362545,-33.3911738943311],[-70.5138035033416,-33.3910628164987],[-70.5138692204095,-33.3910077166613],[-70.51396696908,-33.3909352647474],[-70.5140347731305,-33.390883536651],[-70.5142979558024,-33.390680118337],[-70.5145293990917,-33.3905110192285],[-70.5147072840105,-33.3903760287763],[-70.5145395773375,-33.3903989178523],[-70.5137447234586,-33.390469693903],[-70.5132769526014,-33.3905263005254],[-70.5130694728961,-33.3905627622334],[-70.5129407404193,-33.3906335250989],[-70.5126884982885,-33.3907689434249],[-70.5125403676641,-33.3908487949923],[-70.5122675716333,-33.3909641054321],[-70.5121131606637,-33.3910207426056],[-70.5116477445053,-33.3911580783835],[-70.511395962383,-33.3912534488051],[-70.5110449934581,-33.3914213021991],[-70.5103964629587,-33.3917264900587],[-70.5100840650774,-33.3918797274302]]]},"properties":{"ZONA":"AV","NOMBRE":"AV Zona de Áreas Verdes"}},{"type":"Feature","geometry":{"type":"Polygon","coordinates":[[[-70.5127388201614,-33.3933210541105],[-70.5127947513927,-33.3934381202689],[-70.5133669069704,-33.3932692227197],[-70.5134441222699,-33.3932538151091],[-70.5134026133611,-33.393130311751],[-70.5133434080177,-33.3930063748851],[-70.5126992372537,-33.3931920608721],[-70.5127388201614,-33.3933210541105]]]},"properties":{"ZONA":"AV","NOMBRE":"AV Zona de Áreas Verdes"}},{"type":"Feature","geometry":{"type":"Polygon","coordinates":[[[-70.5123268428082,-33.3966895146629],[-70.512548115353,-33.3975974323256],[-70.5131890162968,-33.3974906141593],[-70.5130745603753,-33.396472066767],[-70.51294485472,-33.3964911418205],[-70.5123115826152,-33.3965979594302],[-70.5123268428082,-33.3966895146629]]]},"properties":{"ZONA":"AV","NOMBRE":"AV Zona de Áreas Verdes"}},{"type":"Feature","geometry":{"type":"Polygon","coordinates":[[[-70.5107028396045,-33.3978700404404],[-70.5107541591345,-33.3978833239445],[-70.5108016774757,-33.3978814258852],[-70.5108606012896,-33.3978757327905],[-70.5112281282524,-33.3978091168726],[-70.5111703950869,-33.3975619369983],[-70.5111513047082,-33.3975219106943],[-70.5111322137487,-33.3974914143015],[-70.5111016689092,-33.3974609185263],[-70.5110615790405,-33.3974342348013],[-70.5110561626974,-33.3974326440609],[-70.5110291242325,-33.3974247042579],[-70.5109756704902,-33.3974189863679],[-70.5108972898841,-33.3974263197496],[-70.5106049193677,-33.3974776476285],[-70.5105182424501,-33.3974928648002],[-70.5105754895702,-33.3977353044629],[-70.5105963982599,-33.3977827463214],[-70.5106268104604,-33.3978263937918],[-70.510662924373,-33.3978491651181],[-70.5107028396045,-33.3978700404404]]]},"properties":{"ZONA":"AV","NOMBRE":"AV Zona de Áreas Verdes"}},{"type":"Feature","geometry":{"type":"Polygon","coordinates":[[[-70.51041210524,-33.3963214667563],[-70.5104607587097,-33.3963214669558],[-70.5108774478881,-33.396246834964],[-70.5108213002743,-33.3960962964317],[-70.5108143209313,-33.3960791866388],[-70.5108035830628,-33.3960625879713],[-70.5107823014769,-33.3960389308051],[-70.5107556188274,-33.3960229465563],[-70.510721402389,-33.3960108066591],[-70.5106696701863,-33.3960036824089],[-70.510616154305,-33.3960072452015],[-70.5105806175272,-33.3960127472113],[-70.5102926612807,-33.3960573314817],[-70.5101960059698,-33.3960722965084],[-70.5102515514356,-33.3962275557705],[-70.5102742548544,-33.3962631768757],[-70.5102969610571,-33.3962858454889],[-70.5103310165538,-33.396303656527],[-70.5103748043463,-33.3963182286562],[-70.51041210524,-33.3963214667563]]]},"properties":{"ZONA":"AV","NOMBRE":"AV Zona de Áreas Verdes"}},{"type":"Feature","geometry":{"type":"Polygon","coordinates":[[[-70.5080806841564,-33.3965696551476],[-70.5081009638085,-33.3967197498654],[-70.5085045497143,-33.3966613597498],[-70.5085981906304,-33.3966222223554],[-70.5086330344214,-33.3965939574691],[-70.5086635219048,-33.3965526460865],[-70.5086823970407,-33.3965001089111],[-70.5086823960383,-33.3964436265787],[-70.5086569104369,-33.3963004286323],[-70.5082904838735,-33.396357933687],[-70.5082340861208,-33.3963714482033],[-70.50816866443,-33.3963962247427],[-70.5081348259759,-33.3964232525592],[-70.5081100105263,-33.396452532649],[-70.5080897077643,-33.3964840657307],[-70.5080829398488,-33.3965223560358],[-70.5080806841564,-33.3965696551476]]]},"properties":{"ZONA":"AV","NOMBRE":"AV Zona de Áreas Verdes"}},{"type":"Feature","geometry":{"type":"Polygon","coordinates":[[[-70.5084114617387,-33.397991949059],[-70.5084645745041,-33.398262935973],[-70.5088486883378,-33.3982125265321],[-70.5089086814298,-33.3981996903817],[-70.5089429628638,-33.3981782980744],[-70.5089815280827,-33.3981526284603],[-70.5090136673182,-33.3981077048136],[-70.5090308074327,-33.3980670607285],[-70.5090372356785,-33.3980114426517],[-70.5089835415236,-33.3977373300227],[-70.5085678695359,-33.3977930044286],[-70.5085185899586,-33.3978122567177],[-70.5084650259301,-33.3978379281835],[-70.5084286018614,-33.3978828505798],[-70.5084093197964,-33.3979406089951],[-70.5084114617387,-33.397991949059]]]},"properties":{"ZONA":"AV","NOMBRE":"AV Zona de Áreas Verdes"}},{"type":"Feature","geometry":{"type":"Polygon","coordinates":[[[-70.5147512096749,-33.3983447438137],[-70.5156385497398,-33.398403434321],[-70.5156305560868,-33.3981391144928],[-70.5150283003839,-33.3981014778343],[-70.5147149808128,-33.3980818968323],[-70.5147512096749,-33.3983447438137]]]},"properties":{"ZONA":"AV","NOMBRE":"AV Zona de Áreas Verdes"}},{"type":"Feature","geometry":{"type":"Polygon","coordinates":[[[-70.5113960315732,-33.3992912043973],[-70.5115257382475,-33.3993217221036],[-70.5115373977221,-33.3992747196511],[-70.5115363984829,-33.3992170185015],[-70.5115017180399,-33.3990767714518],[-70.51148174733,-33.3990409495679],[-70.5114468237918,-33.3990107137667],[-70.511407693083,-33.3989859457523],[-70.5113753232411,-33.3989791225479],[-70.511349434529,-33.3989740276995],[-70.5113106472197,-33.3989690899742],[-70.5112418877609,-33.398971734886],[-70.5110618475954,-33.3990045828311],[-70.5110083271517,-33.3990178624656],[-70.5109458716449,-33.3990432464746],[-70.5109535011795,-33.3990699494818],[-70.5109763906143,-33.3990928384732],[-70.51100691075,-33.3991157265125],[-70.5110427874524,-33.3991524586178],[-70.5111846526246,-33.3992197658874],[-70.5112992215752,-33.3992612264543],[-70.5113960315732,-33.3992912043973]]]},"properties":{"ZONA":"AV","NOMBRE":"AV Zona de Áreas Verdes"}},{"type":"Feature","geometry":{"type":"Polygon","coordinates":[[[-70.5122405898786,-33.3993743574805],[-70.5121981856002,-33.3993761982774],[-70.5121649837717,-33.3993713235107],[-70.512135501941,-33.3993669950108],[-70.5120542972473,-33.3993338585498],[-70.5119987859696,-33.3994704960755],[-70.5126820553639,-33.399668458116],[-70.5127125680956,-33.3995694718354],[-70.5127236286136,-33.3995142498647],[-70.5127254717582,-33.3994627098252],[-70.5127217836794,-33.3994074882177],[-70.5127125658775,-33.399379876687],[-70.5126941282167,-33.3993522657435],[-70.512668317557,-33.3993320181556],[-70.5126388186071,-33.3993191331837],[-70.5126056320784,-33.3993154515026],[-70.5125761349526,-33.3993154521983],[-70.5125263548103,-33.3993228149066],[-70.5123161807097,-33.3993651534168],[-70.5122774632992,-33.3993725164494],[-70.5122537207515,-33.3993737023045],[-70.5122405898786,-33.3993743574805]]]},"properties":{"ZONA":"AV","NOMBRE":"AV Zona de Áreas Verdes"}},{"type":"Feature","geometry":{"type":"Polygon","coordinates":[[[-70.5081385697538,-33.3916118864691],[-70.5080848562502,-33.3915338992251],[-70.5079578284251,-33.3915953705975],[-70.5078996640961,-33.3916235173761],[-70.5077144726137,-33.3917131343453],[-70.5077012004244,-33.3917229743494],[-70.5076993148891,-33.3917545514299],[-70.5077164844774,-33.3917792087928],[-70.5077309437551,-33.3917963352142],[-70.5077465809,-33.3918069602641],[-70.5077646659346,-33.3918099817716],[-70.5077826709465,-33.391808680747],[-70.5081134120617,-33.3916467965018],[-70.5081312927774,-33.3916379285555],[-70.5081387939089,-33.391624863268],[-70.5081385697538,-33.3916118864691]]]},"properties":{"ZONA":"AV","NOMBRE":"AV Zona de Áreas Verdes"}},{"type":"Feature","geometry":{"type":"Polygon","coordinates":[[[-70.5084457159069,-33.3921197373183],[-70.5084154842665,-33.3921342098931],[-70.5081090979067,-33.3922812339426],[-70.5080984906606,-33.3922922428704],[-70.5080923234239,-33.3923104586795],[-70.5080948598589,-33.3923321941625],[-70.5081258483964,-33.3923753492264],[-70.5081454088475,-33.3923823669067],[-70.5081670433623,-33.3923839166678],[-70.5081928337336,-33.3923763477396],[-70.5085441659444,-33.3922052042972],[-70.5084919571075,-33.3921288493518],[-70.5084783517176,-33.3921193405461],[-70.5084639171585,-33.3921170972566],[-70.5084457159069,-33.3921197373183]]]},"properties":{"ZONA":"AV","NOMBRE":"AV Zona de Áreas Verdes"}},{"type":"Feature","geometry":{"type":"Polygon","coordinates":[[[-70.5034121711596,-33.3906522482754],[-70.5035543508339,-33.3907460845],[-70.504006567232,-33.390380865437],[-70.5044453375402,-33.39001299851],[-70.5042620905089,-33.3898687224455],[-70.5041098752767,-33.3897725574122],[-70.5037559122919,-33.3902068444337],[-70.5034121711596,-33.3906522482754]]]},"properties":{"ZONA":"AV","NOMBRE":"AV Zona de Áreas Verdes"}},{"type":"Feature","geometry":{"type":"Polygon","coordinates":[[[-70.5053836546284,-33.3874043653358],[-70.5044757160408,-33.3880986625001],[-70.5043078596009,-33.3879575159234],[-70.5041247462071,-33.3882474410491],[-70.5046921547432,-33.3885280685469],[-70.5047822284931,-33.3885805276464],[-70.5053836678072,-33.3889264656749],[-70.5047351307366,-33.3883313626504],[-70.5047632050254,-33.388295236476],[-70.5047961683112,-33.3882665111731],[-70.5056278095731,-33.387625622016],[-70.5053836546284,-33.3874043653358]]]},"properties":{"ZONA":"AV","NOMBRE":"AV Zona de Áreas Verdes"}},{"type":"Feature","geometry":{"type":"Polygon","coordinates":[[[-70.5037694635492,-33.3868241248071],[-70.5038680662597,-33.3868369257602],[-70.5033587001237,-33.3863591338007],[-70.5033187400287,-33.3863861992988],[-70.5031944600909,-33.3864862329207],[-70.5031730509137,-33.3865047422768],[-70.5031624756297,-33.3865212905193],[-70.5031583488756,-33.3865341144315],[-70.5031608361355,-33.3865523279936],[-70.5031697167059,-33.3865631716814],[-70.5032004017756,-33.3865792200962],[-70.5037105047441,-33.3868065956123],[-70.5037694635492,-33.3868241248071]]]},"properties":{"ZONA":"AV","NOMBRE":"AV Zona de Áreas Verdes"}},{"type":"Feature","geometry":{"type":"Polygon","coordinates":[[[-70.5782332331337,-33.4269632638118],[-70.5788436201158,-33.4274706269465],[-70.5790496228321,-33.4272875160346],[-70.5791322586284,-33.4271777298154],[-70.5791724889162,-33.4271242822069],[-70.5793166632167,-33.4269327386837],[-70.5794539957126,-33.4266161112428],[-70.5794616254654,-33.4265703331589],[-70.5793548079797,-33.4265474458286],[-70.5786604956126,-33.4263910431708],[-70.578629977862,-33.4264825986941],[-70.5785842003223,-33.4265894128001],[-70.5785079035696,-33.4267153015],[-70.5784163464686,-33.4268144861048],[-70.5782332331337,-33.4269632638118]]]},"properties":{"ZONA":"AV","NOMBRE":"AV Zona de Áreas Verdes"}},{"type":"Feature","geometry":{"type":"Polygon","coordinates":[[[-70.5846852245985,-33.4277581522839],[-70.5852221311109,-33.4281839535511],[-70.5854903543222,-33.427961778033],[-70.5854939065707,-33.4279501710411],[-70.5854904095825,-33.4279234158057],[-70.5854834977054,-33.4279051156822],[-70.5854634307152,-33.4278869837506],[-70.5846954252213,-33.4276989298279],[-70.5846852245985,-33.4277581522839]]]},"properties":{"ZONA":"AV","NOMBRE":"AV Zona de Áreas Verdes"}},{"type":"Feature","geometry":{"type":"Polygon","coordinates":[[[-70.5338420711866,-33.3841644189702],[-70.5338049262685,-33.3841714580278],[-70.5337303764858,-33.3841707353962],[-70.5338511884213,-33.3842367088817],[-70.5343779267423,-33.3845198171466],[-70.5345608663058,-33.384621842558],[-70.5347031711803,-33.3846968646343],[-70.5350292462965,-33.3848750427133],[-70.5353059037703,-33.3850058834216],[-70.5356948026053,-33.3851808888669],[-70.5363193073072,-33.3854099327866],[-70.5364153818564,-33.3854945239005],[-70.5364929609381,-33.3855450338622],[-70.5365599803543,-33.3855763739793],[-70.536655225315,-33.3856137956386],[-70.5368251176732,-33.3856803190206],[-70.5369848622534,-33.385751255268],[-70.537100931962,-33.3858098664958],[-70.5372118879313,-33.3858685409623],[-70.5373952766315,-33.3859756411533],[-70.5374882696129,-33.3860302496104],[-70.5376040002118,-33.3860695613004],[-70.537687978018,-33.3861929059882],[-70.5377767636252,-33.3862990341863],[-70.5379729800234,-33.3865069008378],[-70.5381628726775,-33.3867631541778],[-70.5382991065851,-33.3869292107964],[-70.5383751815711,-33.3869911745684],[-70.5384563524257,-33.3870420346333],[-70.5384405403233,-33.3869744059658],[-70.5384012810352,-33.3869053472619],[-70.5382709453873,-33.3867495844315],[-70.5382702701883,-33.3866381427735],[-70.5382761424968,-33.3865933723615],[-70.5382931767166,-33.3865521891269],[-70.5383300571264,-33.3865033096473],[-70.538373726042,-33.3864617952969],[-70.5384263394825,-33.3864238946872],[-70.5384681496845,-33.3864028898302],[-70.5384990265425,-33.3863913330482],[-70.5385964907432,-33.3863789506264],[-70.5385986968622,-33.386379324596],[-70.5386989176972,-33.386396303794],[-70.538736543861,-33.3864098970909],[-70.5390876836314,-33.3865367491319],[-70.5395722494118,-33.3866964911112],[-70.5396865845335,-33.3867408189087],[-70.5400227462773,-33.3868711485692],[-70.540347013963,-33.3870021678646],[-70.5408371379936,-33.3871871183296],[-70.5414928888752,-33.3874128292656],[-70.5419986603249,-33.3875942898036],[-70.542666717439,-33.3878494844462],[-70.5430625818572,-33.3879994263316],[-70.5434474661372,-33.3881525454542],[-70.5436261712299,-33.388223638431],[-70.5441592045155,-33.3884238222813],[-70.5444917397922,-33.3885410032514],[-70.5448374173226,-33.388656895081],[-70.5448706598832,-33.3886680402242],[-70.5452495820961,-33.3887950750903],[-70.5460282037411,-33.3890413943385],[-70.5464399565565,-33.3891903444553],[-70.5466527752366,-33.3892647288484],[-70.5469692865343,-33.3893798472614],[-70.5470337469257,-33.3894047255812],[-70.5470927104663,-33.3894343349724],[-70.5471573149511,-33.3894685546022],[-70.5472051636724,-33.3894983025297],[-70.547247434173,-33.3895281290162],[-70.5473152000783,-33.389583310533],[-70.5473999903523,-33.3896569579263],[-70.547495833489,-33.3897258039399],[-70.5475634332111,-33.3897716523323],[-70.547642129044,-33.3898150219823],[-70.5477179520331,-33.3898537648488],[-70.5478702020009,-33.3899187955643],[-70.5480277539826,-33.3899895579358],[-70.5479879293929,-33.3900616391651],[-70.5479279544937,-33.3901792040738],[-70.5478903725698,-33.39025287341],[-70.5478147504673,-33.3904314398256],[-70.5476736804701,-33.3908070345508],[-70.5475947885291,-33.3910335397919],[-70.5476669814988,-33.3910576386045],[-70.5477332749406,-33.3910797673728],[-70.5477828005176,-33.3910023362833],[-70.5478289373161,-33.3909506790417],[-70.5479022123096,-33.3908685010034],[-70.5480556010422,-33.3906899238752],[-70.5481425161518,-33.3904727669329],[-70.5482171452369,-33.3903000170284],[-70.5483082919605,-33.3900890308382],[-70.5487650598493,-33.3902619254287],[-70.5487727705256,-33.3902648440675],[-70.5494519656865,-33.3905219266958],[-70.549333989257,-33.3907493331938],[-70.5491581295332,-33.3910883086897],[-70.5489319117411,-33.3915221739768],[-70.5490566102663,-33.3915698500978],[-70.5491863174434,-33.3916156264852],[-70.5494228368901,-33.39119218466],[-70.5495976195541,-33.3908443624842],[-70.5497093362037,-33.3906220419051],[-70.5501399712849,-33.3907897510237],[-70.5508294783866,-33.3910596179224],[-70.5514223426316,-33.3912839807531],[-70.5526259031705,-33.3917587617005],[-70.5529477755761,-33.3918822847477],[-70.5534249655318,-33.3920654118509],[-70.5539965150954,-33.3922657349677],[-70.5545387130312,-33.3924557678102],[-70.5549683420613,-33.3926131796149],[-70.5555300079976,-33.392803207553],[-70.5566415938664,-33.3932125670046],[-70.5569198442792,-33.3933050332633],[-70.5569360802044,-33.3933104282003],[-70.558739933399,-33.3939098513994],[-70.5601067189364,-33.394389241614],[-70.5612993675024,-33.3947980775723],[-70.5615382370884,-33.3948625521117],[-70.562393380639,-33.3951629470284],[-70.5624253661717,-33.3951741825687],[-70.5635117246809,-33.3955557864729],[-70.5640777002394,-33.3957530184176],[-70.5646169919054,-33.3959409489155],[-70.5651857258959,-33.396141721252],[-70.565746521741,-33.396334962392],[-70.5662314533886,-33.3965051208841],[-70.5668332007388,-33.3967163603473],[-70.5662694710726,-33.3978488852745],[-70.5660986475713,-33.3981812446525],[-70.5665517739005,-33.3979480673753],[-70.5679337829054,-33.3972811869401],[-70.568185288244,-33.3976264390299],[-70.5683037407828,-33.3978099003861],[-70.5685596839201,-33.3976853988968],[-70.5686685787368,-33.3976415613612],[-70.5687897734969,-33.3975781072672],[-70.5688587908931,-33.3975453867353],[-70.5689678421655,-33.3975103913648],[-70.5690500847354,-33.3975093512586],[-70.5692498627632,-33.3975116015534],[-70.5698021791018,-33.3977267874969],[-70.5699725680476,-33.3978331252372],[-70.5700221623382,-33.3978953968502],[-70.5702551735354,-33.3983549611402],[-70.570575688104,-33.3990243191331],[-70.5706003087157,-33.3991683126134],[-70.5706297168645,-33.3992500253622],[-70.5705486069241,-33.3994794950306],[-70.570524375541,-33.3995480471262],[-70.5701848358388,-33.4005086238877],[-70.570101101374,-33.4007433598849],[-70.5700433022243,-33.4008995884406],[-70.5696237637055,-33.4020673910843],[-70.5695829898913,-33.4021979530361],[-70.5695398491105,-33.4022993837602],[-70.5695273373831,-33.402363156406],[-70.5691774600838,-33.4033408988151],[-70.5690459599906,-33.40371161243],[-70.5685431486475,-33.4051632822723],[-70.5686215847139,-33.4051949751243],[-70.5686861502211,-33.4052210625033],[-70.5692067579698,-33.4037710635913],[-70.5695197682271,-33.4029206943113],[-70.5695937450153,-33.4027135117982],[-70.569692418938,-33.4024303744915],[-70.5697144033111,-33.4023732963118],[-70.5697418725438,-33.4022609305563],[-70.569873069159,-33.4019321378075],[-70.5703280730615,-33.4006370643707],[-70.5703667943562,-33.4005564407767],[-70.5707470812684,-33.399393281106],[-70.5708762278571,-33.3992703233542],[-70.5710721001207,-33.3991008194839],[-70.57119473724,-33.3990330844653],[-70.5712766626183,-33.3989973862583],[-70.5714820851413,-33.3989412102202],[-70.5721619419059,-33.3987624193264],[-70.5722592786582,-33.3987485861129],[-70.5723417750479,-33.3987443868353],[-70.5724624809706,-33.3987545502822],[-70.5728715789375,-33.3989124170028],[-70.572873008112,-33.3989129679476],[-70.5730368599092,-33.3989761957845],[-70.5736360908928,-33.3992015636023],[-70.5747004756827,-33.3996176858424],[-70.5751025937167,-33.3997694037008],[-70.5751651001118,-33.3997929869357],[-70.5751838426195,-33.399800058412],[-70.5760115741273,-33.4001123529549],[-70.5768186961726,-33.4004214109705],[-70.5769560614525,-33.4004770727199],[-70.5782532872395,-33.401024488403],[-70.5793384251677,-33.4014781445921],[-70.5798170604079,-33.4016855210733],[-70.5807892468754,-33.4020936941414],[-70.5808974177739,-33.4021391087408],[-70.5810868736775,-33.4022186501477],[-70.5814172216421,-33.4023547066438],[-70.5820328079237,-33.402608236173],[-70.583077163215,-33.4030369244494],[-70.5831546214782,-33.4030687188378],[-70.5835067393828,-33.4032286981671],[-70.5835429102023,-33.403251679845],[-70.5835659287295,-33.403274661663],[-70.5835835962647,-33.4032973131699],[-70.5835994623047,-33.4033337443771],[-70.5837816593852,-33.4039153667912],[-70.583859151389,-33.4040913829216],[-70.5838678740036,-33.4041292499385],[-70.5838793268975,-33.4041653514588],[-70.5839069480964,-33.4042426717648],[-70.5839355065995,-33.4043068799332],[-70.5838895577734,-33.4043889219229],[-70.583839127381,-33.4044619684222],[-70.5838009787215,-33.4044986536357],[-70.5837023942537,-33.4045324913213],[-70.5829420811178,-33.4047014817552],[-70.5820529306521,-33.4049010716218],[-70.5818082663628,-33.4049657316197],[-70.5815245380475,-33.4050298881347],[-70.580185426231,-33.4053326780272],[-70.5791786749111,-33.4055577128465],[-70.5789573314426,-33.4056015255063],[-70.5785475231167,-33.4056934154381],[-70.5769422221096,-33.4060560473273],[-70.57634180495,-33.4061887047762],[-70.5755545770206,-33.4063686539441],[-70.5754606738969,-33.4063907991279],[-70.5752477510664,-33.4064296652975],[-70.5742278786881,-33.4066518968214],[-70.5737783331313,-33.4067288457748],[-70.5735300158217,-33.40678542747],[-70.5734350265758,-33.4068133476931],[-70.5732016463103,-33.4067295178842],[-70.5724662866054,-33.4064508965388],[-70.5719537367167,-33.4062604570544],[-70.5719011484379,-33.406378780744],[-70.5728464292739,-33.406954740544],[-70.5731111894155,-33.4069861159371],[-70.5733712672951,-33.4069918133322],[-70.5734328567189,-33.4069887865394],[-70.5734756076228,-33.4069814939672],[-70.5735637083773,-33.4069623774138],[-70.5737129141582,-33.4069256030883],[-70.5756113305898,-33.4065026026704],[-70.5757698351294,-33.4069645814077],[-70.5757801004905,-33.4069859951417],[-70.5757980579463,-33.4069957107482],[-70.5758198165318,-33.4069970901238],[-70.5759319640805,-33.406970809699],[-70.5759515971331,-33.4069639308203],[-70.5759672505923,-33.4069554467137],[-70.5759729955731,-33.4069454300005],[-70.575972726255,-33.4069305187368],[-70.5758416087928,-33.4064532776751],[-70.5768379607525,-33.4062325584644],[-70.5768449457461,-33.4062310113931],[-70.5774320457677,-33.4061009486238],[-70.5782414382229,-33.4059198723317],[-70.5782531060952,-33.4059172618508],[-70.5793646468366,-33.4056685788168],[-70.5802484278566,-33.4054663790141],[-70.580418203724,-33.405428737635],[-70.5808444323176,-33.4053342379211],[-70.5809491295845,-33.405311024938],[-70.5818987897792,-33.4051004660219],[-70.5821802609817,-33.4050327472047],[-70.5827311693805,-33.4049077151625],[-70.5832669409073,-33.4047905693122],[-70.5838027522171,-33.4046759936162],[-70.5840206556385,-33.4046265734769],[-70.5841224634111,-33.4046103713875],[-70.5841874208254,-33.4046020908409],[-70.5842494208706,-33.4045938471275],[-70.5843615266451,-33.4045744678049],[-70.5847075361872,-33.4046170575259],[-70.5847479719685,-33.4046914696149],[-70.5848110344175,-33.4047819845033],[-70.5849572776786,-33.404840994918],[-70.5855842104838,-33.4050811835627],[-70.5857335836577,-33.4051588860955],[-70.5857730857197,-33.4051817956501],[-70.5857960518636,-33.4052166260973],[-70.5858079827069,-33.4052586211575],[-70.5858429565644,-33.4056468651876],[-70.5858552450891,-33.40586213014],[-70.5858789782884,-33.4059390947269],[-70.5859046110128,-33.4059668657079],[-70.5859578970871,-33.4059802333424],[-70.5860388844639,-33.4059815408687],[-70.5862558766837,-33.4059597347032],[-70.5863373917697,-33.4061691091016],[-70.586428973906,-33.40636481624],[-70.586489996248,-33.4064932354441],[-70.5865804606792,-33.4066274331133],[-70.5867090118475,-33.4068257307198],[-70.5868779081451,-33.4070978102682],[-70.5869379246717,-33.4072244248748],[-70.5869977381935,-33.4073753403569],[-70.5870356314695,-33.4074689915607],[-70.587126886298,-33.4078513708113],[-70.5871363436268,-33.4079823748245],[-70.5871419289329,-33.4080834719152],[-70.5871360667487,-33.4082959458699],[-70.587119238358,-33.4084404828422],[-70.5870959779749,-33.4085878265685],[-70.5870719219376,-33.4086916098146],[-70.5870342234208,-33.4088064465127],[-70.5867469209382,-33.4094370874349],[-70.586278602182,-33.4104170135037],[-70.5860100965122,-33.4109770029209],[-70.5859479291832,-33.4111066573692],[-70.5859210036203,-33.4111640818635],[-70.5857548300467,-33.4115069228728],[-70.5856072785993,-33.4118082618746],[-70.5853200634296,-33.4124230566893],[-70.5852227347528,-33.4126493685773],[-70.5851525855084,-33.4127053738936],[-70.5850956326375,-33.4128304295315],[-70.5849395481344,-33.4132042720861],[-70.5848686778519,-33.4133048518344],[-70.5847935169615,-33.4134596662644],[-70.5847458534669,-33.4135183790673],[-70.5846424997909,-33.4135409703703],[-70.5845732145766,-33.4135231206893],[-70.5836788647604,-33.4131939330356],[-70.5836339439578,-33.4131774780149],[-70.583543448447,-33.4131689674695],[-70.5835173176688,-33.4131781760976],[-70.5834964261428,-33.413187271839],[-70.583474547233,-33.413199022577],[-70.5834568900781,-33.4132115969066],[-70.5834413411734,-33.4132250308294],[-70.583426950695,-33.4132428635728],[-70.5833705057472,-33.4133221182775],[-70.5832545350423,-33.4134833165473],[-70.5832308828531,-33.4135127298933],[-70.5832132897784,-33.4135288403926],[-70.5831894091728,-33.4135467951464],[-70.5831727447327,-33.4135558287626],[-70.5831424165374,-33.4135668088974],[-70.5830705223562,-33.413592787788],[-70.5830556017579,-33.4135866896836],[-70.5830006671049,-33.4136985941477],[-70.5832040029688,-33.4137825016669],[-70.5832516254512,-33.4138472520204],[-70.5832773044411,-33.4138785499973],[-70.583290427021,-33.4139100028418],[-70.5832860577312,-33.4139459040964],[-70.5832790259814,-33.4139734008094],[-70.5831314037666,-33.4142788737119],[-70.5831117127711,-33.4143486263325],[-70.583170124238,-33.4143100710814],[-70.5831890400255,-33.4143052690246],[-70.5832080385643,-33.4143050265191],[-70.5832288582653,-33.4143055255255],[-70.5832561344161,-33.4143127735591],[-70.5833729900138,-33.4143447085948],[-70.5839486324076,-33.4145745356596],[-70.584011426198,-33.4145868726545],[-70.5840676981286,-33.4145848354994],[-70.5841159404535,-33.4145710867562],[-70.5841561465758,-33.4145456193038],[-70.5842124942869,-33.414494050209],[-70.5841801511954,-33.4145710250961],[-70.5841588709805,-33.414633402168],[-70.5841599643986,-33.4146936104326],[-70.5841629566442,-33.414734972123],[-70.5841567122443,-33.4147614000616],[-70.5841351585912,-33.4148087234856],[-70.5840897413054,-33.4148996400505],[-70.584039978315,-33.4149981370598],[-70.5840250416858,-33.4150397331382],[-70.5840120042706,-33.4151124843041],[-70.5839387006115,-33.4152335294248],[-70.5838575333638,-33.4153850074368],[-70.5838009645118,-33.415517129822],[-70.5837817304572,-33.415582122192],[-70.5837724688509,-33.4156533542143],[-70.5836468684481,-33.415866939279],[-70.5835148965662,-33.4161402812757],[-70.5832028803854,-33.4167865293781],[-70.5831693851822,-33.4168614435752],[-70.5830307716719,-33.4171522519231],[-70.5825786541657,-33.4181005481729],[-70.5822818465272,-33.4187096461103],[-70.5822184235603,-33.4188370069317],[-70.582213531156,-33.418846832673],[-70.582077500587,-33.4191199994855],[-70.5820256381378,-33.4192275670434],[-70.5819440417559,-33.4193944175697],[-70.5819317215269,-33.4194193780403],[-70.5818818513723,-33.4195204151504],[-70.5817937505377,-33.4196619653361],[-70.58167787564,-33.419827564633],[-70.5815243695607,-33.4200291699115],[-70.5813574395716,-33.4202510292597],[-70.5811393570291,-33.4205531442126],[-70.5803254404892,-33.4216637638097],[-70.5802568859984,-33.4217332033972],[-70.5801332401313,-33.4219012063179],[-70.5795679349575,-33.4226498045601],[-70.5792864162695,-33.4230225971102],[-70.5789627788786,-33.4234279244103],[-70.5788713859499,-33.4235258672128],[-70.5785096354958,-33.423888045733],[-70.5781247434195,-33.4242850861693],[-70.5780616682964,-33.424353765845],[-70.5772727627686,-33.4251616903214],[-70.5772306482001,-33.4252106971866],[-70.5769084013549,-33.4255645876595],[-70.5768445536049,-33.4256308497051],[-70.5767065190163,-33.4257392339158],[-70.576606032235,-33.4258563430036],[-70.5764693199677,-33.4260054796586],[-70.5762741108835,-33.4262030553722],[-70.5761828363529,-33.4262952581359],[-70.5761378081319,-33.4263465265145],[-70.5760423976638,-33.4264425234816],[-70.5757351450821,-33.4267562355177],[-70.5756251328187,-33.4268713644824],[-70.5755287768252,-33.4269667021093],[-70.5754324207361,-33.4270620459776],[-70.5753637933934,-33.4271413509023],[-70.5753316283273,-33.4271821791117],[-70.575257377913,-33.4272764267649],[-70.5751542819586,-33.4274237479544],[-70.57510516949,-33.4275045868978],[-70.5750454135051,-33.4276185945318],[-70.5750023400182,-33.427722952494],[-70.5749432654218,-33.4278746961649],[-70.5749274294937,-33.4279315193553],[-70.5749090000495,-33.4280001715579],[-70.5748963663328,-33.4280652906907],[-70.5747902124659,-33.4286986992477],[-70.5747747782639,-33.4287797407531],[-70.5747530137411,-33.4288393095565],[-70.5747540206093,-33.4289098802273],[-70.5746481222946,-33.4295233564993],[-70.5746293132738,-33.42961139583],[-70.5746196851988,-33.4296918098526],[-70.5745694468836,-33.4300426459707],[-70.5745192082219,-33.4303934820612],[-70.5745101046197,-33.4305231326026],[-70.5744739763469,-33.4307250399362],[-70.5743944625276,-33.4311670972574],[-70.5743850266124,-33.431207427417],[-70.5748092256481,-33.4312210164649],[-70.5748121022754,-33.4311843084004],[-70.5750862948584,-33.4297243203488],[-70.5750929582268,-33.4296434885255],[-70.5752512536831,-33.4286956500136],[-70.5753237050352,-33.4282618236241],[-70.5753503794115,-33.4281259714887],[-70.575462566945,-33.4278053595957],[-70.5755297615072,-33.427666980615],[-70.5755937404841,-33.4275432694078],[-70.575620925862,-33.4275048843607],[-70.5757575947089,-33.4273539130163],[-70.5759201424001,-33.4271761526519],[-70.5764467408254,-33.4266296889196],[-70.5765102947671,-33.4265679409118],[-70.5770272606398,-33.4260324535974],[-70.5771031353319,-33.4259478366588],[-70.5771661097313,-33.425888231253],[-70.5774063069498,-33.4256407097714],[-70.5776465028142,-33.4253931878548],[-70.5777574734694,-33.4252750445285],[-70.5778621104028,-33.425173021829],[-70.5782938700669,-33.4247264662696],[-70.5786093897617,-33.4243990214312],[-70.5786583646705,-33.4243448954125],[-70.578948756847,-33.4240417937287],[-70.5793394009881,-33.4236195648946],[-70.5794326565132,-33.4235333950096],[-70.5805336511832,-33.4220950725501],[-70.5807042099232,-33.4218537541069],[-70.5807809939703,-33.4217493884164],[-70.5812426619281,-33.421125600656],[-70.5816873032437,-33.4205232739358],[-70.5817365247259,-33.4204464379533],[-70.5818034066515,-33.4203698113932],[-70.5818800820488,-33.4202712182075],[-70.5820075534515,-33.4200890077064],[-70.5821323403929,-33.4199190296186],[-70.5822030740834,-33.4198131926988],[-70.5822557217229,-33.4197303453282],[-70.5822941611089,-33.4196655491782],[-70.582358455854,-33.4195446028168],[-70.5824375812329,-33.41938077226],[-70.5824497227825,-33.4193556336532],[-70.5824843766821,-33.4192673855843],[-70.5826892399551,-33.4188543979099],[-70.5829642332088,-33.4189505219062],[-70.5831753405939,-33.4190242898215],[-70.5831909473102,-33.419029742433],[-70.5832180556367,-33.4190392156244],[-70.5833864483074,-33.4190980564643],[-70.5835821922029,-33.4191649241353],[-70.5836369250268,-33.4191836220535],[-70.5837002879784,-33.4192052669846],[-70.5839018813848,-33.4192734825506],[-70.5839685092,-33.4192990789953],[-70.5841586625711,-33.4193601326307],[-70.5845481282463,-33.4194662423924],[-70.5848996033072,-33.419562259625],[-70.5850768671621,-33.4196076050616],[-70.5851741951306,-33.4196255721123],[-70.585826911112,-33.419758263832],[-70.5860979758737,-33.4198133684153],[-70.5861568513608,-33.4198253368041],[-70.5865959757924,-33.4199146033821],[-70.5866695865284,-33.4199226962965],[-70.5871359617109,-33.4200207777036],[-70.5871712908344,-33.4200282076608],[-70.5873505328974,-33.4200659021415],[-70.5873635158926,-33.4200686326802],[-70.5882859148055,-33.4202626104952],[-70.589289146649,-33.4204641626184],[-70.5893673630151,-33.4204739011776],[-70.5894336615346,-33.420478343513],[-70.5898368774775,-33.4205608133059],[-70.5898868636542,-33.4205710369707],[-70.5903941063988,-33.420674781317],[-70.591443507088,-33.4208835255683],[-70.5924377704178,-33.4210901902668],[-70.592483635485,-33.4211115151156],[-70.5926221246025,-33.4211349187905],[-70.5930463916901,-33.4212223753335],[-70.5932006271707,-33.4212318419922],[-70.5934440786673,-33.4212353806606],[-70.5936745684906,-33.4212093617209],[-70.5934823541015,-33.4211030031251],[-70.5935006724267,-33.4210345563064],[-70.5927034826796,-33.4208699148523],[-70.59251519091,-33.4208349146314],[-70.5920317833388,-33.4207374131947],[-70.5915163632256,-33.4206334531624],[-70.5912863865623,-33.4205888285689],[-70.5912556856163,-33.4205828717353],[-70.5904763623364,-33.4204316485234],[-70.5894437962428,-33.4202123721656],[-70.5893697291413,-33.4202143161107],[-70.5892336445226,-33.4201869414184],[-70.5890530000373,-33.4201480600861],[-70.5890461635197,-33.4201465893022],[-70.5883631064967,-33.4199995681088],[-70.586740449783,-33.4196578906293],[-70.5866435296394,-33.4196548513591],[-70.5859151455457,-33.4195068461367],[-70.5852792260659,-33.4193776250715],[-70.5850844210126,-33.4193297868607],[-70.5847423976451,-33.4192336520706],[-70.5845143970148,-33.4191704413828],[-70.584346488015,-33.4191196845179],[-70.5840962950795,-33.4190488221544],[-70.5840107646318,-33.4190234671984],[-70.5839281714533,-33.4189868729108],[-70.5834497927867,-33.4188260120093],[-70.5834065925013,-33.4188114847804],[-70.5833850329613,-33.4188042359732],[-70.5832311286547,-33.4187524826104],[-70.582809043752,-33.4186118963072],[-70.5829857005457,-33.4182424879323],[-70.5830442995313,-33.4181228151719],[-70.5830711190671,-33.4180680458632],[-70.5832440466306,-33.4177148862942],[-70.583479444836,-33.4172341445566],[-70.5835712042411,-33.4170090594958],[-70.5836035574084,-33.416933216453],[-70.5837914229045,-33.4165747555741],[-70.5840007812533,-33.4161523589913],[-70.5841533098868,-33.4157679312446],[-70.58417902103,-33.4157031302531],[-70.5842123529299,-33.4156724666949],[-70.5842412573077,-33.4156311981198],[-70.584274007944,-33.4155685338377],[-70.5843207397334,-33.4154594544827],[-70.5843655191323,-33.4153592903965],[-70.5844000646974,-33.4152788215587],[-70.584432747404,-33.415206332548],[-70.5844939547532,-33.4151294695447],[-70.5845655119254,-33.4149874524686],[-70.5845942794671,-33.414938672326],[-70.5846152427865,-33.4149135037749],[-70.5846411441574,-33.4148882712293],[-70.5847599093033,-33.4147607143448],[-70.5847863045068,-33.4148345264364],[-70.5848073185608,-33.4148573170976],[-70.5848404236187,-33.4148842775858],[-70.5848716557845,-33.414902618755],[-70.5854788693349,-33.4150649400045],[-70.5857519206278,-33.415126619906],[-70.5858294566881,-33.4149570204575],[-70.5859046064062,-33.414792637959],[-70.5859957811524,-33.4145832461613],[-70.5861559833151,-33.4140011219425],[-70.5861115160217,-33.4139789615022],[-70.5856811358583,-33.4138853728424],[-70.5852171771701,-33.4137576397614],[-70.5852215008546,-33.4136930577894],[-70.5852392058456,-33.4136098648543],[-70.5852921925349,-33.413500877448],[-70.5853505472944,-33.4133849069931],[-70.5853517677493,-33.4133239549077],[-70.5854713164771,-33.4131273216693],[-70.5855292125846,-33.4130045426849],[-70.5855452927176,-33.4129716634364],[-70.5855505933337,-33.4129575918926],[-70.5855464553084,-33.4128854659532],[-70.585729568476,-33.4125505288486],[-70.5858197471743,-33.4123716807992],[-70.5860697271589,-33.4118758971908],[-70.5863303282636,-33.4112905507033],[-70.5863852690771,-33.411227140338],[-70.5866962404657,-33.4105447898679],[-70.586934285602,-33.410053692578],[-70.5872231488438,-33.4094577485709],[-70.5874168877409,-33.4090323130956],[-70.5874763733464,-33.4088412173511],[-70.5875226907783,-33.4086185759617],[-70.5875566146225,-33.4084066609457],[-70.5875785212676,-33.4082266255913],[-70.5875870727938,-33.4080044611978],[-70.5875584298057,-33.4078144996062],[-70.5875303682598,-33.4076562510219],[-70.5875030718386,-33.4075402862848],[-70.5874626130524,-33.4073927695203],[-70.5873958198593,-33.4071821433974],[-70.587317205529,-33.40701396756],[-70.5871222268901,-33.4066981286095],[-70.5868004260305,-33.4061645603665],[-70.5866966155485,-33.4059537868345],[-70.5866332609188,-33.4057946681989],[-70.5866165020799,-33.4057525789627],[-70.5865726540672,-33.4056051647003],[-70.5865344175168,-33.4054428785235],[-70.5865017028517,-33.4052607939188],[-70.5864804782632,-33.405005000017],[-70.5864726035873,-33.4046443685056],[-70.5864862037973,-33.4045251559559],[-70.5865083776523,-33.4043997715719],[-70.5865448908504,-33.4042302597404],[-70.586554554632,-33.404185399376],[-70.5861631675033,-33.4040840177439],[-70.5861626808044,-33.4040838616354],[-70.5852998765842,-33.403806936201],[-70.5849802105549,-33.4036525302687],[-70.5845673923153,-33.4034531273451],[-70.5837256583723,-33.4030004437828],[-70.5836342943077,-33.4029513071771],[-70.5835191020325,-33.4029029968347],[-70.5833091554805,-33.4028149476168],[-70.5833077231305,-33.4028143472341],[-70.5833063427723,-33.4028137678319],[-70.5822042273876,-33.4023515426996],[-70.5821552406801,-33.402330997613],[-70.5816561567187,-33.4021216770238],[-70.5813424860793,-33.4019923897319],[-70.5810889292617,-33.4018878792944],[-70.579674316258,-33.401304791243],[-70.5794372564828,-33.4012070755091],[-70.5777263881518,-33.4005018370088],[-70.5774172829323,-33.4003744168545],[-70.5766955775638,-33.4000769093381],[-70.5756136498178,-33.3996474284026],[-70.5755910344577,-33.3996384509789],[-70.574919072331,-33.3993717033483],[-70.5749087211591,-33.3993676943858],[-70.5740717576535,-33.3990435599534],[-70.5733951003129,-33.3987815025471],[-70.5721348333324,-33.3982934083736],[-70.572025657177,-33.3982511244797],[-70.5716516157638,-33.3981068777581],[-70.5698915156187,-33.3974280867806],[-70.5695968747053,-33.3973169629335],[-70.5688162962682,-33.397022563996],[-70.5687208001416,-33.3969865460291],[-70.5680957100236,-33.3967715877469],[-70.5672175213929,-33.3964695849643],[-70.5669890602926,-33.3963910177585],[-70.5662072955336,-33.3961229221113],[-70.5657854984828,-33.3959782699607],[-70.5653493472526,-33.3958286930038],[-70.5650462978038,-33.395724761753],[-70.5647493200919,-33.39562291129],[-70.564566567696,-33.3955594524752],[-70.5644318845079,-33.3955126846884],[-70.5632707392664,-33.3951094787541],[-70.5622501899611,-33.3947550823996],[-70.5616749647453,-33.3945553249393],[-70.5606294022143,-33.3941935226489],[-70.560478799531,-33.3941414079762],[-70.5584306117629,-33.3934326227854],[-70.5582531381411,-33.3933710632336],[-70.5581778576287,-33.3933449514309],[-70.5577075065509,-33.3931818015557],[-70.5558482755816,-33.3925368718646],[-70.5546631344058,-33.3921257500468],[-70.5534209357035,-33.3916804304017],[-70.5532374108007,-33.391614636576],[-70.5529347104198,-33.3915061173675],[-70.5508684049668,-33.3907149620425],[-70.5506112774383,-33.3906165092414],[-70.5502482495586,-33.3904897524109],[-70.5496381126369,-33.3902767094165],[-70.5484154297372,-33.3898052776365],[-70.5478332194468,-33.3895688203699],[-70.5477510673261,-33.3895354548899],[-70.5473760152244,-33.3893831295187],[-70.5469417696114,-33.3892067608353],[-70.5465300091094,-33.3890448628213],[-70.5460362269069,-33.3888690724183],[-70.5454524995593,-33.3886803702339],[-70.5448990506593,-33.3885014521325],[-70.5442229269183,-33.3882682706782],[-70.5438654570126,-33.3881268886906],[-70.5436002822181,-33.3880220098166],[-70.5431773988801,-33.3878547528534],[-70.5430247130102,-33.3877964747242],[-70.5417849122867,-33.3873232474094],[-70.5411613147094,-33.3870748015971],[-70.5407321913729,-33.386903833058],[-70.5403024691636,-33.3867302063647],[-70.5391945007247,-33.3862647827937],[-70.5388470014532,-33.3861188053947],[-70.5386244342543,-33.3860253088346],[-70.5379881633216,-33.3857648613174],[-70.5373620003427,-33.3855139404684],[-70.5367179107727,-33.3852803203927],[-70.5361056582776,-33.3850373546083],[-70.5360210156237,-33.38499422421],[-70.5354598965168,-33.384708301836],[-70.5347848120555,-33.3843289024789],[-70.5347556110552,-33.3843086941726],[-70.5344248962149,-33.3840798244908],[-70.5343144702792,-33.383995829473],[-70.5342555583113,-33.3839510187845],[-70.5342370519793,-33.3839369423957],[-70.5342187350609,-33.3839482120596],[-70.5341577339394,-33.3839857438353],[-70.5341086686178,-33.3840159321319],[-70.5339844976213,-33.3840923300455],[-70.5338713134343,-33.3841541831156],[-70.5338420711866,-33.3841644189702]]]},"properties":{"ZONA":"AV","NOMBRE":"AV Zona de Áreas Verdes"}},{"type":"Feature","geometry":{"type":"Polygon","coordinates":[[[-70.5979027240525,-33.414393422897],[-70.5979485063916,-33.414752012811],[-70.5979637665191,-33.414877900442],[-70.597956137518,-33.4149427525376],[-70.597925619908,-33.4150495662574],[-70.5990014217891,-33.4153356683782],[-70.5990395692377,-33.4151182258535],[-70.5990548255159,-33.4147100438347],[-70.5990166740526,-33.4143857864113],[-70.5990090421667,-33.4142446397771],[-70.5979027240525,-33.414393422897]]]},"properties":{"ZONA":"AV","NOMBRE":"AV Zona de Áreas Verdes"}},{"type":"Feature","geometry":{"type":"Polygon","coordinates":[[[-70.5955022871428,-33.4158169884112],[-70.5954852432623,-33.4158725462933],[-70.5952862035236,-33.4165213425671],[-70.5957206254333,-33.4166060137364],[-70.5961249985383,-33.4166899382665],[-70.5962661473854,-33.4162302546731],[-70.596328724404,-33.4160264589372],[-70.5963402709362,-33.415988854262],[-70.5963432902918,-33.415979022335],[-70.5964072959149,-33.4157705709165],[-70.5959876586072,-33.4156828322688],[-70.5955680186721,-33.4156027244805],[-70.5955113713047,-33.4157873760133],[-70.5955022871428,-33.4158169884112]]]},"properties":{"ZONA":"UEe1/Ee1","NOMBRE":"UEe1/Ee1 Zona Especial 1 Equipamientos Intercomunales y Comunal/ Edificación Especial N°1, Equipam"}},{"type":"Feature","geometry":{"type":"Polygon","coordinates":[[[-70.6023890372674,-33.4139203625403],[-70.6023887167506,-33.4140311204834],[-70.6023817770559,-33.4141001222718],[-70.6023622710268,-33.4141555072242],[-70.602322249647,-33.4142111572063],[-70.6022739596608,-33.4142634680702],[-70.6022054662681,-33.4143332650024],[-70.6024961000877,-33.4141928241853],[-70.6027068943795,-33.4140959243178],[-70.6031467325819,-33.4139136485125],[-70.603421007415,-33.4138882398837],[-70.603577329928,-33.4138828541738],[-70.6037763872966,-33.4139053623617],[-70.6038970156146,-33.4139460274746],[-70.6039473439106,-33.4139629940497],[-70.6041183007423,-33.4140206254946],[-70.6043892628995,-33.4141272676327],[-70.6044652196918,-33.4141571621938],[-70.6047979161932,-33.4143298444895],[-70.6050748061443,-33.4144877220359],[-70.6053214006283,-33.4146088470892],[-70.6054629945368,-33.4146927222691],[-70.6056927443851,-33.4148320751883],[-70.605437967414,-33.4144912024254],[-70.6045871129088,-33.4133527984657],[-70.6044814696764,-33.4133944240336],[-70.6038227621437,-33.4136554208449],[-70.6036831430202,-33.4137313166066],[-70.6036358944742,-33.4137490236367],[-70.6035349412687,-33.413758954915],[-70.6026862817368,-33.4138472852438],[-70.602610281577,-33.4138583570209],[-70.6024904167791,-33.4138834518113],[-70.6023890372674,-33.4139203625403]]]},"properties":{"ZONA":"AV","NOMBRE":"AV Zona de Áreas Verdes"}},{"type":"Feature","geometry":{"type":"Polygon","coordinates":[[[-70.6033898228801,-33.4114645759746],[-70.6031819459515,-33.4111367276049],[-70.6031697033434,-33.4111174187634],[-70.6022747408232,-33.4097059153325],[-70.6020293678794,-33.4095423924594],[-70.6024118973528,-33.4105633501889],[-70.6027705057672,-33.4115437478416],[-70.6029061780831,-33.411479739856],[-70.6030010989687,-33.4114591371797],[-70.6030862901169,-33.4114592473409],[-70.603184564726,-33.4114640312094],[-70.6032754353025,-33.4114863495449],[-70.6033898228801,-33.4114645759746]]]},"properties":{"ZONA":"AV","NOMBRE":"AV Zona de Áreas Verdes"}},{"type":"Feature","geometry":{"type":"Polygon","coordinates":[[[-70.600744061474,-33.4086553860004],[-70.6007899132811,-33.4086547942799],[-70.6008601346806,-33.408648754769],[-70.6009332585555,-33.4086349931895],[-70.6009909133622,-33.4086111646926],[-70.6010335227722,-33.408600358119],[-70.6011222493562,-33.4085635776179],[-70.601156568084,-33.408525343978],[-70.601175425589,-33.4085013776915],[-70.6011941574661,-33.4084749609242],[-70.6012126658485,-33.4084456827992],[-70.6012323241477,-33.4084100417844],[-70.601244750948,-33.4083840626266],[-70.6012462960054,-33.4083808321356],[-70.6012628236267,-33.408340127122],[-70.6012809415026,-33.4082435209404],[-70.6012912067266,-33.4081512646898],[-70.6012908825412,-33.4081379360898],[-70.600781940763,-33.4081081321046],[-70.6007639152857,-33.4081066494259],[-70.6006228582428,-33.4080950467067],[-70.6005458398027,-33.4080932024256],[-70.6001245340688,-33.4080831118293],[-70.6000354821069,-33.408080978755],[-70.6000259669482,-33.4080807506757],[-70.6000283713361,-33.4080948839454],[-70.6000494685415,-33.4081610809543],[-70.600079115635,-33.4082274048537],[-70.6001173559588,-33.408295983418],[-70.6001656886984,-33.4083566840769],[-70.6001747448181,-33.4083680566797],[-70.6002299204657,-33.4084318444111],[-70.6003083284547,-33.4085043318406],[-70.6003662880055,-33.4085495814637],[-70.600432863927,-33.4085719060685],[-70.6005158078398,-33.4086135018668],[-70.6005649956093,-33.4086276447176],[-70.6006377127246,-33.4086447548972],[-70.600744061474,-33.4086553860004]]]},"properties":{"ZONA":"AV","NOMBRE":"AV Zona de Áreas Verdes"}},{"type":"Feature","geometry":{"type":"Polygon","coordinates":[[[-70.5808446054901,-33.423082633162],[-70.5810074485274,-33.4231175633946],[-70.5811454347195,-33.4226669799312],[-70.5812220975991,-33.4224291729098],[-70.5811728104798,-33.4224885922853],[-70.5811235232941,-33.4225480116427],[-70.580754994873,-33.4230280344558],[-70.5808446054901,-33.423082633162]]]},"properties":{"ZONA":"AV","NOMBRE":"AV Zona de Áreas Verdes"}},{"type":"Feature","geometry":{"type":"Polygon","coordinates":[[[-70.5611164976568,-33.413010610715],[-70.5612866806213,-33.4135524191877],[-70.561346813551,-33.4135405461069],[-70.5614974149728,-33.4135096802773],[-70.5613237923059,-33.4129639950884],[-70.5611164976568,-33.413010610715]]]},"properties":{"ZONA":"AV","NOMBRE":"AV Zona de Áreas Verdes"}},{"type":"Feature","geometry":{"type":"Polygon","coordinates":[[[-70.5618374770467,-33.4108266131248],[-70.5620600924969,-33.4109833967886],[-70.5621802401225,-33.41109828934],[-70.5622613810184,-33.4111758217205],[-70.5623081247188,-33.4112312330494],[-70.5624326788922,-33.4113878072287],[-70.5624238094952,-33.4113453572742],[-70.562420683383,-33.4112841063581],[-70.5624292038378,-33.411193768529],[-70.5624400578519,-33.4111204281395],[-70.5624788108525,-33.4110194915764],[-70.562511750958,-33.4109339514762],[-70.5625496012156,-33.4108401986369],[-70.5624055346796,-33.4108910259681],[-70.5623145395113,-33.4109057872717],[-70.5622133256519,-33.4109155790782],[-70.5620571230135,-33.4109124400288],[-70.5619695233118,-33.4108897019832],[-70.5618999832025,-33.4108565320913],[-70.5618374770467,-33.4108266131248]]]},"properties":{"ZONA":"AV","NOMBRE":"AV Zona de Áreas Verdes"}},{"type":"Feature","geometry":{"type":"Polygon","coordinates":[[[-70.5563203162243,-33.4087096405686],[-70.5564553224794,-33.4085124010655],[-70.5564627988732,-33.4085014778819],[-70.5564749744791,-33.4084836894979],[-70.5568794360164,-33.4078927760989],[-70.5568900717946,-33.4078059950027],[-70.5568578981821,-33.407760639118],[-70.5555618409862,-33.4079831286069],[-70.5556119816587,-33.4080338753168],[-70.5556649747285,-33.4080818229745],[-70.5557454001947,-33.4081677189672],[-70.5561115122386,-33.4085148874495],[-70.5563203162243,-33.4087096405686]]]},"properties":{"ZONA":"AV","NOMBRE":"AV Zona de Áreas Verdes"}},{"type":"Feature","geometry":{"type":"Polygon","coordinates":[[[-70.5393244454307,-33.39252547834],[-70.5394135320853,-33.3926537337309],[-70.540090352199,-33.3923160323892],[-70.5408682161657,-33.3919183142929],[-70.5407869391802,-33.3917940384406],[-70.5399979478215,-33.3921853169321],[-70.5393244454307,-33.39252547834]]]},"properties":{"ZONA":"AV","NOMBRE":"AV Zona de Áreas Verdes"}},{"type":"Feature","geometry":{"type":"Polygon","coordinates":[[[-70.5366200420231,-33.3904293034445],[-70.5367344900479,-33.3904750808609],[-70.5367726375772,-33.3903835258223],[-70.5367208078717,-33.390159427068],[-70.5367028075335,-33.390025641065],[-70.5367039662614,-33.3899600845981],[-70.5366109639706,-33.3899446882994],[-70.5365589062437,-33.3899364389114],[-70.5365283324913,-33.3899356144538],[-70.5365126319829,-33.3899389139573],[-70.5364985855319,-33.3899463396935],[-70.5364750723757,-33.3899600855956],[-70.5360935850859,-33.3901813455521],[-70.5360478061894,-33.3902118646088],[-70.5360096571429,-33.3902423829893],[-70.5359791385918,-33.3902690867587],[-70.5359562500233,-33.3903148640406],[-70.5360783268656,-33.3903377524143],[-70.536162253932,-33.3903491959132],[-70.5363148500193,-33.3903682692423],[-70.5364521869467,-33.3903835271128],[-70.5366200420231,-33.3904293034445]]]},"properties":{"ZONA":"AV","NOMBRE":"AV Zona de Áreas Verdes"}},{"type":"Feature","geometry":{"type":"Polygon","coordinates":[[[-70.541802962127,-33.4009559206019],[-70.5425687480642,-33.4009888664158],[-70.542578997264,-33.4007978579457],[-70.5422127678884,-33.4007864159928],[-70.5418160185388,-33.4007635290128],[-70.541802962127,-33.4009559206019]]]},"properties":{"ZONA":"AV","NOMBRE":"AV Zona de Áreas Verdes"}},{"type":"Feature","geometry":{"type":"Polygon","coordinates":[[[-70.5542678360669,-33.4008206762842],[-70.5549621533774,-33.4013471112511],[-70.5550989932478,-33.4013023859736],[-70.5551661804296,-33.4012571863636],[-70.555199264962,-33.4012060805619],[-70.5552245155062,-33.4011392311052],[-70.5552308829891,-33.4010726192714],[-70.5552252428726,-33.4009681378731],[-70.5552019601797,-33.4008570524595],[-70.5551988660899,-33.4008422901225],[-70.555122374432,-33.4004773378034],[-70.5546951055839,-33.4006490082153],[-70.5542678360669,-33.4008206762842]]]},"properties":{"ZONA":"AV","NOMBRE":"AV Zona de Áreas Verdes"}},{"type":"Feature","geometry":{"type":"Polygon","coordinates":[[[-70.5533191797552,-33.4011717799587],[-70.5535200427935,-33.4012906805869],[-70.5535289065532,-33.40125918979],[-70.5535318290423,-33.4012397418174],[-70.5535314540243,-33.4012177071534],[-70.5535084971618,-33.4011199177651],[-70.553493193314,-33.4010771345466],[-70.5534732971728,-33.4010496311235],[-70.5534380972912,-33.4010160154122],[-70.5533952454547,-33.4009839285413],[-70.5533251678507,-33.4009451815047],[-70.5532712480257,-33.4010295868979],[-70.5532561841032,-33.4010596663564],[-70.5532534461411,-33.4010760736876],[-70.5532534463428,-33.4010938473058],[-70.5532616619004,-33.401112988978],[-70.5532753567555,-33.4011321296842],[-70.5532917902291,-33.4011512721732],[-70.5533191797552,-33.4011717799587]]]},"properties":{"ZONA":"AV","NOMBRE":"AV Zona de Áreas Verdes"}},{"type":"Feature","geometry":{"type":"Polygon","coordinates":[[[-70.5517176203398,-33.4043058724454],[-70.5517416503357,-33.4043520188279],[-70.5518617569196,-33.4043086805584],[-70.551954295553,-33.4042737847584],[-70.5517439817546,-33.4038768610381],[-70.5517197077839,-33.4038323455379],[-70.5515347996384,-33.403900787236],[-70.5515540151252,-33.4039426785342],[-70.5516873919633,-33.4042030286593],[-70.5517176203398,-33.4043058724454]]]},"properties":{"ZONA":"AV","NOMBRE":"AV Zona de Áreas Verdes"}},{"type":"Feature","geometry":{"type":"Polygon","coordinates":[[[-70.5509013160894,-33.4031167417318],[-70.5511457896763,-33.4035850242932],[-70.5513375820156,-33.4035126353754],[-70.5513990581149,-33.403483415075],[-70.5511549012672,-33.403014197454],[-70.550987046338,-33.40308286429],[-70.5509013160894,-33.4031167417318]]]},"properties":{"ZONA":"AV","NOMBRE":"AV Zona de Áreas Verdes"}},{"type":"Feature","geometry":{"type":"Polygon","coordinates":[[[-70.5520970614694,-33.403221823829],[-70.5523113683448,-33.4036119006968],[-70.5523866498768,-33.4035833783442],[-70.5524519703865,-33.4035558905677],[-70.5522535914755,-33.4031591520042],[-70.5520970614694,-33.403221823829]]]},"properties":{"ZONA":"AV","NOMBRE":"AV Zona de Áreas Verdes"}},{"type":"Feature","geometry":{"type":"Polygon","coordinates":[[[-70.5505388953524,-33.4042459768404],[-70.5505655930002,-33.4042567539085],[-70.550680356519,-33.4042156209401],[-70.5507057688033,-33.4042062838956],[-70.550506663954,-33.4038262501632],[-70.5503432002487,-33.4038879458964],[-70.5505292333779,-33.4042349787215],[-70.5505388953524,-33.4042459768404]]]},"properties":{"ZONA":"AV","NOMBRE":"AV Zona de Áreas Verdes"}},{"type":"Feature","geometry":{"type":"Polygon","coordinates":[[[-70.542304604206,-33.4158630134929],[-70.5423312689166,-33.4158678251568],[-70.542361900195,-33.4158657307403],[-70.5424123066758,-33.4158256661033],[-70.5424218906631,-33.4157895415454],[-70.5424194526994,-33.4157672808898],[-70.5424006918173,-33.4157469385351],[-70.5423321437775,-33.4156860648755],[-70.5421268941827,-33.4155257270216],[-70.5421026381851,-33.4155414592209],[-70.5420765786227,-33.4155709327501],[-70.5420527165989,-33.4156089519192],[-70.5420013267889,-33.4157090385011],[-70.5419663193648,-33.4158106367103],[-70.542304604206,-33.4158630134929]]]},"properties":{"ZONA":"AV","NOMBRE":"AV Zona de Áreas Verdes"}},{"type":"Feature","geometry":{"type":"Polygon","coordinates":[[[-70.536378644179,-33.4097812216943],[-70.5375074471373,-33.410120928024],[-70.5366831122782,-33.4121631450773],[-70.5364905215643,-33.4121125517596],[-70.5355825744252,-33.4118722253898],[-70.5354306949225,-33.4122787383781],[-70.5354053513584,-33.412342494504],[-70.5353130398569,-33.4125747243624],[-70.5351428663463,-33.4130028291512],[-70.5348425014079,-33.4138101410265],[-70.5345220568508,-33.4146341376955],[-70.5343007924558,-33.4150881035421],[-70.5343176191355,-33.4150940947048],[-70.5343258692489,-33.4151016583674],[-70.5343295298092,-33.4151075842292],[-70.5343306635357,-33.4151143854798],[-70.5343288743931,-33.4151280372607],[-70.5343241977026,-33.4151544606774],[-70.5343023145645,-33.4152197619268],[-70.534268514954,-33.4153221160552],[-70.5342171187884,-33.4154949824785],[-70.5341841736788,-33.4156294841542],[-70.5342355120892,-33.4156292928332],[-70.5342768478254,-33.4156262067355],[-70.5347434950959,-33.4155693526718],[-70.5348779190088,-33.4155529746934],[-70.5353203378128,-33.4154894623296],[-70.5357341296219,-33.4154288036796],[-70.5357077607324,-33.4152239216343],[-70.5363613179069,-33.415136714086],[-70.5363835818583,-33.4152653648279],[-70.5364298825661,-33.4155401465101],[-70.5362956365616,-33.4155650184781],[-70.5363009112224,-33.415622221452],[-70.5358954338309,-33.4161125380195],[-70.535560201531,-33.4161037905684],[-70.5354258813807,-33.4161011768766],[-70.5354227078461,-33.4161011151559],[-70.5350499357994,-33.4160938609478],[-70.5343506428268,-33.4160946946514],[-70.5340830098962,-33.4160950128411],[-70.5339973098993,-33.4160938019415],[-70.5338561277065,-33.41673479584],[-70.5336486338357,-33.4173788903076],[-70.5332435047517,-33.4187896853104],[-70.5331613473826,-33.4189720483392],[-70.5330280655519,-33.4191598149377],[-70.532545437687,-33.4195895458111],[-70.5313344987075,-33.420588564035],[-70.529630364648,-33.4219555477453],[-70.5296336434713,-33.4220522243143],[-70.5296744490842,-33.4220590142747],[-70.5297103494656,-33.4220735313441],[-70.5297335199912,-33.422088205421],[-70.5304859628519,-33.4227253232165],[-70.5309666472369,-33.4231335030115],[-70.5315083665425,-33.4235950894527],[-70.5318517100242,-33.4239040844193],[-70.5317143732367,-33.4239117148908],[-70.5296390756355,-33.423984210115],[-70.5296619692996,-33.4249760534274],[-70.5296696059515,-33.4257886024659],[-70.5296772394217,-33.4262044138326],[-70.5297077644943,-33.4271199636768],[-70.5318441077597,-33.4270932465431],[-70.5320806302874,-33.4270932448515],[-70.5330877634009,-33.4270894243796],[-70.5340567465365,-33.4270741596612],[-70.5346060914534,-33.4270665268314],[-70.5353995898732,-33.4270703363324],[-70.5374062211295,-33.4270588797393],[-70.5374574779275,-33.4270624026955],[-70.5383737974815,-33.427057681964],[-70.5383877116792,-33.426847676607],[-70.5383488322967,-33.4266412797034],[-70.5383222956758,-33.4265130208217],[-70.5383204896334,-33.426504290799],[-70.5382640562186,-33.4262315291305],[-70.5381505397525,-33.4257801368134],[-70.5376351066623,-33.4257847394761],[-70.5368873876031,-33.4257923740447],[-70.5366432347363,-33.4257923756893],[-70.5361320380027,-33.4257961936224],[-70.5353843195639,-33.4258038272341],[-70.5352012037698,-33.4258038287862],[-70.5347128945683,-33.4258038313068],[-70.5347035351772,-33.4256198908169],[-70.5347829504765,-33.4256272672289],[-70.5349298943708,-33.4256221604324],[-70.5351983610038,-33.4256155500554],[-70.5359958315407,-33.4255908796415],[-70.5366348918657,-33.4255726059414],[-70.5370206903339,-33.4255650310297],[-70.5376790258419,-33.4255437191301],[-70.5381268865765,-33.4255313634239],[-70.5380657630126,-33.4254444439272],[-70.5380396472767,-33.4252805477422],[-70.538034991558,-33.4252428767007],[-70.5379810071156,-33.4249014105784],[-70.5379754051893,-33.4248642382639],[-70.5379700231196,-33.4248283718028],[-70.5379550729277,-33.4247318106262],[-70.5379544841973,-33.4247280058183],[-70.5379489360197,-33.4246921720781],[-70.5379262860055,-33.4245292474423],[-70.537920063942,-33.4244878278967],[-70.5379162137457,-33.424447465663],[-70.5379033458051,-33.4243043712787],[-70.5378970418259,-33.4242438525183],[-70.53789900022,-33.4242359190301],[-70.5379031002368,-33.4242314779929],[-70.5379114269688,-33.4242287431429],[-70.5378238051315,-33.4237348624166],[-70.5378581245686,-33.4237335340963],[-70.5379203416739,-33.4237311239051],[-70.5379588600243,-33.4237242557443],[-70.5380165770969,-33.4237056788776],[-70.5377800465004,-33.4227176501284],[-70.5377383657455,-33.4225153900935],[-70.5377362628386,-33.4225051856072],[-70.5376503346184,-33.4220882112057],[-70.5376427043083,-33.421969952713],[-70.5377037379422,-33.4214664013753],[-70.537780029277,-33.4207225167239],[-70.5378410646889,-33.4202952606703],[-70.5378944685159,-33.4198145970642],[-70.5379472258682,-33.4194400113916],[-70.5379513366715,-33.4194108235071],[-70.5379707618601,-33.4192728974725],[-70.5379913888275,-33.419172936963],[-70.5379926886952,-33.4191666358641],[-70.5380699449215,-33.4187922333109],[-70.5381386118721,-33.4185671606339],[-70.5382301665097,-33.4182848658686],[-70.5384666852945,-33.4177012024036],[-70.5386045918247,-33.4173648230272],[-70.5386101884027,-33.4173511717648],[-70.5386316168386,-33.4172989026586],[-70.5389686630365,-33.4165569901442],[-70.5390023726785,-33.4164831677268],[-70.5390060862107,-33.4163866906119],[-70.5390393656399,-33.4163464538457],[-70.539391786078,-33.4152902689851],[-70.5396315737241,-33.4147468050048],[-70.5399098457929,-33.4142151234085],[-70.5401737802745,-33.4137935293164],[-70.540326395317,-33.4135700608061],[-70.5406002728006,-33.4131690316598],[-70.5406433579382,-33.4130777218483],[-70.5408161842547,-33.4127493503018],[-70.541266766894,-33.4116776373899],[-70.5413049151399,-33.4115937117062],[-70.5414346183942,-33.4112732685043],[-70.5414727666318,-33.4111740843924],[-70.540218057905,-33.410814754938],[-70.5402443679338,-33.4106667234274],[-70.5397179067975,-33.4104950622709],[-70.5391685628709,-33.4103195856833],[-70.5386827411208,-33.410167775019],[-70.5386516107421,-33.4101580469351],[-70.538436100942,-33.4100907031287],[-70.5376044509753,-33.4098160431423],[-70.5370856235123,-33.409663456527],[-70.5364981284449,-33.4094612751412],[-70.5364904988538,-33.4094841638988],[-70.536378644179,-33.4097812216943]],[[-70.5355139723972,-33.4191622858654],[-70.5353993759242,-33.4191251821319],[-70.5359236611374,-33.4173947004615],[-70.5360404063852,-33.417418920386],[-70.5361669600191,-33.4174465864303],[-70.5356377648483,-33.4191845944375],[-70.5355139723972,-33.4191622858654]],[[-70.5343720636448,-33.4189098704924],[-70.5344175672299,-33.4187268833705],[-70.5347442988575,-33.4187958471574],[-70.5346889981431,-33.4189737934347],[-70.5343720636448,-33.4189098704924]],[[-70.5357052055102,-33.4207258877255],[-70.5358113278043,-33.4198595224784],[-70.5366050363175,-33.4200282328937],[-70.5366020263504,-33.4200614518891],[-70.536602108907,-33.4206194640412],[-70.5366050421496,-33.4207225242768],[-70.5357052055102,-33.4207258877255]],[[-70.5323988244875,-33.4206700877841],[-70.5325509135038,-33.420551249531],[-70.5327172096734,-33.4207010351734],[-70.5325718428157,-33.4208207600488],[-70.5323988244875,-33.4206700877841]],[[-70.5354563255086,-33.422805917564],[-70.5354539181959,-33.4226692569596],[-70.5354532371003,-33.4221791767682],[-70.5354540643605,-33.4215490560069],[-70.535454918493,-33.4213723526155],[-70.5355750228053,-33.4213748562719],[-70.5357097166848,-33.4213733742573],[-70.5357110227423,-33.4214475423161],[-70.5357064446162,-33.4221435408109],[-70.5356998688659,-33.4227265227296],[-70.5357013637187,-33.4228112860517],[-70.5355777719957,-33.4228128876547],[-70.5354563255086,-33.422805917564]],[[-70.5371307362985,-33.4242836442341],[-70.5371334962206,-33.4242737699667],[-70.5371392447171,-33.4242675418022],[-70.5371636760773,-33.4242635846934],[-70.5374581699177,-33.4242500877446],[-70.5374699152848,-33.4242511722533],[-70.5374788010783,-33.4242559888855],[-70.5374864803836,-33.4242755801113],[-70.5374989585336,-33.4244599830975],[-70.5371413218526,-33.4244681068003],[-70.5371307362985,-33.4242836442341]],[[-70.5359238509819,-33.4245020054516],[-70.535913761476,-33.4244951582242],[-70.5359086259423,-33.4244868553852],[-70.5358954455974,-33.4243113053032],[-70.5359069519104,-33.424304191517],[-70.5359301374605,-33.4242997206947],[-70.5359998991776,-33.4242974624213],[-70.5360181947642,-33.4242986300759],[-70.536038652482,-33.4243276596887],[-70.5360482665866,-33.4244963024793],[-70.5359404928378,-33.4245031935984],[-70.5359238509819,-33.4245020054516]],[[-70.5351445643055,-33.4243201244878],[-70.5354001593385,-33.4243122815183],[-70.5354075833844,-33.4244500695171],[-70.5351482274201,-33.4244599584606],[-70.5351445643055,-33.4243201244878]],[[-70.5343937772031,-33.4243464130692],[-70.5346375696146,-33.4243388656018],[-70.5346483541432,-33.4246360101028],[-70.5344154367119,-33.4246424706994],[-70.5343937772031,-33.4243464130692]],[[-70.533637084062,-33.4243580330453],[-70.5338964969107,-33.4243504029869],[-70.5339117593508,-33.4246594002087],[-70.5336599763672,-33.4246670315532],[-70.533637084062,-33.4243580330453]],[[-70.5323476501372,-33.4244114484179],[-70.5331059382243,-33.4243805107227],[-70.5331129188253,-33.424379930214],[-70.5331204796299,-33.4243810912161],[-70.5331268788599,-33.424384575309],[-70.5331321133019,-33.4243892209522],[-70.5331350225078,-33.4243938673834],[-70.5331373482168,-33.4244002552823],[-70.5331390015058,-33.4244060797221],[-70.5331666303965,-33.4249706225053],[-70.5331734568186,-33.4250069637588],[-70.5331869330336,-33.4250561426771],[-70.5323476501372,-33.4244114484179]],[[-70.5315083757167,-33.424686117766],[-70.5324184828778,-33.4254069586327],[-70.5319975279387,-33.4257584512969],[-70.5311345254621,-33.4257695197497],[-70.5311192596221,-33.4250408956373],[-70.5311192541225,-33.4245640469013],[-70.5315083757167,-33.424686117766]],[[-70.5302612742031,-33.4245818055304],[-70.5306108865302,-33.4245745140659],[-70.5306126721578,-33.4249592549195],[-70.5302628836169,-33.4249649892916],[-70.5302612742031,-33.4245818055304]],[[-70.5302876153489,-33.4253880461274],[-70.5303028748557,-33.4253880463158],[-70.5306080667491,-33.4253842294368],[-70.530615696775,-33.4253880438765],[-70.5306233257421,-33.4253918592307],[-70.5306233265879,-33.4254033036781],[-70.5306233261132,-33.4254261916979],[-70.5306233288898,-33.4257695226847],[-70.5302723590941,-33.4257733399551],[-70.5302647266187,-33.425410935203],[-70.53026472582,-33.4253994907542],[-70.5302723563752,-33.4253956755697],[-70.5302876153489,-33.4253880461274]],[[-70.5351612693894,-33.424845029455],[-70.5354259834452,-33.424834213765],[-70.535439180578,-33.425152282693],[-70.5351765672131,-33.4251571779444],[-70.5351612693894,-33.424845029455]],[[-70.5359844057518,-33.4251423925383],[-70.5359702311356,-33.4251399292918],[-70.5359446721773,-33.4251297122675],[-70.5359381315351,-33.4251180872919],[-70.5359350372076,-33.4250862110297],[-70.5359302855839,-33.4249607353851],[-70.5359312556544,-33.4249436973877],[-70.5359361789655,-33.4249351265769],[-70.535952520096,-33.4249274803377],[-70.5360639752627,-33.424921837753],[-70.5360730210208,-33.4250945350567],[-70.5360709582248,-33.4251110220325],[-70.536067174765,-33.4251189708846],[-70.5360516760865,-33.4251303610963],[-70.536035307153,-33.4251364916873],[-70.5360157784591,-33.4251413465185],[-70.535996968034,-33.4251428943936],[-70.5359844057518,-33.4251423925383]],[[-70.537176543347,-33.42509026518],[-70.5371712718881,-33.4250776162747],[-70.5371695240307,-33.4250500928118],[-70.5371719752718,-33.4248887300275],[-70.5375111884669,-33.4248827086606],[-70.5375209981382,-33.4250806958684],[-70.5375147369649,-33.4250839561135],[-70.5375034544678,-33.4250883292641],[-70.5374845635984,-33.4250906801041],[-70.5372145565974,-33.4250982677521],[-70.537176543347,-33.42509026518]],[[-70.5313252773534,-33.4265782534778],[-70.5311803112044,-33.4265782542033],[-70.5311497922599,-33.4265706253119],[-70.5311421590118,-33.4261929614527],[-70.5315007591433,-33.4261891439589],[-70.5315083917924,-33.4265668077787],[-70.531439724077,-33.4265782525034],[-70.5313252773534,-33.4265782534778]],[[-70.5326385681307,-33.4265680855985],[-70.5326345671244,-33.4262765847035],[-70.5330786245589,-33.4262710950113],[-70.533081307698,-33.4264873754933],[-70.5330823587695,-33.426567401507],[-70.5326385681307,-33.4265680855985]],[[-70.5335910687461,-33.4265638459816],[-70.5335886448421,-33.4265535317617],[-70.5335872226177,-33.426472670729],[-70.5335893232681,-33.4262732678233],[-70.5338707771711,-33.4262697869175],[-70.5340469087391,-33.4262723105046],[-70.5340478617114,-33.4265177573451],[-70.5340414796131,-33.4265667921993],[-70.5335910687461,-33.4265638459816]],[[-70.5358975815676,-33.4265556746278],[-70.5358933813255,-33.4262595265549],[-70.5361367034049,-33.4262569185943],[-70.5361410323872,-33.4265528792704],[-70.5358975815676,-33.4265556746278]],[[-70.5366446971691,-33.4265548524303],[-70.536640793128,-33.426247338378],[-70.5368892764515,-33.4262488107794],[-70.5368938615797,-33.4265542159665],[-70.5366446971691,-33.4265548524303]],[[-70.5373953398525,-33.4262833484604],[-70.5373953889114,-33.4262691121929],[-70.5373975793199,-33.4262598149498],[-70.5374222772224,-33.4262465447084],[-70.537642636297,-33.426236358872],[-70.5376526439146,-33.4265098804865],[-70.5376521415437,-33.4265168886573],[-70.5376511397308,-33.4265253991853],[-70.5376488823121,-33.4265329079982],[-70.5376443702468,-33.4265396664728],[-70.5376398584695,-33.4265446726546],[-70.5376343436068,-33.4265481761702],[-70.5376300808643,-33.426549678293],[-70.5376246360179,-33.4265506873326],[-70.5374041837466,-33.4265549617942],[-70.5373953398525,-33.4262833484604]],[[-70.5351376102908,-33.4265480234858],[-70.5351346321036,-33.4262633497567],[-70.5353885567016,-33.4262629937959],[-70.5353954616163,-33.4265457241068],[-70.5351376102908,-33.4265480234858]],[[-70.5303028852053,-33.4265897043117],[-70.5302952553388,-33.4265897037699],[-70.5302876257555,-33.4265782596694],[-70.5302876249475,-33.4265668152228],[-70.5302799922058,-33.4262044105202],[-70.5306385924913,-33.4262005937144],[-70.5306385957993,-33.426562998747],[-70.530638595578,-33.4265744432056],[-70.5306385958627,-33.4265782580207],[-70.5306309665668,-33.4265858871297],[-70.530615706852,-33.4265858869877],[-70.5303181449065,-33.4265897035906],[-70.5303028852053,-33.4265897043117]]]},"properties":{"ZONA":"UC3/EAb3","NOMBRE":"UC3/EAb3 Zona de Uso de Taller y Comercio Menor/ Edificación Aislada Baja Nº3"}},{"type":"Feature","geometry":{"type":"Polygon","coordinates":[[[-70.523176393315,-33.4271903132192],[-70.5234293038321,-33.4271969790005],[-70.5258771446725,-33.4271897187781],[-70.526032941684,-33.4271837596038],[-70.5261245189334,-33.4271802562796],[-70.5262675016994,-33.4271780970757],[-70.5262422687178,-33.4256976732795],[-70.5262180223669,-33.4250791019684],[-70.5262165606598,-33.4250417987271],[-70.5296619692996,-33.4249760534274],[-70.5296390756355,-33.423984210115],[-70.5317143732367,-33.4239117148908],[-70.5318517100242,-33.4239040844193],[-70.5315083665425,-33.4235950894527],[-70.5309666472369,-33.4231335030115],[-70.5304859628519,-33.4227253232165],[-70.5297335199912,-33.422088205421],[-70.5297103494656,-33.4220735313441],[-70.5296744490842,-33.4220590142747],[-70.5296336434713,-33.4220522243143],[-70.529630364648,-33.4219555477453],[-70.5276912327312,-33.42342700234],[-70.5267112415611,-33.4238038531022],[-70.5260452732634,-33.4240347677706],[-70.5256706423502,-33.4243428052795],[-70.5247333141115,-33.4251739744501],[-70.5241170527455,-33.4258150720223],[-70.523176393315,-33.4271903132192]]]},"properties":{"ZONA":"UC3/EAm2","NOMBRE":"UC3/EAm2 Zona de Uso de Taller y Comercio Menor/ Edificación Aislada Media Nº2"}},{"type":"Feature","geometry":{"type":"Polygon","coordinates":[[[-70.5295525829068,-33.4158891687567],[-70.5295500103506,-33.4159663095577],[-70.5295416007315,-33.4162184352396],[-70.5295829655172,-33.4163136294398],[-70.5296161174507,-33.4164767088507],[-70.5296161205489,-33.4169225942145],[-70.5296161252663,-33.4175334044047],[-70.5296289200077,-33.4184540577002],[-70.5296237644723,-33.4185099890649],[-70.5296237654826,-33.4185604529503],[-70.5296237653438,-33.4185887755394],[-70.5296237660492,-33.4186091744673],[-70.5296237667509,-33.4187846545514],[-70.5296213434548,-33.4190175329811],[-70.5296174835197,-33.4192021603302],[-70.5296170608708,-33.4194962532601],[-70.5296164098015,-33.4199496282329],[-70.5296163244759,-33.4200089646651],[-70.5296161487919,-33.4201312747487],[-70.5296237050462,-33.4214328738949],[-70.5296237948368,-33.4214482944094],[-70.5296251962925,-33.4216897039639],[-70.5296269844227,-33.4218558485249],[-70.529630364648,-33.4219555477453],[-70.5313344987075,-33.420588564035],[-70.532545437687,-33.4195895458111],[-70.5330280655519,-33.4191598149377],[-70.5331613473826,-33.4189720483392],[-70.5332435047517,-33.4187896853104],[-70.5336486338357,-33.4173788903076],[-70.5338561277065,-33.41673479584],[-70.5339973098993,-33.4160938019415],[-70.533914974612,-33.4160926386536],[-70.533450343832,-33.4160928628497],[-70.533272109606,-33.4160929478702],[-70.5331942363085,-33.4161048237967],[-70.5330577561415,-33.4160130855238],[-70.5327944691311,-33.4158361121482],[-70.5315974848217,-33.415725626526],[-70.5295583946933,-33.4156845935771],[-70.5295535691169,-33.4158596119888],[-70.5295525829068,-33.4158891687567]],[[-70.5325987260813,-33.417272286679],[-70.5326654424345,-33.4168900440293],[-70.5336859649977,-33.4169896622718],[-70.5335948350051,-33.4172741293714],[-70.5335790188314,-33.4173338902666],[-70.5325987260813,-33.417272286679]],[[-70.5301197165641,-33.420264788405],[-70.5301197150984,-33.4201274566121],[-70.5305927620075,-33.420123638811],[-70.5308751382067,-33.4201224731978],[-70.5304119124363,-33.4204938918052],[-70.5305088396548,-33.4205814142228],[-70.530119720832,-33.4208865962891],[-70.5301197165641,-33.420264788405]]]},"properties":{"ZONA":"UC3/EAb2","NOMBRE":"UC3/EAb2 Zona de Uso de Taller y Comercio Menor/ Edificación Aislada Baja Nº2"}},{"type":"Feature","geometry":{"type":"Polygon","coordinates":[[[-70.5507735705755,-33.4216608766611],[-70.5511092821239,-33.4216990218452],[-70.5511703172432,-33.4212793953689],[-70.5512694989445,-33.4206346960579],[-70.5503691906892,-33.4215082871224],[-70.5505599369405,-33.4216150997495],[-70.5506591238808,-33.4216418033133],[-70.5507735705755,-33.4216608766611]]]},"properties":{"ZONA":"AV","NOMBRE":"AV Zona de Áreas Verdes"}},{"type":"Feature","geometry":{"type":"Polygon","coordinates":[[[-70.5321684963648,-33.3853397855223],[-70.5317687615296,-33.3856433640522],[-70.5312333730665,-33.3860499611885],[-70.5297684637099,-33.3872211093864],[-70.5279373273452,-33.3887241455741],[-70.527064141539,-33.3894643469132],[-70.5271422346053,-33.3895621649539],[-70.5273321389182,-33.3897607407286],[-70.527430171203,-33.3898586892077],[-70.5276605949088,-33.3900645892252],[-70.5277993372994,-33.3901803005086],[-70.5278643672891,-33.3902355986788],[-70.5281133409457,-33.3904360566762],[-70.5281793960359,-33.3904822107795],[-70.5282546375007,-33.3905204209039],[-70.528451624646,-33.3905910563474],[-70.5285642371267,-33.3906340267502],[-70.5286395256439,-33.3906748460199],[-70.5288689483746,-33.3908233557481],[-70.5289509002821,-33.3908630492723],[-70.5292082974925,-33.3909696616363],[-70.5292501211749,-33.3909869848277],[-70.5294240121505,-33.3910544564658],[-70.5295491483454,-33.3910993232969],[-70.5300629121006,-33.3912457474608],[-70.5302434708636,-33.3912995988872],[-70.5304017715787,-33.3913487030685],[-70.5310090556855,-33.391597861377],[-70.5310228914175,-33.3916057820786],[-70.5324167537669,-33.3903607012161],[-70.5335872237124,-33.3915399213203],[-70.5334002811779,-33.3916691287802],[-70.5333573555589,-33.3917006000326],[-70.5336289408944,-33.391964434378],[-70.5357457739446,-33.3904788774659],[-70.5358877480551,-33.3906101478655],[-70.5362990447413,-33.3910858667777],[-70.5364598214764,-33.3910167817644],[-70.5368794588869,-33.3908451135459],[-70.5371312408973,-33.3907497423397],[-70.5372304288649,-33.3908374821227],[-70.5375203645373,-33.3912304033537],[-70.5375582719915,-33.3912892240646],[-70.5378362860784,-33.3916841229742],[-70.5381768382284,-33.3921664452162],[-70.5382429775393,-33.3922484332845],[-70.53830853721,-33.3922201464646],[-70.5387842135885,-33.3919862111918],[-70.5389295570245,-33.3919144582292],[-70.5390694498232,-33.3918401050338],[-70.5392912410049,-33.3917310118312],[-70.5393495240807,-33.3917007991059],[-70.539722062971,-33.3915076770156],[-70.5399311949583,-33.3913987460964],[-70.5404344110293,-33.3911593420918],[-70.5407564228282,-33.3910710450688],[-70.5400961136278,-33.390290590765],[-70.5401409192823,-33.390265194012],[-70.5403405724724,-33.3901520232502],[-70.5403259519061,-33.3901337745121],[-70.5402477012114,-33.3900361058733],[-70.5402737199158,-33.39002175729],[-70.540351006195,-33.3899791368185],[-70.5403682335407,-33.3899739690803],[-70.540280303875,-33.3898556951624],[-70.5403178346735,-33.3898300216025],[-70.5400174095673,-33.3894990356444],[-70.5398741867458,-33.3893438945628],[-70.5397836503452,-33.3892102002805],[-70.5397670815526,-33.3891720501302],[-70.5397293093604,-33.3890850798047],[-70.5397061249479,-33.3891051108433],[-70.5396869299034,-33.389115801496],[-70.5395905461995,-33.389157737724],[-70.5394512856815,-33.3889904242659],[-70.5393692560238,-33.3888033580297],[-70.5390329985053,-33.388383428786],[-70.538520106964,-33.3877368338557],[-70.5379728217054,-33.3879941648285],[-70.5374667831872,-33.3873633322594],[-70.5370780716845,-33.3869338671915],[-70.5368592383873,-33.3871059953009],[-70.5366188799285,-33.3868631982529],[-70.5367619815695,-33.3867516624569],[-70.5364322095005,-33.3864383868759],[-70.5364694617625,-33.3864143114961],[-70.536040140942,-33.3860003400015],[-70.5358492679773,-33.3861469513151],[-70.5351794865691,-33.3855614694272],[-70.5352412514374,-33.3855153682094],[-70.5342528882366,-33.3848776007189],[-70.5338885328853,-33.3851801740251],[-70.5337699458235,-33.3852765824822],[-70.5328890370973,-33.3859927298127],[-70.5328506721565,-33.3860228539819],[-70.5321684963648,-33.3853397855223]],[[-70.5343950696376,-33.3873068989532],[-70.5349185686922,-33.3868815623487],[-70.5349382215613,-33.386866086043],[-70.5359555922218,-33.3877616094496],[-70.5353914571498,-33.3881793148972],[-70.5343950696376,-33.3873068989532]],[[-70.5366200420231,-33.3904293034445],[-70.5364521869467,-33.3903835271128],[-70.5363148500193,-33.3903682692423],[-70.536162253932,-33.3903491959132],[-70.5360783268656,-33.3903377524143],[-70.5359562500233,-33.3903148640406],[-70.5359791385918,-33.3902690867587],[-70.5360096571429,-33.3902423829893],[-70.5360478061894,-33.3902118646088],[-70.5360935850859,-33.3901813455521],[-70.5364750723757,-33.3899600855956],[-70.5364985855319,-33.3899463396935],[-70.5365126319829,-33.3899389139573],[-70.5365283324913,-33.3899356144538],[-70.5365589062437,-33.3899364389114],[-70.5366109639706,-33.3899446882994],[-70.5367039662614,-33.3899600845981],[-70.5367028075335,-33.390025641065],[-70.5367208078717,-33.390159427068],[-70.5367726375772,-33.3903835258223],[-70.5367344900479,-33.3904750808609],[-70.5366200420231,-33.3904293034445]]]},"properties":{"ZONA":"UV1/EAb3","NOMBRE":"UV1/EAb3 Zona de Uso de Vivienda N°1 Equipamiento en (Baja Intensidad)/ Edificación Aislada Baja N"}},{"type":"Feature","geometry":{"type":"Polygon","coordinates":[[[-70.5517270499637,-33.3930652308015],[-70.5521540065018,-33.3932234235153],[-70.552384176379,-33.3927970688151],[-70.5523731080426,-33.3927929559826],[-70.5519559400978,-33.3926379729777],[-70.5517270499637,-33.3930652308015]]]},"properties":{"ZONA":"AV","NOMBRE":"AV Zona de Áreas Verdes"}},{"type":"Feature","geometry":{"type":"Polygon","coordinates":[[[-70.5501760949964,-33.3941312327415],[-70.5508191196121,-33.3947857044577],[-70.5511548291546,-33.3946407408221],[-70.5513379434019,-33.3945644437882],[-70.5511786226864,-33.3944820100776],[-70.5505366959759,-33.394242159874],[-70.5501760949964,-33.3941312327415]]]},"properties":{"ZONA":"AV","NOMBRE":"AV Zona de Áreas Verdes"}},{"type":"Feature","geometry":{"type":"Polygon","coordinates":[[[-70.5523109055792,-33.396772826509],[-70.5524404344586,-33.3969776191058],[-70.5527342152071,-33.3968761957831],[-70.5527876429196,-33.396857612778],[-70.5525773481364,-33.3963505648104],[-70.5521772374349,-33.3964947210474],[-70.5521448960686,-33.3965103524778],[-70.5523109055792,-33.396772826509]]]},"properties":{"ZONA":"AV","NOMBRE":"AV Zona de Áreas Verdes"}},{"type":"Feature","geometry":{"type":"Polygon","coordinates":[[[-70.5554863842906,-33.3964625060648],[-70.5555010759725,-33.3968296879405],[-70.555722682937,-33.3968197630445],[-70.5557851502601,-33.3968180291694],[-70.5558356088632,-33.3968233413893],[-70.5560220256514,-33.3968806084449],[-70.5563454216642,-33.3969818166091],[-70.5563420329935,-33.3965936613215],[-70.556052561942,-33.3965952315273],[-70.5560077485162,-33.3965934433599],[-70.5559593508068,-33.3965844943614],[-70.5554863842906,-33.3964625060648]]]},"properties":{"ZONA":"AV","NOMBRE":"AV Zona de Áreas Verdes"}},{"type":"Feature","geometry":{"type":"Polygon","coordinates":[[[-70.552992677796,-33.3987526673382],[-70.5531853564024,-33.398965018716],[-70.5532984294937,-33.3989057828488],[-70.5534739256212,-33.3988160295071],[-70.5536281353576,-33.3987463615105],[-70.5537239129263,-33.3987104706537],[-70.5539061917607,-33.398670191032],[-70.5539925461341,-33.3986575476991],[-70.5539366049771,-33.3983889646317],[-70.5537032952958,-33.3984364948378],[-70.5535819418353,-33.3984727059541],[-70.5534841668678,-33.3985069713277],[-70.5533669543017,-33.3985546920804],[-70.5532166811339,-33.3986243104675],[-70.5530977351589,-33.3986852701612],[-70.552992677796,-33.3987526673382]]]},"properties":{"ZONA":"AV","NOMBRE":"AV Zona de Áreas Verdes"}},{"type":"Feature","geometry":{"type":"Polygon","coordinates":[[[-70.5559387470573,-33.3992146407037],[-70.5559921576146,-33.3994473428858],[-70.5564575727657,-33.3992947479076],[-70.5564567439339,-33.3991334078276],[-70.5559267061566,-33.3991454098584],[-70.5559387470573,-33.3992146407037]]]},"properties":{"ZONA":"AV","NOMBRE":"AV Zona de Áreas Verdes"}},{"type":"Feature","geometry":{"type":"Polygon","coordinates":[[[-70.5621554932953,-33.3989740908727],[-70.5622051771707,-33.3989838473126],[-70.5622379271282,-33.3989695924675],[-70.5622621182862,-33.3989381416583],[-70.5623285165065,-33.3987721683467],[-70.562349745875,-33.3987224211758],[-70.5623562313437,-33.3986728623833],[-70.5623554012474,-33.3986264872488],[-70.562336363685,-33.3985927102345],[-70.562313915782,-33.3985744383271],[-70.5622694084582,-33.3985595375388],[-70.5619678834109,-33.3984815925763],[-70.5618333497772,-33.3988889144917],[-70.5621554932953,-33.3989740908727]]]},"properties":{"ZONA":"AV","NOMBRE":"AV Zona de Áreas Verdes"}},{"type":"Feature","geometry":{"type":"Polygon","coordinates":[[[-70.5592119165655,-33.3979938894144],[-70.5593733114971,-33.39804751031],[-70.5594397813067,-33.3979299829828],[-70.5594606803634,-33.3978511333039],[-70.5595031826483,-33.3977613179595],[-70.5591015931595,-33.3976266177896],[-70.5587059540568,-33.3974927740471],[-70.5585328615329,-33.397532304042],[-70.5584564236617,-33.3976916701802],[-70.5588151666122,-33.3978718183069],[-70.5592119165655,-33.3979938894144]]]},"properties":{"ZONA":"AV","NOMBRE":"AV Zona de Áreas Verdes"}},{"type":"Feature","geometry":{"type":"Polygon","coordinates":[[[-70.5974752130176,-33.4208589726774],[-70.5966286117659,-33.4214889332121],[-70.5965143515901,-33.4215411550847],[-70.5964539954417,-33.421586614506],[-70.5961293189459,-33.4218382199956],[-70.5960601676104,-33.4218918088621],[-70.5945075424852,-33.423094971632],[-70.5936759006449,-33.4237434910243],[-70.592799933661,-33.424410309839],[-70.5927230373296,-33.4244782932056],[-70.5926412380609,-33.4245345795231],[-70.592088624353,-33.4249731254625],[-70.5914861656384,-33.4254334540922],[-70.5913822527129,-33.4255164643847],[-70.5908223782329,-33.4259637141601],[-70.5906926731654,-33.426093417354],[-70.5905858569727,-33.4261582696503],[-70.5899779897092,-33.4266310526675],[-70.5893498391428,-33.4271196025574],[-70.5886173833517,-33.42768801048],[-70.5878391505296,-33.4283021959783],[-70.5875263311938,-33.4285768626489],[-70.587236401032,-33.4288057513546],[-70.586702319678,-33.429278788132],[-70.5862597958466,-33.4296907874555],[-70.5856570467216,-33.4302363060166],[-70.5855426013202,-33.4303164169463],[-70.5853442250316,-33.4304003433305],[-70.5852694216512,-33.4304385239428],[-70.5848482948718,-33.4308962692487],[-70.5844668085897,-33.4313158981768],[-70.5841880654631,-33.4316487605758],[-70.5841199586897,-33.4316814042466],[-70.5841207541085,-33.4316814941891],[-70.5842469482785,-33.431695739003],[-70.5843960649271,-33.4317267626046],[-70.5844369335575,-33.4316870843769],[-70.5850455385359,-33.4310962018821],[-70.5856007877819,-33.4305571122494],[-70.5857402727835,-33.4304356095315],[-70.5859366929296,-33.4302645105766],[-70.5865735652399,-33.4297097332145],[-70.5873639428221,-33.4290212246653],[-70.5874647072358,-33.4289334457485],[-70.5878570561784,-33.4286082770218],[-70.588821553261,-33.4278089096339],[-70.5896374430829,-33.4271740757043],[-70.5904332366868,-33.4265548634056],[-70.5908956632633,-33.4261950406536],[-70.5923613999828,-33.4250542706481],[-70.5929229832627,-33.4246171820071],[-70.5931803684279,-33.4244171532344],[-70.5940539516475,-33.4237382299929],[-70.5944415486426,-33.4234369944403],[-70.5952531245268,-33.4227942546026],[-70.5953317343178,-33.4227319977835],[-70.5965914950936,-33.4217342798591],[-70.5968363503363,-33.4215544501466],[-70.5969074956599,-33.4215021987602],[-70.5973042398942,-33.4212108137333],[-70.5978371904845,-33.4208193886149],[-70.5983771961765,-33.4204227758548],[-70.598617642596,-33.4202569266109],[-70.5992274944185,-33.4198362741618],[-70.5992648003829,-33.4198085368664],[-70.599276131225,-33.4196501913034],[-70.5992185690736,-33.4196573212779],[-70.5991704706265,-33.4196706610004],[-70.5990983215493,-33.4196973405589],[-70.5990395353018,-33.4197213524018],[-70.5989830267687,-33.4197554516659],[-70.5986789810815,-33.4199777521898],[-70.5986690470037,-33.4199850146813],[-70.5984658604624,-33.4201335717335],[-70.5984517366633,-33.4201438985423],[-70.5975609452317,-33.4207951779951],[-70.5974752130176,-33.4208589726774]]]},"properties":{"ZONA":"UEe3/Ee3","NOMBRE":"UEe3/Ee3 Zona Especial 3 Área de Parques"}},{"type":"Feature","geometry":{"type":"Polygon","coordinates":[[[-70.5572177751333,-33.4052709834325],[-70.5577287402754,-33.4049113679976],[-70.5574876416604,-33.4047689607733],[-70.5568162185013,-33.404318820414],[-70.5568203319935,-33.4043381431692],[-70.5568769299073,-33.4046040323491],[-70.5570145929028,-33.4048681473791],[-70.5572177751333,-33.4052709834325]]]},"properties":{"ZONA":"AV","NOMBRE":"AV Zona de Áreas Verdes"}},{"type":"Feature","geometry":{"type":"Polygon","coordinates":[[[-70.5650640005158,-33.4020375275098],[-70.5654531206028,-33.4021977466886],[-70.5656038975373,-33.4019429402294],[-70.5652150199951,-33.4017830656541],[-70.5650640005158,-33.4020375275098]]]},"properties":{"ZONA":"AV","NOMBRE":"AV Zona de Áreas Verdes"}},{"type":"Feature","geometry":{"type":"Polygon","coordinates":[[[-70.5639271570918,-33.401556871877],[-70.5634998876052,-33.4013775792854],[-70.5634017136103,-33.4015464805823],[-70.5638227163946,-33.4017309407102],[-70.5639271570918,-33.401556871877]]]},"properties":{"ZONA":"AV","NOMBRE":"AV Zona de Áreas Verdes"}},{"type":"Feature","geometry":{"type":"Polygon","coordinates":[[[-70.5540009650707,-33.4209932695993],[-70.5540776520125,-33.4213845887775],[-70.5542860176212,-33.421345015485],[-70.5542069713273,-33.4209627498779],[-70.5540009650707,-33.4209932695993]]]},"properties":{"ZONA":"AV","NOMBRE":"AV Zona de Áreas Verdes"}},{"type":"Feature","geometry":{"type":"Polygon","coordinates":[[[-70.553733548802,-33.4197328660129],[-70.5537605887591,-33.4198878250387],[-70.5538208874514,-33.4198813888778],[-70.5539538190781,-33.4198636245326],[-70.5539752020036,-33.4198595679599],[-70.5539819083761,-33.4198556979838],[-70.5539862892863,-33.419848066689],[-70.5539882942081,-33.4198338384051],[-70.5539704644115,-33.4197204292911],[-70.5539657629561,-33.4197100700808],[-70.5539600169251,-33.4197044613522],[-70.5539498055989,-33.4197017475805],[-70.5539250020725,-33.4197039531309],[-70.553733548802,-33.4197328660129]]]},"properties":{"ZONA":"AV","NOMBRE":"AV Zona de Áreas Verdes"}},{"type":"Feature","geometry":{"type":"Polygon","coordinates":[[[-70.5625588669316,-33.4191479299239],[-70.5627758944062,-33.4195913899407],[-70.5627669015937,-33.4195111480616],[-70.562768128395,-33.419439230391],[-70.5627794698727,-33.4193693018962],[-70.5628185191705,-33.4192990242577],[-70.5628626751081,-33.4192329164144],[-70.5629073309656,-33.4191942895573],[-70.5630194094881,-33.4191230915467],[-70.5631219870097,-33.419083733738],[-70.5632601211072,-33.4190608480738],[-70.5631141599422,-33.419069030421],[-70.5629834285423,-33.4190833633367],[-70.5627723332556,-33.4191114022245],[-70.5626617845118,-33.419127598018],[-70.5625588669316,-33.4191479299239]]]},"properties":{"ZONA":"AV","NOMBRE":"AV Zona de Áreas Verdes"}}]}